Gfx mario_mario_button_ci8_aligner[] = {gsSPEndDisplayList()};
u8 mario_mario_button_ci8[] = {
	0x00, 0x00, 0x00, 0x00, 0x00, 0x00, 0x00, 0x00, 
	0x00, 0x00, 0x00, 0x00, 0x00, 0x00, 0x00, 0x00, 
	0x00, 0x00, 0x00, 0x00, 0x00, 0x00, 0x00, 0x00, 
	0x00, 0x00, 0x00, 0x00, 0x00, 0x00, 0x00, 0x00, 
	0x00, 0x00, 0x00, 0x00, 0x00, 0x00, 0x00, 0x00, 
	0x00, 0x00, 0x00, 0x00, 0x00, 0x00, 0x00, 0x00, 
	0x00, 0x00, 0x00, 0x00, 0x00, 0x00, 0x00, 0x00, 
	0x00, 0x00, 0x00, 0x00, 0x00, 0x00, 0x00, 0x00, 
	0x00, 0x00, 0x00, 0x00, 0x00, 0x00, 0x00, 0x00, 
	0x00, 0x00, 0x00, 0x00, 0x00, 0x00, 0x00, 0x00, 
	0x00, 0x00, 0x00, 0x00, 0x00, 0x00, 0x00, 0x00, 
	0x00, 0x00, 0x00, 0x00, 0x00, 0x00, 0x00, 0x00, 
	0x00, 0x00, 0x00, 0x00, 0x00, 0x00, 0x00, 0x00, 
	0x00, 0x00, 0x00, 0x00, 0x01, 0x02, 0x02, 0x02, 
	0x02, 0x03, 0x02, 0x00, 0x00, 0x00, 0x00, 0x00, 
	0x00, 0x00, 0x00, 0x00, 0x00, 0x00, 0x00, 0x00, 
	0x00, 0x00, 0x00, 0x00, 0x00, 0x00, 0x00, 0x00, 
	0x00, 0x02, 0x02, 0x01, 0x04, 0x04, 0x04, 0x04, 
	0x04, 0x01, 0x02, 0x01, 0x02, 0x02, 0x00, 0x00, 
	0x00, 0x00, 0x00, 0x00, 0x00, 0x00, 0x00, 0x00, 
	0x00, 0x00, 0x00, 0x00, 0x00, 0x00, 0x00, 0x00, 
	0x04, 0x01, 0x04, 0x04, 0x04, 0x04, 0x04, 0x04, 
	0x04, 0x04, 0x04, 0x04, 0x01, 0x02, 0x01, 0x00, 
	0x00, 0x00, 0x00, 0x00, 0x00, 0x00, 0x00, 0x00, 
	0x00, 0x00, 0x00, 0x00, 0x00, 0x00, 0x01, 0x04, 
	0x04, 0x04, 0x04, 0x04, 0x04, 0x04, 0x04, 0x04, 
	0x04, 0x04, 0x04, 0x04, 0x04, 0x04, 0x01, 0x02, 
	0x02, 0x00, 0x00, 0x00, 0x00, 0x00, 0x00, 0x00, 
	0x00, 0x00, 0x00, 0x00, 0x00, 0x01, 0x01, 0x04, 
	0x04, 0x04, 0x04, 0x04, 0x04, 0x04, 0x04, 0x04, 
	0x04, 0x04, 0x04, 0x04, 0x04, 0x04, 0x04, 0x01, 
	0x03, 0x02, 0x00, 0x00, 0x00, 0x00, 0x00, 0x00, 
	0x00, 0x00, 0x00, 0x00, 0x00, 0x04, 0x04, 0x04, 
	0x04, 0x04, 0x04, 0x04, 0x04, 0x04, 0x04, 0x04, 
	0x04, 0x04, 0x04, 0x04, 0x04, 0x04, 0x04, 0x04, 
	0x01, 0x02, 0x00, 0x00, 0x00, 0x00, 0x00, 0x00, 
	0x00, 0x00, 0x00, 0x00, 0x01, 0x04, 0x04, 0x04, 
	0x04, 0x04, 0x04, 0x04, 0x04, 0x04, 0x04, 0x04, 
	0x04, 0x04, 0x04, 0x04, 0x04, 0x04, 0x04, 0x04, 
	0x04, 0x01, 0x01, 0x00, 0x00, 0x00, 0x00, 0x00, 
	0x00, 0x00, 0x00, 0x02, 0x02, 0x04, 0x04, 0x04, 
	0x04, 0x04, 0x04, 0x04, 0x04, 0x04, 0x04, 0x04, 
	0x04, 0x04, 0x04, 0x04, 0x04, 0x04, 0x04, 0x04, 
	0x04, 0x04, 0x02, 0x02, 0x00, 0x00, 0x00, 0x00, 
	0x00, 0x00, 0x00, 0x03, 0x02, 0x04, 0x04, 0x04, 
	0x04, 0x04, 0x04, 0x04, 0x04, 0x04, 0x04, 0x04, 
	0x04, 0x04, 0x04, 0x04, 0x04, 0x04, 0x04, 0x04, 
	0x04, 0x04, 0x01, 0x02, 0x00, 0x00, 0x00, 0x00, 
	0x00, 0x00, 0x00, 0x03, 0x02, 0x04, 0x04, 0x04, 
	0x04, 0x04, 0x04, 0x04, 0x04, 0x04, 0x04, 0x04, 
	0x04, 0x04, 0x04, 0x04, 0x04, 0x04, 0x04, 0x04, 
	0x04, 0x04, 0x04, 0x01, 0x00, 0x00, 0x00, 0x00, 
	0x00, 0x00, 0x05, 0x05, 0x02, 0x04, 0x04, 0x04, 
	0x04, 0x04, 0x04, 0x04, 0x04, 0x04, 0x04, 0x04, 
	0x04, 0x04, 0x04, 0x04, 0x04, 0x04, 0x04, 0x04, 
	0x04, 0x04, 0x04, 0x02, 0x06, 0x00, 0x00, 0x00, 
	0x00, 0x00, 0x07, 0x08, 0x03, 0x04, 0x04, 0x04, 
	0x04, 0x04, 0x04, 0x04, 0x04, 0x04, 0x04, 0x04, 
	0x04, 0x04, 0x04, 0x04, 0x04, 0x04, 0x04, 0x04, 
	0x04, 0x04, 0x04, 0x02, 0x03, 0x00, 0x00, 0x00, 
	0x00, 0x00, 0x09, 0x09, 0x05, 0x01, 0x04, 0x04, 
	0x04, 0x04, 0x04, 0x04, 0x04, 0x04, 0x04, 0x04, 
	0x04, 0x04, 0x04, 0x04, 0x04, 0x04, 0x04, 0x04, 
	0x04, 0x04, 0x01, 0x03, 0x03, 0x00, 0x00, 0x00, 
	0x00, 0x00, 0x0a, 0x0b, 0x09, 0x03, 0x04, 0x04, 
	0x04, 0x04, 0x04, 0x04, 0x04, 0x04, 0x04, 0x04, 
	0x04, 0x04, 0x04, 0x04, 0x04, 0x04, 0x04, 0x04, 
	0x04, 0x04, 0x01, 0x03, 0x03, 0x00, 0x00, 0x00, 
	0x00, 0x00, 0x0b, 0x0c, 0x0d, 0x08, 0x04, 0x04, 
	0x04, 0x04, 0x04, 0x04, 0x04, 0x04, 0x04, 0x04, 
	0x04, 0x04, 0x04, 0x04, 0x04, 0x04, 0x04, 0x04, 
	0x04, 0x04, 0x01, 0x05, 0x05, 0x00, 0x00, 0x00, 
	0x00, 0x00, 0x0b, 0x0c, 0x0e, 0x0f, 0x03, 0x04, 
	0x04, 0x04, 0x04, 0x04, 0x04, 0x04, 0x04, 0x04, 
	0x04, 0x04, 0x04, 0x04, 0x04, 0x04, 0x04, 0x04, 
	0x04, 0x04, 0x03, 0x0f, 0x07, 0x00, 0x00, 0x00, 
	0x00, 0x00, 0x10, 0x0c, 0x11, 0x12, 0x13, 0x02, 
	0x04, 0x04, 0x04, 0x04, 0x04, 0x04, 0x04, 0x04, 
	0x04, 0x04, 0x04, 0x04, 0x04, 0x04, 0x04, 0x04, 
	0x04, 0x03, 0x14, 0x0d, 0x15, 0x00, 0x00, 0x00, 
	0x00, 0x00, 0x00, 0x16, 0x0c, 0x12, 0x17, 0x13, 
	0x03, 0x04, 0x04, 0x04, 0x04, 0x04, 0x04, 0x04, 
	0x04, 0x04, 0x04, 0x04, 0x04, 0x04, 0x04, 0x02, 
	0x18, 0x13, 0x19, 0x13, 0x00, 0x00, 0x00, 0x00, 
	0x00, 0x00, 0x00, 0x16, 0x1a, 0x11, 0x1b, 0x1c, 
	0x1d, 0x1e, 0x01, 0x04, 0x04, 0x04, 0x04, 0x04, 
	0x04, 0x04, 0x04, 0x04, 0x04, 0x04, 0x05, 0x1f, 
	0x1d, 0x12, 0x11, 0x14, 0x00, 0x00, 0x00, 0x00, 
	0x00, 0x00, 0x00, 0x10, 0x1a, 0x1a, 0x11, 0x20, 
	0x21, 0x17, 0x22, 0x18, 0x02, 0x04, 0x04, 0x04, 
	0x04, 0x04, 0x02, 0x23, 0x1f, 0x24, 0x1d, 0x17, 
	0x17, 0x12, 0x0e, 0x25, 0x00, 0x00, 0x00, 0x00, 
	0x00, 0x00, 0x00, 0x00, 0x09, 0x1a, 0x1a, 0x11, 
	0x20, 0x21, 0x21, 0x1c, 0x17, 0x1d, 0x22, 0x24, 
	0x22, 0x1d, 0x17, 0x1c, 0x21, 0x26, 0x1c, 0x17, 
	0x11, 0x0e, 0x09, 0x00, 0x00, 0x00, 0x00, 0x00, 
	0x00, 0x00, 0x00, 0x00, 0x00, 0x0a, 0x1a, 0x1a, 
	0x11, 0x1b, 0x20, 0x27, 0x28, 0x28, 0x27, 0x21, 
	0x27, 0x27, 0x21, 0x21, 0x1c, 0x12, 0x19, 0x0e, 
	0x0b, 0x0a, 0x00, 0x00, 0x00, 0x00, 0x00, 0x00, 
	0x00, 0x00, 0x00, 0x00, 0x00, 0x10, 0x1a, 0x1a, 
	0x1a, 0x0e, 0x11, 0x12, 0x1b, 0x1c, 0x1c, 0x1c, 
	0x1c, 0x17, 0x12, 0x19, 0x0d, 0x0b, 0x29, 0x29, 
	0x2a, 0x09, 0x00, 0x00, 0x00, 0x00, 0x00, 0x00, 
	0x00, 0x00, 0x00, 0x00, 0x00, 0x00, 0x10, 0x0a, 
	0x1a, 0x1a, 0x1a, 0x1a, 0x0e, 0x0e, 0x0e, 0x0e, 
	0x0b, 0x0b, 0x0a, 0x0a, 0x2b, 0x2b, 0x29, 0x2c, 
	0x09, 0x00, 0x00, 0x00, 0x00, 0x00, 0x00, 0x00, 
	0x00, 0x00, 0x00, 0x00, 0x00, 0x00, 0x00, 0x00, 
	0x10, 0x0e, 0x1a, 0x1a, 0x1a, 0x0b, 0x29, 0x29, 
	0x29, 0x0a, 0x2b, 0x29, 0x29, 0x29, 0x07, 0x00, 
	0x00, 0x00, 0x00, 0x00, 0x00, 0x00, 0x00, 0x00, 
	0x00, 0x00, 0x00, 0x00, 0x00, 0x00, 0x00, 0x00, 
	0x00, 0x10, 0x0b, 0x0b, 0x1a, 0x1a, 0x1a, 0x1a, 
	0x1a, 0x1a, 0x2a, 0x0a, 0x0a, 0x09, 0x00, 0x00, 
	0x00, 0x00, 0x00, 0x00, 0x00, 0x00, 0x00, 0x00, 
	0x00, 0x00, 0x00, 0x00, 0x00, 0x00, 0x00, 0x00, 
	0x00, 0x00, 0x00, 0x00, 0x10, 0x0b, 0x0a, 0x0a, 
	0x0a, 0x0a, 0x09, 0x00, 0x00, 0x00, 0x00, 0x00, 
	0x00, 0x00, 0x00, 0x00, 0x00, 0x00, 0x00, 0x00, 
	0x00, 0x00, 0x00, 0x00, 0x00, 0x00, 0x00, 0x00, 
	0x00, 0x00, 0x00, 0x00, 0x00, 0x00, 0x00, 0x00, 
	0x00, 0x00, 0x00, 0x00, 0x00, 0x00, 0x00, 0x00, 
	0x00, 0x00, 0x00, 0x00, 0x00, 0x00, 0x00, 0x00, 
	0x00, 0x00, 0x00, 0x00, 0x00, 0x00, 0x00, 0x00, 
	0x00, 0x00, 0x00, 0x00, 0x00, 0x00, 0x00, 0x00, 
	0x00, 0x00, 0x00, 0x00, 0x00, 0x00, 0x00, 0x00, 
	0x00, 0x00, 0x00, 0x00, 0x00, 0x00, 0x00, 0x00, 
	
};

Gfx mario_mario_button_pal_rgba16_aligner[] = {gsSPEndDisplayList()};
u8 mario_mario_button_pal_rgba16[] = {
	0xff, 0xfe, 0xf7, 0x41, 0xf7, 0x01, 0xf6, 0xc1, 
	0xf7, 0x81, 0xf6, 0x81, 0xf7, 0x03, 0xf6, 0x01, 
	0xf6, 0x41, 0xf5, 0xc1, 0xed, 0x41, 0xe5, 0x01, 
	0xdc, 0x81, 0xdd, 0x01, 0xdc, 0xc1, 0xed, 0x81, 
	0xed, 0xc1, 0xd4, 0x81, 0xcc, 0x81, 0xdd, 0x41, 
	0xe5, 0x81, 0xf6, 0x07, 0xe5, 0x41, 0xc4, 0x81, 
	0xee, 0x01, 0xd4, 0xc1, 0xe4, 0xc1, 0xc4, 0x41, 
	0xbc, 0x41, 0xcc, 0xc1, 0xe6, 0x01, 0xdd, 0x81, 
	0xbc, 0x01, 0xb4, 0x01, 0xd5, 0x01, 0xee, 0x41, 
	0xd5, 0x41, 0xf6, 0x05, 0xb4, 0x41, 0xb3, 0xc1, 
	0xab, 0xc1, 0xed, 0x01, 0xec, 0xc1, 0xf5, 0x41, 
	0xf5, 0x81, 
};

Gfx mario_SM64_Luigi_Hat_ci8_aligner[] = {gsSPEndDisplayList()};
u8 mario_SM64_Luigi_Hat_ci8[] = {
	0x00, 0x00, 0x00, 0x00, 0x00, 0x00, 0x00, 0x00, 
	0x00, 0x00, 0x00, 0x00, 0x00, 0x00, 0x00, 0x00, 
	0x00, 0x00, 0x00, 0x00, 0x00, 0x00, 0x00, 0x00, 
	0x00, 0x00, 0x00, 0x00, 0x00, 0x00, 0x00, 0x00, 
	0x00, 0x00, 0x00, 0x00, 0x00, 0x00, 0x00, 0x00, 
	0x00, 0x00, 0x00, 0x00, 0x00, 0x00, 0x00, 0x00, 
	0x00, 0x00, 0x00, 0x00, 0x00, 0x00, 0x00, 0x00, 
	0x00, 0x00, 0x00, 0x00, 0x00, 0x00, 0x00, 0x00, 
	0x00, 0x00, 0x00, 0x00, 0x00, 0x00, 0x00, 0x00, 
	0x00, 0x00, 0x00, 0x00, 0x00, 0x00, 0x00, 0x00, 
	0x00, 0x00, 0x00, 0x00, 0x00, 0x00, 0x00, 0x00, 
	0x00, 0x00, 0x00, 0x00, 0x00, 0x00, 0x00, 0x00, 
	0x00, 0x00, 0x00, 0x00, 0x00, 0x00, 0x00, 0x00, 
	0x00, 0x00, 0x00, 0x00, 0x00, 0x00, 0x00, 0x00, 
	0x00, 0x00, 0x00, 0x00, 0x00, 0x00, 0x00, 0x00, 
	0x00, 0x00, 0x00, 0x00, 0x00, 0x00, 0x00, 0x00, 
	0x00, 0x00, 0x00, 0x00, 0x00, 0x00, 0x00, 0x00, 
	0x00, 0x00, 0x00, 0x00, 0x00, 0x00, 0x00, 0x00, 
	0x00, 0x00, 0x00, 0x00, 0x00, 0x00, 0x00, 0x00, 
	0x00, 0x00, 0x00, 0x00, 0x00, 0x00, 0x00, 0x00, 
	0x00, 0x00, 0x00, 0x00, 0x00, 0x00, 0x00, 0x00, 
	0x00, 0x00, 0x00, 0x00, 0x01, 0x01, 0x01, 0x01, 
	0x01, 0x01, 0x00, 0x00, 0x00, 0x00, 0x00, 0x00, 
	0x00, 0x00, 0x00, 0x00, 0x00, 0x00, 0x00, 0x00, 
	0x00, 0x00, 0x00, 0x00, 0x00, 0x00, 0x00, 0x00, 
	0x00, 0x00, 0x01, 0x01, 0x01, 0x01, 0x01, 0x01, 
	0x01, 0x01, 0x01, 0x01, 0x00, 0x00, 0x00, 0x00, 
	0x00, 0x00, 0x00, 0x00, 0x00, 0x00, 0x00, 0x00, 
	0x00, 0x00, 0x00, 0x00, 0x00, 0x00, 0x00, 0x00, 
	0x01, 0x01, 0x01, 0x01, 0x01, 0x01, 0x01, 0x01, 
	0x01, 0x01, 0x01, 0x01, 0x01, 0x01, 0x00, 0x00, 
	0x00, 0x00, 0x00, 0x00, 0x00, 0x00, 0x00, 0x00, 
	0x00, 0x00, 0x00, 0x00, 0x00, 0x00, 0x00, 0x01, 
	0x01, 0x01, 0x02, 0x03, 0x04, 0x05, 0x01, 0x01, 
	0x01, 0x01, 0x01, 0x01, 0x01, 0x01, 0x01, 0x00, 
	0x00, 0x00, 0x00, 0x00, 0x00, 0x00, 0x00, 0x00, 
	0x00, 0x00, 0x00, 0x00, 0x00, 0x00, 0x00, 0x01, 
	0x01, 0x01, 0x06, 0x03, 0x03, 0x03, 0x03, 0x03, 
	0x07, 0x01, 0x01, 0x01, 0x01, 0x01, 0x01, 0x01, 
	0x00, 0x00, 0x00, 0x00, 0x00, 0x00, 0x00, 0x00, 
	0x00, 0x00, 0x00, 0x00, 0x00, 0x00, 0x01, 0x01, 
	0x01, 0x01, 0x08, 0x03, 0x03, 0x03, 0x03, 0x03, 
	0x01, 0x01, 0x01, 0x01, 0x01, 0x01, 0x01, 0x01, 
	0x01, 0x00, 0x00, 0x00, 0x00, 0x00, 0x00, 0x09, 
	0x00, 0x00, 0x00, 0x00, 0x00, 0x01, 0x01, 0x01, 
	0x01, 0x01, 0x0a, 0x03, 0x03, 0x03, 0x03, 0x03, 
	0x01, 0x01, 0x01, 0x01, 0x01, 0x01, 0x01, 0x01, 
	0x01, 0x01, 0x00, 0x00, 0x00, 0x00, 0x00, 0x0b, 
	0x00, 0x00, 0x00, 0x00, 0x00, 0x01, 0x01, 0x01, 
	0x01, 0x01, 0x0c, 0x03, 0x03, 0x03, 0x03, 0x08, 
	0x01, 0x01, 0x01, 0x01, 0x01, 0x01, 0x01, 0x01, 
	0x01, 0x01, 0x01, 0x00, 0x00, 0x00, 0x00, 0x09, 
	0x00, 0x00, 0x00, 0x00, 0x01, 0x01, 0x01, 0x01, 
	0x01, 0x01, 0x03, 0x03, 0x03, 0x03, 0x03, 0x0d, 
	0x01, 0x01, 0x01, 0x01, 0x01, 0x01, 0x01, 0x01, 
	0x01, 0x01, 0x01, 0x00, 0x00, 0x00, 0x00, 0x09, 
	0x00, 0x00, 0x00, 0x00, 0x01, 0x01, 0x01, 0x01, 
	0x01, 0x01, 0x03, 0x03, 0x03, 0x03, 0x03, 0x0e, 
	0x01, 0x01, 0x01, 0x01, 0x01, 0x01, 0x01, 0x01, 
	0x01, 0x01, 0x01, 0x01, 0x00, 0x00, 0x00, 0x09, 
	0x00, 0x00, 0x00, 0x01, 0x01, 0x01, 0x01, 0x01, 
	0x01, 0x01, 0x03, 0x03, 0x03, 0x03, 0x03, 0x01, 
	0x01, 0x01, 0x01, 0x01, 0x01, 0x01, 0x01, 0x01, 
	0x01, 0x01, 0x01, 0x01, 0x00, 0x00, 0x00, 0x09, 
	0x00, 0x00, 0x00, 0x01, 0x01, 0x01, 0x01, 0x01, 
	0x01, 0x01, 0x03, 0x03, 0x03, 0x03, 0x03, 0x01, 
	0x01, 0x01, 0x01, 0x01, 0x01, 0x01, 0x01, 0x01, 
	0x01, 0x01, 0x01, 0x01, 0x00, 0x00, 0x00, 0x09, 
	0x00, 0x00, 0x00, 0x01, 0x01, 0x01, 0x01, 0x01, 
	0x01, 0x01, 0x03, 0x03, 0x03, 0x03, 0x03, 0x01, 
	0x01, 0x01, 0x01, 0x01, 0x01, 0x01, 0x01, 0x01, 
	0x01, 0x01, 0x01, 0x01, 0x01, 0x00, 0x00, 0x09, 
	0x00, 0x00, 0x00, 0x01, 0x01, 0x01, 0x01, 0x01, 
	0x01, 0x01, 0x03, 0x03, 0x03, 0x03, 0x0d, 0x01, 
	0x01, 0x01, 0x01, 0x01, 0x01, 0x01, 0x01, 0x01, 
	0x01, 0x01, 0x01, 0x01, 0x01, 0x00, 0x00, 0x09, 
	0x00, 0x00, 0x00, 0x01, 0x01, 0x01, 0x01, 0x01, 
	0x01, 0x01, 0x03, 0x03, 0x03, 0x03, 0x05, 0x01, 
	0x01, 0x01, 0x01, 0x01, 0x01, 0x0f, 0x10, 0x01, 
	0x01, 0x01, 0x01, 0x01, 0x01, 0x00, 0x00, 0x09, 
	0x00, 0x00, 0x00, 0x01, 0x01, 0x01, 0x01, 0x01, 
	0x01, 0x01, 0x03, 0x03, 0x03, 0x03, 0x01, 0x01, 
	0x11, 0x0c, 0x03, 0x03, 0x03, 0x03, 0x03, 0x01, 
	0x01, 0x01, 0x01, 0x01, 0x01, 0x00, 0x00, 0x09, 
	0x00, 0x00, 0x00, 0x01, 0x01, 0x01, 0x01, 0x01, 
	0x01, 0x01, 0x03, 0x03, 0x03, 0x03, 0x03, 0x03, 
	0x03, 0x03, 0x03, 0x03, 0x03, 0x03, 0x03, 0x01, 
	0x01, 0x01, 0x01, 0x01, 0x01, 0x00, 0x00, 0x09, 
	0x00, 0x00, 0x00, 0x01, 0x01, 0x01, 0x01, 0x01, 
	0x01, 0x04, 0x03, 0x03, 0x03, 0x03, 0x03, 0x03, 
	0x03, 0x03, 0x03, 0x03, 0x03, 0x03, 0x03, 0x01, 
	0x01, 0x01, 0x01, 0x01, 0x00, 0x00, 0x00, 0x09, 
	0x00, 0x00, 0x00, 0x00, 0x01, 0x01, 0x01, 0x01, 
	0x01, 0x0f, 0x03, 0x03, 0x03, 0x03, 0x03, 0x03, 
	0x03, 0x03, 0x03, 0x03, 0x03, 0x03, 0x03, 0x01, 
	0x01, 0x01, 0x01, 0x01, 0x00, 0x00, 0x00, 0x0b, 
	0x00, 0x00, 0x00, 0x00, 0x01, 0x01, 0x01, 0x01, 
	0x01, 0x12, 0x03, 0x03, 0x03, 0x03, 0x03, 0x03, 
	0x03, 0x03, 0x03, 0x03, 0x03, 0x03, 0x03, 0x01, 
	0x01, 0x01, 0x01, 0x01, 0x00, 0x00, 0x00, 0x09, 
	0x00, 0x00, 0x00, 0x00, 0x00, 0x01, 0x01, 0x01, 
	0x01, 0x01, 0x01, 0x01, 0x01, 0x01, 0x01, 0x01, 
	0x04, 0x07, 0x07, 0x13, 0x02, 0x06, 0x14, 0x01, 
	0x01, 0x01, 0x01, 0x00, 0x00, 0x00, 0x00, 0x00, 
	0x00, 0x00, 0x00, 0x00, 0x00, 0x00, 0x01, 0x01, 
	0x01, 0x01, 0x01, 0x01, 0x01, 0x01, 0x01, 0x01, 
	0x01, 0x01, 0x01, 0x01, 0x01, 0x01, 0x01, 0x01, 
	0x01, 0x01, 0x00, 0x00, 0x00, 0x00, 0x00, 0x00, 
	0x00, 0x00, 0x00, 0x00, 0x00, 0x00, 0x00, 0x00, 
	0x01, 0x01, 0x01, 0x01, 0x01, 0x01, 0x01, 0x01, 
	0x01, 0x01, 0x01, 0x01, 0x01, 0x01, 0x01, 0x01, 
	0x00, 0x00, 0x00, 0x00, 0x00, 0x00, 0x00, 0x00, 
	0x00, 0x00, 0x00, 0x00, 0x00, 0x00, 0x00, 0x00, 
	0x00, 0x00, 0x00, 0x00, 0x01, 0x01, 0x01, 0x01, 
	0x01, 0x01, 0x01, 0x00, 0x00, 0x00, 0x00, 0x00, 
	0x00, 0x00, 0x00, 0x00, 0x00, 0x00, 0x00, 0x00, 
	0x00, 0x00, 0x00, 0x00, 0x00, 0x00, 0x00, 0x00, 
	0x00, 0x00, 0x00, 0x00, 0x00, 0x00, 0x00, 0x00, 
	0x00, 0x00, 0x00, 0x00, 0x00, 0x00, 0x00, 0x00, 
	0x00, 0x00, 0x00, 0x00, 0x00, 0x00, 0x00, 0x00, 
	0x00, 0x00, 0x00, 0x00, 0x00, 0x00, 0x00, 0x00, 
	0x00, 0x00, 0x00, 0x00, 0x00, 0x00, 0x00, 0x00, 
	0x00, 0x00, 0x00, 0x00, 0x00, 0x00, 0x00, 0x00, 
	0x00, 0x00, 0x00, 0x00, 0x00, 0x00, 0x00, 0x00, 
	0x00, 0x00, 0x00, 0x00, 0x00, 0x00, 0x00, 0x00, 
	0x00, 0x00, 0x0b, 0x09, 0x0b, 0x09, 0x0b, 0x15, 
	0x00, 0x00, 0x00, 0x00, 0x00, 0x00, 0x00, 0x00, 
	0x00, 0x00, 0x00, 0x00, 0x00, 0x00, 0x00, 0x00, 
	
};

Gfx mario_SM64_Luigi_Hat_pal_rgba16_aligner[] = {gsSPEndDisplayList()};
u8 mario_SM64_Luigi_Hat_pal_rgba16[] = {
	0xff, 0xfe, 0xff, 0xff, 0x97, 0xe5, 0x07, 0xc1, 
	0xbf, 0xef, 0xf7, 0xfd, 0x67, 0xd9, 0xd7, 0xf5, 
	0x1f, 0xc7, 0xe7, 0xf8, 0x37, 0xcd, 0xef, 0xfa, 
	0x2f, 0xcb, 0x5f, 0xd7, 0xb7, 0xed, 0xcf, 0xf3, 
	0x77, 0xdd, 0x87, 0xe1, 0xa7, 0xe9, 0xef, 0xfb, 
	0x7f, 0xdf, 0xdf, 0xf6, 
};

Gfx mario_texture__1__ci8_aligner[] = {gsSPEndDisplayList()};
u8 mario_texture__1__ci8[] = {
	0x00, 0x00, 0x00, 0x00, 0x00, 0x00, 0x00, 0x00, 
	0x00, 0x00, 0x00, 0x00, 0x00, 0x00, 0x00, 0x00, 
	0x00, 0x00, 0x00, 0x00, 0x00, 0x00, 0x00, 0x00, 
	0x00, 0x00, 0x00, 0x00, 0x00, 0x00, 0x00, 0x00, 
	0x00, 0x00, 0x00, 0x00, 0x00, 0x00, 0x00, 0x00, 
	0x00, 0x00, 0x00, 0x00, 0x00, 0x00, 0x00, 0x00, 
	0x00, 0x00, 0x00, 0x00, 0x00, 0x00, 0x00, 0x00, 
	0x00, 0x00, 0x00, 0x00, 0x00, 0x00, 0x00, 0x00, 
	0x00, 0x00, 0x00, 0x00, 0x00, 0x00, 0x00, 0x00, 
	0x00, 0x00, 0x00, 0x00, 0x00, 0x00, 0x00, 0x00, 
	0x00, 0x00, 0x00, 0x00, 0x00, 0x00, 0x00, 0x00, 
	0x00, 0x00, 0x00, 0x00, 0x00, 0x00, 0x00, 0x00, 
	0x00, 0x00, 0x00, 0x00, 0x00, 0x00, 0x00, 0x00, 
	0x00, 0x00, 0x00, 0x00, 0x00, 0x00, 0x00, 0x00, 
	0x00, 0x00, 0x00, 0x00, 0x00, 0x00, 0x00, 0x00, 
	0x00, 0x00, 0x00, 0x00, 0x00, 0x00, 0x00, 0x00, 
	0x00, 0x00, 0x00, 0x01, 0x01, 0x02, 0x03, 0x04, 
	0x05, 0x05, 0x00, 0x00, 0x00, 0x00, 0x00, 0x00, 
	0x00, 0x00, 0x00, 0x00, 0x00, 0x00, 0x06, 0x06, 
	0x04, 0x03, 0x02, 0x01, 0x01, 0x00, 0x00, 0x00, 
	0x00, 0x00, 0x06, 0x07, 0x08, 0x09, 0x0a, 0x0b, 
	0x0c, 0x03, 0x03, 0x00, 0x00, 0x00, 0x00, 0x00, 
	0x00, 0x00, 0x00, 0x00, 0x00, 0x04, 0x04, 0x0d, 
	0x0b, 0x0a, 0x09, 0x08, 0x07, 0x07, 0x00, 0x00, 
	0x00, 0x0e, 0x0f, 0x0d, 0x0a, 0x0a, 0x0a, 0x0a, 
	0x0d, 0x0a, 0x07, 0x10, 0x00, 0x00, 0x00, 0x00, 
	0x00, 0x00, 0x00, 0x00, 0x11, 0x05, 0x0b, 0x0d, 
	0x0b, 0x0a, 0x0b, 0x0a, 0x12, 0x10, 0x13, 0x00, 
	0x00, 0x0e, 0x14, 0x09, 0x15, 0x10, 0x03, 0x0f, 
	0x16, 0x09, 0x17, 0x10, 0x00, 0x00, 0x00, 0x00, 
	0x00, 0x00, 0x00, 0x00, 0x11, 0x18, 0x0b, 0x19, 
	0x1a, 0x03, 0x1a, 0x15, 0x09, 0x19, 0x13, 0x00, 
	0x00, 0x03, 0x0a, 0x02, 0x1b, 0x1b, 0x00, 0x1c, 
	0x1c, 0x02, 0x0a, 0x03, 0x00, 0x00, 0x00, 0x00, 
	0x00, 0x00, 0x00, 0x00, 0x1a, 0x1d, 0x05, 0x13, 
	0x13, 0x00, 0x1b, 0x1b, 0x06, 0x08, 0x01, 0x00, 
	0x00, 0x03, 0x03, 0x03, 0x00, 0x1e, 0x1e, 0x1e, 
	0x1e, 0x1f, 0x03, 0x03, 0x00, 0x00, 0x00, 0x00, 
	0x00, 0x00, 0x00, 0x00, 0x1a, 0x1a, 0x20, 0x1e, 
	0x1e, 0x1e, 0x1e, 0x00, 0x01, 0x01, 0x01, 0x00, 
	0x00, 0x00, 0x00, 0x00, 0x1e, 0x1e, 0x21, 0x21, 
	0x21, 0x1e, 0x22, 0x22, 0x00, 0x00, 0x00, 0x00, 
	0x00, 0x00, 0x00, 0x00, 0x00, 0x23, 0x24, 0x21, 
	0x21, 0x21, 0x1e, 0x1e, 0x1e, 0x00, 0x00, 0x00, 
	0x00, 0x00, 0x00, 0x1e, 0x1e, 0x21, 0x21, 0x21, 
	0x21, 0x25, 0x26, 0x27, 0x28, 0x00, 0x00, 0x00, 
	0x00, 0x00, 0x00, 0x00, 0x29, 0x2a, 0x2b, 0x21, 
	0x21, 0x21, 0x21, 0x21, 0x1e, 0x1e, 0x00, 0x00, 
	0x00, 0x00, 0x1e, 0x1e, 0x21, 0x21, 0x21, 0x21, 
	0x2c, 0x2d, 0x2e, 0x2f, 0x28, 0x00, 0x00, 0x00, 
	0x00, 0x00, 0x00, 0x29, 0x29, 0x30, 0x31, 0x32, 
	0x21, 0x21, 0x21, 0x21, 0x21, 0x1e, 0x00, 0x00, 
	0x00, 0x00, 0x1e, 0x21, 0x21, 0x21, 0x21, 0x33, 
	0x34, 0x35, 0x36, 0x37, 0x38, 0x39, 0x00, 0x00, 
	0x00, 0x00, 0x3a, 0x3b, 0x30, 0x36, 0x36, 0x3c, 
	0x3d, 0x21, 0x21, 0x21, 0x21, 0x1e, 0x1e, 0x00, 
	0x00, 0x1e, 0x1e, 0x21, 0x21, 0x21, 0x21, 0x3e, 
	0x3f, 0x37, 0x40, 0x41, 0x42, 0x39, 0x00, 0x00, 
	0x00, 0x00, 0x3a, 0x43, 0x41, 0x44, 0x37, 0x36, 
	0x2e, 0x45, 0x21, 0x21, 0x21, 0x21, 0x1e, 0x00, 
	0x00, 0x1e, 0x21, 0x21, 0x21, 0x21, 0x46, 0x34, 
	0x37, 0x47, 0x48, 0x49, 0x4a, 0x4b, 0x4c, 0x00, 
	0x00, 0x00, 0x4d, 0x4e, 0x4f, 0x50, 0x51, 0x37, 
	0x35, 0x2f, 0x21, 0x21, 0x21, 0x21, 0x1e, 0x00, 
	0x00, 0x1e, 0x21, 0x21, 0x21, 0x21, 0x3d, 0x36, 
	0x37, 0x52, 0x09, 0x09, 0x53, 0x54, 0x4c, 0x00, 
	0x00, 0x55, 0x56, 0x57, 0x09, 0x09, 0x58, 0x59, 
	0x36, 0x5a, 0x21, 0x21, 0x21, 0x21, 0x1e, 0x1e, 
	0x1e, 0x1e, 0x21, 0x21, 0x21, 0x21, 0x5b, 0x36, 
	0x44, 0x5c, 0x09, 0x09, 0x09, 0x5d, 0x5e, 0x00, 
	0x00, 0x55, 0x5f, 0x09, 0x09, 0x09, 0x09, 0x60, 
	0x37, 0x30, 0x21, 0x21, 0x21, 0x21, 0x21, 0x1e, 
	0x1e, 0x21, 0x21, 0x21, 0x21, 0x21, 0x61, 0x36, 
	0x62, 0x09, 0x09, 0x63, 0x09, 0x64, 0x65, 0x00, 
	0x00, 0x66, 0x67, 0x09, 0x68, 0x09, 0x09, 0x69, 
	0x6a, 0x6b, 0x25, 0x21, 0x21, 0x21, 0x21, 0x1e, 
	0x1e, 0x21, 0x21, 0x21, 0x21, 0x21, 0x6c, 0x36, 
	0x6d, 0x09, 0x6e, 0x6f, 0x70, 0x71, 0x72, 0x00, 
	0x00, 0x73, 0x74, 0x75, 0x6f, 0x76, 0x09, 0x52, 
	0x6a, 0x34, 0x77, 0x21, 0x21, 0x21, 0x21, 0x1e, 
	0x1e, 0x21, 0x21, 0x21, 0x21, 0x21, 0x30, 0x6a, 
	0x78, 0x09, 0x79, 0x21, 0x7a, 0x7b, 0x7c, 0x00, 
	0x00, 0x7d, 0x7e, 0x7f, 0x21, 0x80, 0x09, 0x4f, 
	0x81, 0x34, 0x46, 0x21, 0x21, 0x21, 0x21, 0x1e, 
	0x1e, 0x21, 0x21, 0x21, 0x21, 0x21, 0x82, 0x36, 
	0x6d, 0x09, 0x83, 0x7a, 0x79, 0x71, 0x72, 0x00, 
	0x00, 0x84, 0x85, 0x86, 0x7a, 0x87, 0x09, 0x57, 
	0x81, 0x31, 0x2b, 0x21, 0x21, 0x21, 0x21, 0x1e, 
	0x1e, 0x21, 0x21, 0x21, 0x21, 0x21, 0x5a, 0x36, 
	0x60, 0x09, 0x09, 0x09, 0x09, 0x88, 0x89, 0x00, 
	0x00, 0x8a, 0x8b, 0x09, 0x5c, 0x09, 0x09, 0x8c, 
	0x6a, 0x6b, 0x25, 0x21, 0x21, 0x21, 0x21, 0x1e, 
	0x1e, 0x1e, 0x21, 0x21, 0x21, 0x21, 0x5b, 0x36, 
	0x8d, 0x5c, 0x09, 0x09, 0x09, 0x8e, 0x8f, 0x00, 
	0x00, 0x90, 0x91, 0x09, 0x09, 0x09, 0x09, 0x92, 
	0x93, 0x94, 0x21, 0x21, 0x21, 0x21, 0x21, 0x1e, 
	0x00, 0x1e, 0x21, 0x21, 0x21, 0x21, 0x95, 0x36, 
	0x81, 0x4f, 0x09, 0x09, 0x09, 0x96, 0x97, 0x00, 
	0x00, 0x90, 0x7d, 0x4f, 0x09, 0x09, 0x5c, 0x47, 
	0x36, 0x98, 0x21, 0x21, 0x21, 0x21, 0x1e, 0x1e, 
	0x00, 0x1e, 0x21, 0x21, 0x21, 0x21, 0x77, 0x34, 
	0x37, 0x99, 0x09, 0x09, 0x6d, 0x9a, 0x97, 0x00, 
	0x00, 0x00, 0x9b, 0x9c, 0x53, 0x09, 0x78, 0x37, 
	0x36, 0x9d, 0x21, 0x21, 0x21, 0x21, 0x1e, 0x00, 
	0x00, 0x1e, 0x1e, 0x21, 0x21, 0x21, 0x21, 0x5a, 
	0x3f, 0x37, 0x9e, 0x9f, 0x94, 0xa0, 0x00, 0x00, 
	0x00, 0x00, 0xa1, 0x5b, 0xa2, 0xa3, 0x81, 0x36, 
	0x2d, 0x2b, 0x21, 0x21, 0x21, 0x21, 0x1e, 0x00, 
	0x00, 0x00, 0x1e, 0x21, 0x21, 0x21, 0x21, 0x46, 
	0x34, 0x3c, 0x36, 0x6a, 0xa4, 0xa0, 0x00, 0x00, 
	0x00, 0x00, 0xa1, 0xa5, 0x2d, 0xa6, 0x36, 0x3c, 
	0x95, 0x21, 0x21, 0x21, 0x21, 0x1e, 0x1e, 0x00, 
	0x00, 0x00, 0x1e, 0x1e, 0x21, 0x21, 0x21, 0x21, 
	0xa7, 0x82, 0xa8, 0x9d, 0xa9, 0x00, 0x00, 0x00, 
	0x00, 0x00, 0x00, 0xaa, 0x33, 0x3e, 0x94, 0x95, 
	0x21, 0x21, 0x21, 0x21, 0x21, 0x1e, 0x00, 0x00, 
	0x00, 0x00, 0x00, 0x1e, 0x21, 0x21, 0x21, 0x21, 
	0x21, 0x21, 0x21, 0xab, 0xa9, 0x00, 0x00, 0x00, 
	0x00, 0x00, 0x00, 0xaa, 0xac, 0x21, 0x21, 0x21, 
	0x21, 0x21, 0x21, 0x21, 0x1e, 0x1e, 0x00, 0x00, 
	0x00, 0x00, 0x00, 0x1e, 0x1e, 0x1e, 0x21, 0x21, 
	0x21, 0x21, 0x1e, 0x1e, 0x00, 0x00, 0x00, 0x00, 
	0x00, 0x00, 0x00, 0x00, 0x1e, 0x1e, 0x1e, 0x21, 
	0x21, 0x21, 0x1e, 0x1e, 0x1e, 0x00, 0x00, 0x00, 
	0x00, 0x00, 0x00, 0x00, 0x00, 0x1e, 0x1e, 0x1e, 
	0x1e, 0x1e, 0x1e, 0x00, 0x00, 0x00, 0x00, 0x00, 
	0x00, 0x00, 0x00, 0x00, 0x00, 0x00, 0x1e, 0x1e, 
	0x1e, 0x1e, 0x1e, 0x00, 0x00, 0x00, 0x00, 0x00, 
	
};

Gfx mario_texture__1__pal_rgba16_aligner[] = {gsSPEndDisplayList()};
u8 mario_texture__1__pal_rgba16[] = {
	0xff, 0xfe, 0x18, 0x86, 0x00, 0x00, 0x08, 0x02, 
	0x08, 0x00, 0x10, 0x42, 0x08, 0x42, 0x10, 0x44, 
	0x18, 0x87, 0x00, 0x01, 0x08, 0x03, 0x08, 0x01, 
	0x10, 0x43, 0x08, 0x43, 0x29, 0x4a, 0x18, 0xc6, 
	0x20, 0xc8, 0x18, 0x84, 0x10, 0x45, 0x39, 0x8e, 
	0x29, 0x4b, 0x41, 0xcf, 0x31, 0x8d, 0x20, 0xc9, 
	0x18, 0x85, 0x39, 0x8f, 0x20, 0xc6, 0x41, 0xce, 
	0x31, 0x8c, 0x20, 0xc7, 0xf7, 0xbc, 0x83, 0xe0, 
	0x8c, 0x62, 0xf7, 0xbd, 0xef, 0x7c, 0xe7, 0x7c, 
	0xef, 0xbc, 0xef, 0xbd, 0xef, 0x7d, 0xce, 0xfc, 
	0xa6, 0x3c, 0x44, 0x7a, 0x95, 0xfc, 0xe7, 0x7d, 
	0xb6, 0xbd, 0x3c, 0x3b, 0x33, 0xf9, 0xa6, 0x3d, 
	0x44, 0x7b, 0x2b, 0xf9, 0x95, 0xbd, 0xc6, 0xfd, 
	0x2b, 0xb9, 0x1b, 0x77, 0x1b, 0x79, 0x23, 0xb9, 
	0x34, 0x3a, 0x4c, 0xbc, 0x85, 0x7c, 0x64, 0xfc, 
	0x13, 0x37, 0x95, 0xfd, 0x5c, 0xbd, 0x1b, 0x37, 
	0x23, 0x35, 0x12, 0xf5, 0x4c, 0xbd, 0x85, 0x7d, 
	0x1b, 0x33, 0xdf, 0x7d, 0xd7, 0x3d, 0x1a, 0xf3, 
	0x00, 0x93, 0x00, 0x53, 0x1a, 0xaf, 0x54, 0x36, 
	0x8d, 0x7c, 0x3b, 0xf4, 0x3b, 0xf5, 0x00, 0xd9, 
	0x00, 0x4b, 0x12, 0x6b, 0x09, 0x1d, 0x00, 0x0b, 
	0x8d, 0x7d, 0x95, 0x7a, 0x4b, 0x6a, 0x01, 0x1d, 
	0x00, 0x4f, 0x1b, 0x35, 0x6c, 0xfd, 0x7d, 0x3d, 
	0x00, 0x05, 0x5c, 0x33, 0x5c, 0x32, 0x95, 0x7b, 
	0x12, 0x29, 0x64, 0xfd, 0x12, 0x2b, 0x00, 0x8d, 
	0x32, 0xe7, 0x32, 0xe6, 0x6c, 0xb2, 0x6c, 0xb3, 
	0x00, 0x8f, 0x09, 0x63, 0x23, 0x79, 0x33, 0xfb, 
	0x54, 0xbb, 0x11, 0xe7, 0x21, 0xdd, 0xce, 0xbd, 
	0x6c, 0x2f, 0x19, 0xe1, 0x19, 0xe0, 0x53, 0xec, 
	0x53, 0xed, 0x32, 0x61, 0x53, 0xa9, 0xdf, 0x3d, 
	0x09, 0xe5, 0x5b, 0xeb, 0xb6, 0x3d, 0x11, 0x9f, 
	0x11, 0x9e, 0x43, 0x28, 0x43, 0x29, 0x74, 0x6f, 
	0x9d, 0xb9, 0x23, 0x77, 0x54, 0xbd, 0x19, 0x9b, 
	0x4b, 0xac, 0x4b, 0xad, 0x2a, 0x1f, 0x4b, 0x67, 
	0x2a, 0xa7, 0x2a, 0xa6, 0x64, 0x72, 0x64, 0x73, 
	0x09, 0x61, 0x1a, 0xf1, 0x53, 0xf1, 0x53, 0xf0, 
	0x8d, 0x3a, 0x8d, 0x3b, 0x12, 0x27, 0x1b, 0xb9, 
	0x4c, 0x7b, 0x9e, 0x3d, 0x85, 0x7b, 0x85, 0x7a, 
	0x75, 0x3d, 0x12, 0x6d, 0x4b, 0xb0, 0x2b, 0x72, 
	0x2b, 0x73, 0xae, 0x7d, 0x1a, 0xb1, 0x12, 0x6f, 
	0x4c, 0x7a, 0x7d, 0x3c, 0x0a, 0x71, 0x12, 0xad, 
	0x33, 0xfa, 0x5c, 0xbc, 0x13, 0x79, 0xbe, 0xbd, 
	0x4c, 0xbb, 0xae, 0x7c, 0xc6, 0xfc, 0xd7, 0x3c, 
	0xdf, 0x7c, 
};

Gfx mario_SM64_Luigi_Stache_ia16_aligner[] = {gsSPEndDisplayList()};
u8 mario_SM64_Luigi_Stache_ia16[] = {
	0x00, 0x00, 0x00, 0x00, 0x00, 0x00, 0x00, 0x00, 
	0x00, 0x00, 0x00, 0x00, 0x00, 0x00, 0x00, 0x00, 
	0x00, 0x00, 0x00, 0x00, 0x00, 0x00, 0x00, 0x00, 
	0x00, 0x00, 0x00, 0x00, 0x00, 0x00, 0x00, 0x00, 
	0x00, 0x00, 0x00, 0x00, 0x00, 0x00, 0x00, 0x00, 
	0x00, 0x00, 0x00, 0x00, 0x00, 0x00, 0x00, 0x00, 
	0x00, 0x00, 0x00, 0x00, 0x00, 0x00, 0x00, 0x00, 
	0x00, 0x00, 0x00, 0x00, 0x00, 0x00, 0x00, 0x00, 
	0x00, 0x00, 0x00, 0x00, 0x00, 0x00, 0x00, 0x00, 
	0x00, 0x00, 0x00, 0x00, 0x00, 0x00, 0x00, 0x00, 
	0x00, 0x00, 0x00, 0x00, 0x00, 0x00, 0x00, 0x00, 
	0x00, 0x00, 0x00, 0x00, 0x00, 0x00, 0x00, 0x00, 
	0x00, 0x00, 0x00, 0x00, 0x00, 0x00, 0x00, 0x00, 
	0x00, 0x00, 0x00, 0x00, 0x00, 0x00, 0x00, 0x00, 
	0x00, 0x00, 0x00, 0x00, 0x00, 0x00, 0x00, 0x00, 
	0x00, 0x00, 0x00, 0x00, 0x00, 0x00, 0x00, 0x00, 
	0x00, 0x00, 0x00, 0x00, 0x00, 0x00, 0x00, 0x00, 
	0x00, 0x00, 0x00, 0x00, 0x00, 0x00, 0x00, 0x00, 
	0x00, 0x00, 0x00, 0x00, 0x00, 0x00, 0x00, 0x00, 
	0x00, 0x00, 0x00, 0x00, 0x00, 0x00, 0x00, 0x00, 
	0x00, 0x00, 0x00, 0x00, 0x00, 0x00, 0x00, 0x00, 
	0x00, 0x00, 0x00, 0x00, 0x00, 0x00, 0x00, 0x00, 
	0x00, 0x00, 0x00, 0xff, 0x00, 0x00, 0x00, 0x00, 
	0x00, 0x00, 0x00, 0x00, 0x00, 0x00, 0x00, 0x00, 
	0x00, 0x00, 0x00, 0x00, 0x00, 0x00, 0x00, 0x00, 
	0x00, 0x00, 0x00, 0x00, 0x00, 0x00, 0x00, 0x00, 
	0x00, 0x00, 0x00, 0x00, 0x00, 0x00, 0x00, 0x00, 
	0x00, 0x00, 0x00, 0x00, 0x00, 0x00, 0x00, 0x00, 
	0x00, 0x00, 0x00, 0x00, 0x00, 0x00, 0x00, 0x00, 
	0x00, 0x00, 0x00, 0x00, 0x00, 0x00, 0x00, 0x00, 
	0x00, 0xff, 0x00, 0xff, 0x00, 0x00, 0x00, 0x00, 
	0x00, 0x00, 0x00, 0x00, 0x00, 0x00, 0x00, 0x00, 
	0x00, 0x00, 0x00, 0x00, 0x00, 0x00, 0x00, 0x00, 
	0x00, 0x00, 0x00, 0x00, 0x00, 0x00, 0x00, 0x00, 
	0x00, 0x00, 0x00, 0x00, 0x00, 0x00, 0x00, 0x00, 
	0x00, 0x00, 0x00, 0x00, 0x00, 0x00, 0x00, 0x00, 
	0x00, 0x00, 0x00, 0x00, 0x00, 0x00, 0x00, 0x00, 
	0x00, 0x00, 0x00, 0x00, 0x00, 0x00, 0x00, 0xff, 
	0x00, 0xff, 0x00, 0xff, 0x00, 0xff, 0x00, 0x00, 
	0x00, 0x00, 0x00, 0x00, 0x00, 0x00, 0x00, 0x00, 
	0x00, 0x00, 0x00, 0x00, 0x00, 0x00, 0x00, 0x00, 
	0x00, 0x00, 0x00, 0x00, 0x00, 0x00, 0x00, 0x00, 
	0x00, 0x00, 0x00, 0x00, 0x00, 0x00, 0x00, 0x00, 
	0x00, 0x00, 0x00, 0x00, 0x00, 0x00, 0x00, 0x00, 
	0x00, 0x00, 0x00, 0x00, 0x00, 0x00, 0x00, 0x00, 
	0x00, 0x00, 0x00, 0x00, 0x00, 0xff, 0x00, 0xff, 
	0x00, 0xff, 0x00, 0xff, 0x00, 0xff, 0x00, 0x00, 
	0x00, 0x00, 0x00, 0x00, 0x00, 0x00, 0x00, 0x00, 
	0x00, 0x00, 0x00, 0x00, 0x00, 0x00, 0x00, 0x00, 
	0x00, 0x00, 0x00, 0x00, 0x00, 0x00, 0x00, 0x00, 
	0x00, 0x00, 0x00, 0x00, 0x00, 0x00, 0x00, 0x00, 
	0x00, 0x00, 0x00, 0x00, 0x00, 0x00, 0x00, 0x00, 
	0x00, 0x00, 0x00, 0x00, 0x00, 0x00, 0x00, 0x00, 
	0x00, 0x00, 0x00, 0xff, 0x00, 0xff, 0x00, 0xff, 
	0x00, 0xff, 0x00, 0xff, 0x00, 0xff, 0x00, 0x00, 
	0x00, 0x00, 0x00, 0x00, 0x00, 0x00, 0x00, 0x00, 
	0x00, 0x00, 0x00, 0x00, 0x00, 0x00, 0x00, 0x00, 
	0x00, 0x00, 0x00, 0x00, 0x00, 0x00, 0x00, 0x00, 
	0x00, 0x00, 0x00, 0x00, 0x00, 0x00, 0x00, 0x00, 
	0x00, 0x00, 0x00, 0x00, 0x00, 0x00, 0x00, 0x00, 
	0x00, 0x00, 0x00, 0x00, 0x00, 0x00, 0x00, 0x00, 
	0x00, 0xff, 0x00, 0xff, 0x00, 0xff, 0x00, 0xff, 
	0x00, 0xff, 0x00, 0xff, 0x00, 0xff, 0x00, 0xff, 
	0x00, 0x00, 0x00, 0x00, 0x00, 0x00, 0x00, 0x00, 
	0x00, 0x00, 0x00, 0x00, 0x00, 0x00, 0x00, 0x00, 
	0x00, 0x00, 0x00, 0x00, 0x00, 0x00, 0x00, 0x00, 
	0x00, 0x00, 0x00, 0x00, 0x00, 0x00, 0x00, 0x00, 
	0x00, 0x00, 0x00, 0x00, 0x00, 0x00, 0x00, 0x00, 
	0x00, 0x00, 0x00, 0x00, 0x00, 0x00, 0x00, 0xff, 
	0x00, 0xff, 0x00, 0xff, 0x00, 0xff, 0x00, 0xff, 
	0x00, 0xff, 0x00, 0xff, 0x00, 0xff, 0x00, 0xff, 
	0x00, 0x00, 0x00, 0x00, 0x00, 0x00, 0x00, 0x00, 
	0x00, 0x00, 0x00, 0x00, 0x00, 0x00, 0x00, 0x00, 
	0x00, 0x00, 0x00, 0x00, 0x00, 0x00, 0x00, 0x00, 
	0x00, 0x00, 0x00, 0x00, 0x00, 0x00, 0x00, 0x00, 
	0x00, 0x00, 0x00, 0x00, 0x00, 0x00, 0x00, 0x00, 
	0x00, 0x00, 0x00, 0x00, 0x00, 0xff, 0x00, 0xff, 
	0x00, 0xff, 0x00, 0xff, 0x00, 0xff, 0x00, 0xff, 
	0x00, 0xff, 0x00, 0xff, 0x00, 0xff, 0x00, 0xff, 
	0x00, 0x00, 0x00, 0x00, 0x00, 0x00, 0x00, 0x00, 
	0x00, 0x00, 0x00, 0x00, 0x00, 0x00, 0x00, 0x00, 
	0x00, 0x00, 0x00, 0x00, 0x00, 0x00, 0x00, 0x00, 
	0x00, 0x00, 0x00, 0x00, 0x00, 0x00, 0x00, 0x00, 
	0x00, 0x00, 0x00, 0x00, 0x00, 0x00, 0x00, 0x00, 
	0x00, 0x00, 0x00, 0xff, 0x00, 0xff, 0x00, 0xff, 
	0x00, 0xff, 0x00, 0xff, 0x00, 0xff, 0x00, 0xff, 
	0x00, 0xff, 0x00, 0xff, 0x00, 0xff, 0x00, 0xff, 
	0x00, 0x00, 0x00, 0x00, 0x00, 0x00, 0x00, 0x00, 
	0x00, 0x00, 0x00, 0x00, 0x00, 0x00, 0x00, 0x00, 
	0x00, 0x00, 0x00, 0x00, 0x00, 0x00, 0x00, 0x00, 
	0x00, 0x00, 0x00, 0x00, 0x00, 0x00, 0x00, 0x00, 
	0x00, 0x00, 0x00, 0x00, 0x00, 0x00, 0x00, 0x00, 
	0x00, 0xff, 0x00, 0xff, 0x00, 0xff, 0x00, 0xff, 
	0x00, 0xff, 0x00, 0xff, 0x00, 0xff, 0x00, 0xff, 
	0x00, 0xff, 0x00, 0xff, 0x00, 0xff, 0x00, 0xff, 
	0x00, 0x00, 0x00, 0x00, 0x00, 0x00, 0x00, 0x00, 
	0x00, 0x00, 0x00, 0x00, 0x00, 0x00, 0x00, 0x00, 
	0x00, 0x00, 0x00, 0x00, 0x00, 0x00, 0x00, 0x00, 
	0x00, 0x00, 0x00, 0x00, 0x00, 0x00, 0x00, 0x00, 
	0x00, 0x00, 0x00, 0x00, 0x00, 0xff, 0x00, 0xff, 
	0x00, 0xff, 0x00, 0xff, 0x00, 0xff, 0x00, 0xff, 
	0x00, 0xff, 0x00, 0xff, 0x00, 0xff, 0x00, 0xff, 
	0x00, 0xff, 0x00, 0xff, 0x00, 0xff, 0x00, 0xff, 
	0x00, 0x00, 0x00, 0x00, 0x00, 0x00, 0x00, 0x00, 
	0x00, 0x00, 0x00, 0x00, 0x00, 0x00, 0x00, 0x00, 
	0x00, 0x00, 0x00, 0x00, 0x00, 0x00, 0x00, 0x00, 
	0x00, 0x00, 0x00, 0x00, 0x00, 0x00, 0x00, 0x00, 
	0x00, 0xff, 0x00, 0xff, 0x00, 0xff, 0x00, 0xff, 
	0x00, 0xff, 0x00, 0xff, 0x00, 0xff, 0x00, 0xff, 
	0x00, 0xff, 0x00, 0xff, 0x00, 0xff, 0x00, 0xff, 
	0x00, 0xff, 0x00, 0xff, 0x00, 0xff, 0x00, 0xff, 
	0x00, 0x00, 0x00, 0x00, 0x00, 0x00, 0x00, 0x00, 
	0x00, 0x00, 0x00, 0x00, 0x00, 0x00, 0x00, 0x00, 
	0x00, 0x00, 0x00, 0x00, 0x00, 0x00, 0x00, 0x00, 
	0x00, 0x00, 0x00, 0x00, 0x00, 0xff, 0x00, 0xff, 
	0x00, 0xff, 0x00, 0xff, 0x00, 0xff, 0x00, 0xff, 
	0x00, 0xff, 0x00, 0xff, 0x00, 0xff, 0x00, 0xff, 
	0x00, 0xff, 0x00, 0xff, 0x00, 0xff, 0x00, 0xff, 
	0x00, 0xff, 0x00, 0xff, 0x00, 0xff, 0x00, 0x00, 
	0x00, 0x00, 0x00, 0x00, 0x00, 0x00, 0x00, 0x00, 
	0x00, 0x00, 0x00, 0x00, 0x00, 0x00, 0x00, 0x00, 
	0x00, 0x00, 0x00, 0x00, 0x00, 0x00, 0x00, 0xff, 
	0x00, 0xff, 0x00, 0xff, 0x00, 0xff, 0x00, 0xff, 
	0x00, 0xff, 0x00, 0xff, 0x00, 0xff, 0x00, 0xff, 
	0x00, 0xff, 0x00, 0xff, 0x00, 0xff, 0x00, 0xff, 
	0x00, 0xff, 0x00, 0xff, 0x00, 0xff, 0x00, 0xff, 
	0x00, 0xff, 0x00, 0xff, 0x00, 0xff, 0x00, 0x00, 
	0x00, 0x00, 0x00, 0x00, 0x00, 0x00, 0x00, 0x00, 
	0x00, 0x00, 0x00, 0x00, 0x00, 0x00, 0x00, 0xff, 
	0x00, 0xff, 0x00, 0xff, 0x00, 0xff, 0x00, 0xff, 
	0x00, 0xff, 0x00, 0xff, 0x00, 0xff, 0x00, 0xff, 
	0x00, 0xff, 0x00, 0xff, 0x00, 0xff, 0x00, 0xff, 
	0x00, 0xff, 0x00, 0xff, 0x00, 0xff, 0x00, 0xff, 
	0x00, 0xff, 0x00, 0xff, 0x00, 0xff, 0x00, 0xff, 
	0x00, 0xff, 0x00, 0xff, 0x00, 0xff, 0x00, 0x00, 
	0x00, 0x00, 0x00, 0x00, 0x00, 0x00, 0x00, 0x00, 
	0x00, 0x00, 0x00, 0x00, 0x00, 0xff, 0x00, 0xff, 
	0x00, 0xff, 0x00, 0xff, 0x00, 0xff, 0x00, 0xff, 
	0x00, 0xff, 0x00, 0xff, 0x00, 0xff, 0x00, 0xff, 
	0x00, 0xff, 0x00, 0xff, 0x00, 0xff, 0x00, 0xff, 
	0x00, 0xff, 0x00, 0xff, 0x00, 0xff, 0x00, 0xff, 
	0x00, 0xff, 0x00, 0xff, 0x00, 0xff, 0x00, 0xff, 
	0x00, 0xff, 0x00, 0xff, 0x00, 0xff, 0x00, 0x00, 
	0x00, 0x00, 0x00, 0x00, 0x00, 0x00, 0x00, 0x00, 
	0x00, 0x00, 0x00, 0x00, 0x00, 0xff, 0x00, 0xff, 
	0x00, 0xff, 0x00, 0xff, 0x00, 0xff, 0x00, 0xff, 
	0x00, 0xff, 0x00, 0xff, 0x00, 0xff, 0x00, 0xff, 
	0x00, 0xff, 0x00, 0xff, 0x00, 0xff, 0x00, 0xff, 
	0x00, 0xff, 0x00, 0xff, 0x00, 0xff, 0x00, 0xff, 
	0x00, 0xff, 0x00, 0xff, 0x00, 0xff, 0x00, 0xff, 
	0x00, 0xff, 0x00, 0xff, 0x00, 0x00, 0x00, 0x00, 
	0x00, 0x00, 0x00, 0x00, 0x00, 0x00, 0x00, 0x00, 
	0x00, 0x00, 0x00, 0x00, 0x00, 0xff, 0x00, 0xff, 
	0x00, 0xff, 0x00, 0xff, 0x00, 0xff, 0x00, 0xff, 
	0x00, 0xff, 0x00, 0xff, 0x00, 0xff, 0x00, 0xff, 
	0x00, 0xff, 0x00, 0xff, 0x00, 0xff, 0x00, 0xff, 
	0x00, 0xff, 0x00, 0xff, 0x00, 0xff, 0x00, 0xff, 
	0x00, 0xff, 0x00, 0xff, 0x00, 0xff, 0x00, 0xff, 
	0x00, 0xff, 0x00, 0xff, 0x00, 0x00, 0x00, 0x00, 
	0x00, 0x00, 0x00, 0x00, 0x00, 0x00, 0x00, 0x00, 
	0x00, 0x00, 0x00, 0x00, 0x00, 0xff, 0x00, 0xff, 
	0x00, 0xff, 0x00, 0xff, 0x00, 0xff, 0x00, 0xff, 
	0x00, 0xff, 0x00, 0xff, 0x00, 0xff, 0x00, 0xff, 
	0x00, 0xff, 0x00, 0xff, 0x00, 0xff, 0x00, 0xff, 
	0x00, 0xff, 0x00, 0xff, 0x00, 0xff, 0x00, 0xff, 
	0x00, 0xff, 0x00, 0xff, 0x00, 0xff, 0x00, 0xff, 
	0x00, 0xff, 0x00, 0x00, 0x00, 0x00, 0x00, 0x00, 
	0x00, 0x00, 0x00, 0x00, 0x00, 0x00, 0x00, 0x00, 
	0x00, 0x00, 0x00, 0x00, 0x00, 0xff, 0x00, 0xff, 
	0x00, 0xff, 0x00, 0xff, 0x00, 0xff, 0x00, 0xff, 
	0x00, 0xff, 0x00, 0xff, 0x00, 0xff, 0x00, 0xff, 
	0x00, 0xff, 0x00, 0xff, 0x00, 0xff, 0x00, 0xff, 
	0x00, 0xff, 0x00, 0xff, 0x00, 0xff, 0x00, 0xff, 
	0x00, 0xff, 0x00, 0xff, 0x00, 0xff, 0x00, 0xff, 
	0x00, 0x00, 0x00, 0x00, 0x00, 0x00, 0x00, 0x00, 
	0x00, 0x00, 0x00, 0x00, 0x00, 0x00, 0x00, 0x00, 
	0x00, 0x00, 0x00, 0x00, 0x00, 0xff, 0x00, 0xff, 
	0x00, 0xff, 0x00, 0xff, 0x00, 0xff, 0x00, 0xff, 
	0x00, 0xff, 0x00, 0xff, 0x00, 0xff, 0x00, 0xff, 
	0x00, 0xff, 0x00, 0xff, 0x00, 0xff, 0x00, 0xff, 
	0x00, 0xff, 0x00, 0xff, 0x00, 0xff, 0x00, 0xff, 
	0x00, 0xff, 0x00, 0xff, 0x00, 0xff, 0x00, 0x00, 
	0x00, 0x00, 0x00, 0x00, 0x00, 0x00, 0x00, 0x00, 
	0x00, 0x00, 0x00, 0x00, 0x00, 0x00, 0x00, 0x00, 
	0x00, 0x00, 0x00, 0x00, 0x00, 0xff, 0x00, 0xff, 
	0x00, 0xff, 0x00, 0xff, 0x00, 0xff, 0x00, 0xff, 
	0x00, 0xff, 0x00, 0xff, 0x00, 0xff, 0x00, 0xff, 
	0x00, 0xff, 0x00, 0xff, 0x00, 0xff, 0x00, 0xff, 
	0x00, 0xff, 0x00, 0xff, 0x00, 0xff, 0x00, 0xff, 
	0x00, 0xff, 0x00, 0xff, 0x00, 0x00, 0x00, 0x00, 
	0x00, 0x00, 0x00, 0x00, 0x00, 0x00, 0x00, 0x00, 
	0x00, 0x00, 0x00, 0x00, 0x00, 0x00, 0x00, 0x00, 
	0x00, 0x00, 0x00, 0x00, 0x00, 0xff, 0x00, 0xff, 
	0x00, 0xff, 0x00, 0xff, 0x00, 0xff, 0x00, 0xff, 
	0x00, 0xff, 0x00, 0xff, 0x00, 0xff, 0x00, 0xff, 
	0x00, 0xff, 0x00, 0xff, 0x00, 0xff, 0x00, 0xff, 
	0x00, 0xff, 0x00, 0xff, 0x00, 0xff, 0x00, 0xff, 
	0x00, 0xff, 0x00, 0x00, 0x00, 0x00, 0x00, 0x00, 
	0x00, 0x00, 0x00, 0x00, 0x00, 0x00, 0x00, 0x00, 
	0x00, 0x00, 0x00, 0x00, 0x00, 0x00, 0x00, 0x00, 
	0x00, 0x00, 0x00, 0x00, 0x00, 0xff, 0x00, 0xff, 
	0x00, 0xff, 0x00, 0xff, 0x00, 0xff, 0x00, 0xff, 
	0x00, 0xff, 0x00, 0xff, 0x00, 0xff, 0x00, 0xff, 
	0x00, 0xff, 0x00, 0xff, 0x00, 0xff, 0x00, 0xff, 
	0x00, 0xff, 0x00, 0xff, 0x00, 0xff, 0x00, 0xff, 
	0x00, 0x00, 0x00, 0x00, 0x00, 0x00, 0x00, 0x00, 
	0x00, 0x00, 0x00, 0x00, 0x00, 0x00, 0x00, 0x00, 
	0x00, 0x00, 0x00, 0x00, 0x00, 0x00, 0x00, 0x00, 
	0x00, 0x00, 0x00, 0x00, 0x00, 0xff, 0x00, 0xff, 
	0x00, 0xff, 0x00, 0xff, 0x00, 0xff, 0x00, 0xff, 
	0x00, 0xff, 0x00, 0xff, 0x00, 0xff, 0x00, 0xff, 
	0x00, 0xff, 0x00, 0xff, 0x00, 0xff, 0x00, 0xff, 
	0x00, 0xff, 0x00, 0xff, 0x00, 0x00, 0x00, 0x00, 
	0x00, 0x00, 0x00, 0x00, 0x00, 0x00, 0x00, 0x00, 
	0x00, 0x00, 0x00, 0x00, 0x00, 0x00, 0x00, 0x00, 
	0x00, 0x00, 0x00, 0x00, 0x00, 0x00, 0x00, 0x00, 
	0x00, 0x00, 0x00, 0x00, 0x00, 0xff, 0x00, 0xff, 
	0x00, 0xff, 0x00, 0xff, 0x00, 0xff, 0x00, 0xff, 
	0x00, 0xff, 0x00, 0xff, 0x00, 0xff, 0x00, 0xff, 
	0x00, 0xff, 0x00, 0xff, 0x00, 0xff, 0x00, 0xff, 
	0x00, 0x00, 0x00, 0x00, 0x00, 0x00, 0x00, 0x00, 
	0x00, 0x00, 0x00, 0x00, 0x00, 0x00, 0x00, 0x00, 
	0x00, 0x00, 0x00, 0x00, 0x00, 0x00, 0x00, 0x00, 
	0x00, 0x00, 0x00, 0x00, 0x00, 0x00, 0x00, 0x00, 
	0x00, 0x00, 0x00, 0x00, 0x00, 0xff, 0x00, 0xff, 
	0x00, 0xff, 0x00, 0xff, 0x00, 0xff, 0x00, 0xff, 
	0x00, 0xff, 0x00, 0xff, 0x00, 0xff, 0x00, 0xff, 
	0x00, 0xff, 0x00, 0xff, 0x00, 0x00, 0x00, 0x00, 
	0x00, 0x00, 0x00, 0x00, 0x00, 0x00, 0x00, 0x00, 
	0x00, 0x00, 0x00, 0x00, 0x00, 0x00, 0x00, 0x00, 
	0x00, 0x00, 0x00, 0x00, 0x00, 0x00, 0x00, 0x00, 
	0x00, 0x00, 0x00, 0x00, 0x00, 0x00, 0x00, 0x00, 
	0x00, 0x00, 0x00, 0x00, 0x00, 0xff, 0x00, 0xff, 
	0x00, 0xff, 0x00, 0xff, 0x00, 0xff, 0x00, 0xff, 
	0x00, 0xff, 0x00, 0xff, 0x00, 0x00, 0x00, 0x00, 
	0x00, 0x00, 0x00, 0x00, 0x00, 0x00, 0x00, 0x00, 
	0x00, 0x00, 0x00, 0x00, 0x00, 0x00, 0x00, 0x00, 
	0x00, 0x00, 0x00, 0x00, 0x00, 0x00, 0x00, 0x00, 
	0x00, 0x00, 0x00, 0x00, 0x00, 0x00, 0x00, 0x00, 
	0x00, 0x00, 0x00, 0x00, 0x00, 0x00, 0x00, 0x00, 
	0x00, 0x00, 0x00, 0x00, 0x00, 0xff, 0x00, 0xff, 
	0x00, 0xff, 0x00, 0x00, 0x00, 0x00, 0x00, 0x00, 
	0x00, 0x00, 0x00, 0x00, 0x00, 0x00, 0x00, 0x00, 
	0x00, 0x00, 0x00, 0x00, 0x00, 0x00, 0x00, 0x00, 
	0x00, 0x00, 0x00, 0x00, 0x00, 0x00, 0x00, 0x00, 
	0x00, 0x00, 0x00, 0x00, 0x00, 0x00, 0x00, 0x00, 
	0x00, 0x00, 0x00, 0x00, 0x00, 0x00, 0x00, 0x00, 
	0x00, 0x00, 0x00, 0x00, 0x00, 0x00, 0x00, 0x00, 
	0x00, 0x00, 0x00, 0x00, 0x00, 0x00, 0x00, 0x00, 
	0x00, 0x00, 0x00, 0x00, 0x00, 0x00, 0x00, 0x00, 
	0x00, 0x00, 0x00, 0x00, 0x00, 0x00, 0x00, 0x00, 
	0x00, 0x00, 0x00, 0x00, 0x00, 0x00, 0x00, 0x00, 
	0x00, 0x00, 0x00, 0x00, 0x00, 0x00, 0x00, 0x00, 
	0x00, 0x00, 0x00, 0x00, 0x00, 0x00, 0x00, 0x00, 
	0x00, 0x00, 0x00, 0x00, 0x00, 0x00, 0x00, 0x00, 
	0x00, 0x00, 0x00, 0x00, 0x00, 0x00, 0x00, 0x00, 
	
};

Gfx mario_SM64_Luigi_Hair_ci8_aligner[] = {gsSPEndDisplayList()};
u8 mario_SM64_Luigi_Hair_ci8[] = {
	0x00, 0x00, 0x00, 0x00, 0x00, 0x00, 0x00, 0x00, 
	0x00, 0x00, 0x00, 0x00, 0x00, 0x00, 0x00, 0x00, 
	0x00, 0x00, 0x00, 0x00, 0x00, 0x00, 0x00, 0x00, 
	0x00, 0x00, 0x00, 0x00, 0x00, 0x00, 0x00, 0x00, 
	0x00, 0x00, 0x00, 0x00, 0x00, 0x00, 0x00, 0x00, 
	0x00, 0x00, 0x00, 0x00, 0x00, 0x00, 0x00, 0x00, 
	0x00, 0x00, 0x00, 0x00, 0x00, 0x00, 0x00, 0x00, 
	0x00, 0x00, 0x00, 0x00, 0x00, 0x00, 0x00, 0x00, 
	0x00, 0x00, 0x00, 0x00, 0x00, 0x00, 0x00, 0x00, 
	0x00, 0x00, 0x00, 0x00, 0x00, 0x00, 0x00, 0x00, 
	0x00, 0x00, 0x00, 0x01, 0x01, 0x02, 0x03, 0x04, 
	0x04, 0x05, 0x06, 0x00, 0x00, 0x00, 0x00, 0x00, 
	0x00, 0x00, 0x00, 0x00, 0x00, 0x00, 0x00, 0x00, 
	0x00, 0x00, 0x00, 0x00, 0x00, 0x00, 0x00, 0x00, 
	0x00, 0x00, 0x00, 0x07, 0x07, 0x08, 0x03, 0x04, 
	0x05, 0x09, 0x09, 0x0a, 0x0b, 0x0c, 0x0c, 0x00, 
	0x00, 0x00, 0x00, 0x00, 0x00, 0x00, 0x00, 0x00, 
	0x00, 0x00, 0x00, 0x00, 0x00, 0x00, 0x00, 0x00, 
	0x00, 0x00, 0x0d, 0x0d, 0x07, 0x08, 0x03, 0x04, 
	0x05, 0x0e, 0x09, 0x09, 0x0a, 0x0c, 0x09, 0x00, 
	0x00, 0x00, 0x00, 0x00, 0x00, 0x00, 0x00, 0x00, 
	0x00, 0x00, 0x00, 0x00, 0x00, 0x00, 0x00, 0x00, 
	0x00, 0x00, 0x07, 0x0d, 0x07, 0x0f, 0x03, 0x05, 
	0x05, 0x09, 0x09, 0x09, 0x0a, 0x0b, 0x00, 0x00, 
	0x00, 0x00, 0x00, 0x00, 0x00, 0x00, 0x00, 0x00, 
	0x00, 0x00, 0x00, 0x00, 0x00, 0x00, 0x00, 0x00, 
	0x00, 0x10, 0x0d, 0x07, 0x08, 0x02, 0x04, 0x05, 
	0x05, 0x09, 0x09, 0x09, 0x0a, 0x0c, 0x00, 0x00, 
	0x00, 0x00, 0x00, 0x00, 0x00, 0x00, 0x00, 0x00, 
	0x00, 0x00, 0x00, 0x00, 0x00, 0x00, 0x00, 0x00, 
	0x00, 0x07, 0x07, 0x08, 0x02, 0x04, 0x04, 0x05, 
	0x05, 0x09, 0x09, 0x0a, 0x0c, 0x04, 0x00, 0x00, 
	0x00, 0x00, 0x00, 0x00, 0x00, 0x00, 0x00, 0x00, 
	0x00, 0x00, 0x00, 0x00, 0x00, 0x00, 0x00, 0x00, 
	0x07, 0x07, 0x08, 0x0f, 0x03, 0x04, 0x05, 0x05, 
	0x09, 0x09, 0x09, 0x0a, 0x0b, 0x00, 0x00, 0x00, 
	0x00, 0x00, 0x00, 0x00, 0x00, 0x00, 0x00, 0x00, 
	0x00, 0x00, 0x00, 0x00, 0x00, 0x00, 0x0d, 0x07, 
	0x07, 0x08, 0x0f, 0x03, 0x04, 0x05, 0x05, 0x05, 
	0x09, 0x09, 0x09, 0x0a, 0x0a, 0x00, 0x00, 0x00, 
	0x00, 0x00, 0x00, 0x00, 0x00, 0x00, 0x00, 0x00, 
	0x00, 0x00, 0x00, 0x11, 0x07, 0x07, 0x07, 0x07, 
	0x08, 0x02, 0x03, 0x04, 0x05, 0x05, 0x05, 0x0e, 
	0x09, 0x09, 0x0a, 0x0c, 0x04, 0x00, 0x00, 0x00, 
	0x00, 0x00, 0x00, 0x00, 0x00, 0x00, 0x00, 0x00, 
	0x00, 0x12, 0x07, 0x07, 0x07, 0x07, 0x08, 0x0f, 
	0x02, 0x03, 0x04, 0x05, 0x05, 0x05, 0x05, 0x09, 
	0x09, 0x09, 0x0a, 0x0b, 0x00, 0x00, 0x00, 0x00, 
	0x00, 0x00, 0x00, 0x00, 0x00, 0x00, 0x13, 0x04, 
	0x04, 0x04, 0x03, 0x03, 0x03, 0x0f, 0x02, 0x03, 
	0x04, 0x04, 0x05, 0x05, 0x05, 0x05, 0x09, 0x09, 
	0x09, 0x0a, 0x0a, 0x09, 0x00, 0x00, 0x00, 0x00, 
	0x00, 0x00, 0x00, 0x00, 0x05, 0x14, 0x14, 0x05, 
	0x05, 0x05, 0x05, 0x05, 0x04, 0x04, 0x04, 0x04, 
	0x05, 0x05, 0x05, 0x05, 0x05, 0x09, 0x09, 0x09, 
	0x09, 0x0a, 0x0b, 0x04, 0x00, 0x00, 0x00, 0x00, 
	0x00, 0x00, 0x00, 0x14, 0x09, 0x09, 0x09, 0x14, 
	0x0e, 0x05, 0x05, 0x05, 0x05, 0x05, 0x05, 0x05, 
	0x05, 0x05, 0x05, 0x05, 0x09, 0x09, 0x09, 0x09, 
	0x0a, 0x0a, 0x0a, 0x00, 0x00, 0x00, 0x00, 0x00, 
	0x00, 0x00, 0x15, 0x09, 0x09, 0x09, 0x09, 0x09, 
	0x0e, 0x0e, 0x05, 0x05, 0x05, 0x05, 0x05, 0x05, 
	0x05, 0x05, 0x14, 0x09, 0x09, 0x09, 0x09, 0x0a, 
	0x0a, 0x0b, 0x02, 0x00, 0x00, 0x00, 0x00, 0x00, 
	0x16, 0x00, 0x09, 0x09, 0x09, 0x09, 0x09, 0x09, 
	0x0e, 0x05, 0x05, 0x05, 0x05, 0x05, 0x05, 0x05, 
	0x05, 0x14, 0x09, 0x09, 0x09, 0x09, 0x0a, 0x0a, 
	0x0a, 0x0a, 0x00, 0x00, 0x00, 0x00, 0x00, 0x00, 
	0x17, 0x18, 0x0a, 0x09, 0x09, 0x09, 0x09, 0x09, 
	0x05, 0x09, 0x14, 0x05, 0x05, 0x05, 0x05, 0x05, 
	0x09, 0x09, 0x09, 0x09, 0x09, 0x0a, 0x0a, 0x0a, 
	0x0b, 0x00, 0x00, 0x00, 0x00, 0x00, 0x00, 0x00, 
	0x00, 0x09, 0x0a, 0x09, 0x09, 0x09, 0x09, 0x09, 
	0x09, 0x0e, 0x09, 0x05, 0x05, 0x05, 0x0e, 0x09, 
	0x09, 0x09, 0x09, 0x09, 0x0a, 0x0a, 0x0a, 0x0b, 
	0x0e, 0x00, 0x00, 0x00, 0x00, 0x00, 0x00, 0x00, 
	0x00, 0x0a, 0x0a, 0x0a, 0x09, 0x09, 0x09, 0x09, 
	0x09, 0x09, 0x09, 0x09, 0x09, 0x09, 0x09, 0x09, 
	0x09, 0x09, 0x0a, 0x0a, 0x0a, 0x0a, 0x0b, 0x09, 
	0x00, 0x00, 0x00, 0x00, 0x00, 0x00, 0x00, 0x00, 
	0x00, 0x09, 0x0a, 0x0a, 0x0a, 0x09, 0x09, 0x09, 
	0x09, 0x09, 0x09, 0x09, 0x09, 0x09, 0x09, 0x09, 
	0x0a, 0x0a, 0x0a, 0x0a, 0x0a, 0x0c, 0x0a, 0x00, 
	0x00, 0x00, 0x00, 0x00, 0x00, 0x00, 0x00, 0x00, 
	0x00, 0x19, 0x0b, 0x0a, 0x0a, 0x0a, 0x0a, 0x09, 
	0x09, 0x09, 0x09, 0x09, 0x09, 0x09, 0x0a, 0x0a, 
	0x0a, 0x0a, 0x0a, 0x0a, 0x0b, 0x0a, 0x00, 0x00, 
	0x00, 0x00, 0x00, 0x00, 0x00, 0x00, 0x00, 0x00, 
	0x00, 0x00, 0x0a, 0x0b, 0x0a, 0x0a, 0x0a, 0x0a, 
	0x0a, 0x09, 0x09, 0x09, 0x0a, 0x0a, 0x0a, 0x0a, 
	0x0a, 0x0a, 0x0c, 0x0b, 0x1a, 0x00, 0x00, 0x00, 
	0x00, 0x00, 0x00, 0x00, 0x00, 0x00, 0x00, 0x00, 
	0x00, 0x00, 0x00, 0x0e, 0x1b, 0x1c, 0x1c, 0x0a, 
	0x0a, 0x0a, 0x0a, 0x0a, 0x0a, 0x0a, 0x0a, 0x0a, 
	0x0c, 0x0b, 0x09, 0x00, 0x00, 0x00, 0x00, 0x00, 
	0x00, 0x00, 0x00, 0x00, 0x00, 0x00, 0x00, 0x00, 
	0x00, 0x00, 0x00, 0x00, 0x1d, 0x0a, 0x0b, 0x0b, 
	0x0a, 0x0a, 0x0a, 0x0c, 0x0a, 0x0b, 0x0b, 0x0b, 
	0x09, 0x00, 0x00, 0x00, 0x00, 0x00, 0x00, 0x00, 
	0x00, 0x00, 0x00, 0x00, 0x00, 0x00, 0x00, 0x00, 
	0x00, 0x00, 0x00, 0x00, 0x00, 0x00, 0x00, 0x1e, 
	0x0e, 0x0a, 0x09, 0x09, 0x09, 0x1f, 0x12, 0x00, 
	0x00, 0x00, 0x00, 0x00, 0x00, 0x00, 0x00, 0x00, 
	0x00, 0x00, 0x00, 0x00, 0x00, 0x00, 0x00, 0x00, 
	0x00, 0x00, 0x00, 0x00, 0x00, 0x00, 0x00, 0x00, 
	0x00, 0x00, 0x00, 0x00, 0x00, 0x00, 0x00, 0x00, 
	0x00, 0x00, 0x00, 0x00, 0x00, 0x00, 0x00, 0x00, 
	0x00, 0x00, 0x00, 0x00, 0x00, 0x00, 0x00, 0x00, 
	0x00, 0x00, 0x00, 0x00, 0x00, 0x00, 0x00, 0x00, 
	0x00, 0x00, 0x00, 0x00, 0x00, 0x00, 0x00, 0x00, 
	0x00, 0x00, 0x00, 0x00, 0x00, 0x00, 0x00, 0x00, 
	0x00, 0x00, 0x00, 0x00, 0x00, 0x00, 0x00, 0x00, 
	0x00, 0x00, 0x00, 0x00, 0x00, 0x00, 0x00, 0x00, 
	0x00, 0x00, 0x00, 0x00, 0x00, 0x00, 0x00, 0x00, 
	0x00, 0x00, 0x00, 0x00, 0x00, 0x00, 0x00, 0x00, 
	0x00, 0x00, 0x00, 0x00, 0x00, 0x00, 0x00, 0x00, 
	0x00, 0x00, 0x00, 0x00, 0x00, 0x00, 0x00, 0x00, 
	0x00, 0x00, 0x00, 0x00, 0x00, 0x00, 0x00, 0x00, 
	0x00, 0x00, 0x00, 0x00, 0x00, 0x00, 0x00, 0x00, 
	0x00, 0x00, 0x00, 0x00, 0x00, 0x00, 0x00, 0x00, 
	0x00, 0x00, 0x00, 0x00, 0x00, 0x00, 0x00, 0x00, 
	0x00, 0x00, 0x00, 0x00, 0x00, 0x00, 0x00, 0x00, 
	0x00, 0x00, 0x00, 0x00, 0x00, 0x00, 0x00, 0x00, 
	0x00, 0x00, 0x00, 0x00, 0x00, 0x00, 0x00, 0x00, 
	0x00, 0x00, 0x00, 0x00, 0x00, 0x00, 0x00, 0x00, 
	0x00, 0x00, 0x00, 0x00, 0x00, 0x00, 0x00, 0x00, 
	0x00, 0x00, 0x00, 0x00, 0x00, 0x00, 0x00, 0x00, 
	0x00, 0x00, 0x00, 0x00, 0x00, 0x00, 0x00, 0x00, 
	
};

Gfx mario_SM64_Luigi_Hair_pal_rgba16_aligner[] = {gsSPEndDisplayList()};
u8 mario_SM64_Luigi_Hair_pal_rgba16[] = {
	0xff, 0xfe, 0x90, 0x81, 0x88, 0x81, 0x80, 0x81, 
	0x78, 0x81, 0x70, 0x81, 0x80, 0xc1, 0x98, 0xc1, 
	0x90, 0xc1, 0x68, 0x41, 0x60, 0x41, 0x58, 0x01, 
	0x60, 0x01, 0xa0, 0xc1, 0x70, 0x41, 0x88, 0xc1, 
	0xb1, 0x41, 0xa1, 0x03, 0x99, 0x03, 0x78, 0xc5, 
	0x68, 0x81, 0x70, 0xc3, 0xff, 0xfc, 0xff, 0xbc, 
	0x91, 0x45, 0xa1, 0x87, 0x88, 0x83, 0x50, 0x01, 
	0x58, 0x41, 0x88, 0xc3, 0x80, 0xc3, 0x80, 0x83, 
	
};

Gfx mario_texture__1__ci8_copy_aligner[] = {gsSPEndDisplayList()};
u8 mario_texture__1__ci8_copy[] = {
	0x00, 0x00, 0x00, 0x00, 0x00, 0x00, 0x00, 0x00, 
	0x00, 0x00, 0x00, 0x00, 0x00, 0x00, 0x00, 0x00, 
	0x00, 0x00, 0x00, 0x00, 0x00, 0x00, 0x00, 0x00, 
	0x00, 0x00, 0x00, 0x00, 0x00, 0x00, 0x00, 0x00, 
	0x00, 0x00, 0x00, 0x00, 0x00, 0x00, 0x00, 0x00, 
	0x00, 0x00, 0x00, 0x00, 0x00, 0x00, 0x00, 0x00, 
	0x00, 0x00, 0x00, 0x00, 0x00, 0x00, 0x00, 0x00, 
	0x00, 0x00, 0x00, 0x00, 0x00, 0x00, 0x00, 0x00, 
	0x00, 0x00, 0x00, 0x00, 0x00, 0x00, 0x00, 0x00, 
	0x00, 0x00, 0x00, 0x00, 0x00, 0x00, 0x00, 0x00, 
	0x00, 0x00, 0x00, 0x00, 0x00, 0x00, 0x00, 0x00, 
	0x00, 0x00, 0x00, 0x00, 0x00, 0x00, 0x00, 0x00, 
	0x00, 0x00, 0x00, 0x00, 0x00, 0x00, 0x00, 0x00, 
	0x00, 0x00, 0x00, 0x00, 0x00, 0x00, 0x00, 0x00, 
	0x00, 0x00, 0x00, 0x00, 0x00, 0x00, 0x00, 0x00, 
	0x00, 0x00, 0x00, 0x00, 0x00, 0x00, 0x00, 0x00, 
	0x00, 0x00, 0x00, 0x01, 0x01, 0x02, 0x03, 0x04, 
	0x05, 0x05, 0x00, 0x00, 0x00, 0x00, 0x00, 0x00, 
	0x00, 0x00, 0x00, 0x00, 0x00, 0x00, 0x06, 0x06, 
	0x04, 0x03, 0x02, 0x01, 0x01, 0x00, 0x00, 0x00, 
	0x00, 0x00, 0x06, 0x07, 0x08, 0x09, 0x0a, 0x0b, 
	0x0c, 0x03, 0x03, 0x00, 0x00, 0x00, 0x00, 0x00, 
	0x00, 0x00, 0x00, 0x00, 0x00, 0x04, 0x04, 0x0d, 
	0x0b, 0x0a, 0x09, 0x08, 0x07, 0x07, 0x00, 0x00, 
	0x00, 0x0e, 0x0f, 0x0d, 0x0a, 0x0a, 0x0a, 0x0a, 
	0x0d, 0x0a, 0x07, 0x10, 0x00, 0x00, 0x00, 0x00, 
	0x00, 0x00, 0x00, 0x00, 0x11, 0x05, 0x0b, 0x0d, 
	0x0b, 0x0a, 0x0b, 0x0a, 0x12, 0x10, 0x13, 0x00, 
	0x00, 0x0e, 0x14, 0x09, 0x15, 0x10, 0x03, 0x0f, 
	0x16, 0x09, 0x17, 0x10, 0x00, 0x00, 0x00, 0x00, 
	0x00, 0x00, 0x00, 0x00, 0x11, 0x18, 0x0b, 0x19, 
	0x1a, 0x03, 0x1a, 0x15, 0x09, 0x19, 0x13, 0x00, 
	0x00, 0x03, 0x0a, 0x02, 0x1b, 0x1b, 0x00, 0x1c, 
	0x1c, 0x02, 0x0a, 0x03, 0x00, 0x00, 0x00, 0x00, 
	0x00, 0x00, 0x00, 0x00, 0x1a, 0x1d, 0x05, 0x13, 
	0x13, 0x00, 0x1b, 0x1b, 0x06, 0x08, 0x01, 0x00, 
	0x00, 0x03, 0x03, 0x03, 0x00, 0x1e, 0x1e, 0x1e, 
	0x1e, 0x1f, 0x03, 0x03, 0x00, 0x00, 0x00, 0x00, 
	0x00, 0x00, 0x00, 0x00, 0x1a, 0x1a, 0x20, 0x1e, 
	0x1e, 0x1e, 0x1e, 0x00, 0x01, 0x01, 0x01, 0x00, 
	0x00, 0x00, 0x00, 0x00, 0x1e, 0x1e, 0x21, 0x21, 
	0x21, 0x1e, 0x22, 0x22, 0x00, 0x00, 0x00, 0x00, 
	0x00, 0x00, 0x00, 0x00, 0x00, 0x23, 0x24, 0x21, 
	0x21, 0x21, 0x1e, 0x1e, 0x1e, 0x00, 0x00, 0x00, 
	0x00, 0x00, 0x00, 0x1e, 0x1e, 0x21, 0x21, 0x21, 
	0x21, 0x25, 0x26, 0x27, 0x28, 0x00, 0x00, 0x00, 
	0x00, 0x00, 0x00, 0x00, 0x29, 0x2a, 0x2b, 0x21, 
	0x21, 0x21, 0x21, 0x21, 0x1e, 0x1e, 0x00, 0x00, 
	0x00, 0x00, 0x1e, 0x1e, 0x21, 0x21, 0x21, 0x21, 
	0x2c, 0x2d, 0x2e, 0x2f, 0x28, 0x00, 0x00, 0x00, 
	0x00, 0x00, 0x00, 0x29, 0x29, 0x30, 0x31, 0x32, 
	0x21, 0x21, 0x21, 0x21, 0x21, 0x1e, 0x00, 0x00, 
	0x00, 0x00, 0x1e, 0x21, 0x21, 0x21, 0x21, 0x33, 
	0x34, 0x35, 0x36, 0x37, 0x38, 0x39, 0x00, 0x00, 
	0x00, 0x00, 0x3a, 0x3b, 0x30, 0x36, 0x36, 0x3c, 
	0x3d, 0x21, 0x21, 0x21, 0x21, 0x1e, 0x1e, 0x00, 
	0x00, 0x1e, 0x1e, 0x21, 0x21, 0x21, 0x21, 0x3e, 
	0x3f, 0x37, 0x40, 0x41, 0x42, 0x39, 0x00, 0x00, 
	0x00, 0x00, 0x3a, 0x43, 0x41, 0x44, 0x37, 0x36, 
	0x2e, 0x45, 0x21, 0x21, 0x21, 0x21, 0x1e, 0x00, 
	0x00, 0x1e, 0x21, 0x21, 0x21, 0x21, 0x46, 0x34, 
	0x37, 0x47, 0x48, 0x49, 0x4a, 0x4b, 0x4c, 0x00, 
	0x00, 0x00, 0x4d, 0x4e, 0x4f, 0x50, 0x51, 0x37, 
	0x35, 0x2f, 0x21, 0x21, 0x21, 0x21, 0x1e, 0x00, 
	0x00, 0x1e, 0x21, 0x21, 0x21, 0x21, 0x3d, 0x36, 
	0x37, 0x52, 0x09, 0x09, 0x53, 0x54, 0x4c, 0x00, 
	0x00, 0x55, 0x56, 0x57, 0x09, 0x09, 0x58, 0x59, 
	0x36, 0x5a, 0x21, 0x21, 0x21, 0x21, 0x1e, 0x1e, 
	0x1e, 0x1e, 0x21, 0x21, 0x21, 0x21, 0x5b, 0x36, 
	0x44, 0x5c, 0x09, 0x09, 0x09, 0x5d, 0x5e, 0x00, 
	0x00, 0x55, 0x5f, 0x09, 0x09, 0x09, 0x09, 0x60, 
	0x37, 0x30, 0x21, 0x21, 0x21, 0x21, 0x21, 0x1e, 
	0x1e, 0x21, 0x21, 0x21, 0x21, 0x21, 0x61, 0x36, 
	0x62, 0x09, 0x09, 0x63, 0x09, 0x64, 0x65, 0x00, 
	0x00, 0x66, 0x67, 0x09, 0x68, 0x09, 0x09, 0x69, 
	0x6a, 0x6b, 0x25, 0x21, 0x21, 0x21, 0x21, 0x1e, 
	0x1e, 0x21, 0x21, 0x21, 0x21, 0x21, 0x6c, 0x36, 
	0x6d, 0x09, 0x6e, 0x6f, 0x70, 0x71, 0x72, 0x00, 
	0x00, 0x73, 0x74, 0x75, 0x6f, 0x76, 0x09, 0x52, 
	0x6a, 0x34, 0x77, 0x21, 0x21, 0x21, 0x21, 0x1e, 
	0x1e, 0x21, 0x21, 0x21, 0x21, 0x21, 0x30, 0x6a, 
	0x78, 0x09, 0x79, 0x21, 0x7a, 0x7b, 0x7c, 0x00, 
	0x00, 0x7d, 0x7e, 0x7f, 0x21, 0x80, 0x09, 0x4f, 
	0x81, 0x34, 0x46, 0x21, 0x21, 0x21, 0x21, 0x1e, 
	0x1e, 0x21, 0x21, 0x21, 0x21, 0x21, 0x82, 0x36, 
	0x6d, 0x09, 0x83, 0x7a, 0x79, 0x71, 0x72, 0x00, 
	0x00, 0x84, 0x85, 0x86, 0x7a, 0x87, 0x09, 0x57, 
	0x81, 0x31, 0x2b, 0x21, 0x21, 0x21, 0x21, 0x1e, 
	0x1e, 0x21, 0x21, 0x21, 0x21, 0x21, 0x5a, 0x36, 
	0x60, 0x09, 0x09, 0x09, 0x09, 0x88, 0x89, 0x00, 
	0x00, 0x8a, 0x8b, 0x09, 0x5c, 0x09, 0x09, 0x8c, 
	0x6a, 0x6b, 0x25, 0x21, 0x21, 0x21, 0x21, 0x1e, 
	0x1e, 0x1e, 0x21, 0x21, 0x21, 0x21, 0x5b, 0x36, 
	0x8d, 0x5c, 0x09, 0x09, 0x09, 0x8e, 0x8f, 0x00, 
	0x00, 0x90, 0x91, 0x09, 0x09, 0x09, 0x09, 0x92, 
	0x93, 0x94, 0x21, 0x21, 0x21, 0x21, 0x21, 0x1e, 
	0x00, 0x1e, 0x21, 0x21, 0x21, 0x21, 0x95, 0x36, 
	0x81, 0x4f, 0x09, 0x09, 0x09, 0x96, 0x97, 0x00, 
	0x00, 0x90, 0x7d, 0x4f, 0x09, 0x09, 0x5c, 0x47, 
	0x36, 0x98, 0x21, 0x21, 0x21, 0x21, 0x1e, 0x1e, 
	0x00, 0x1e, 0x21, 0x21, 0x21, 0x21, 0x77, 0x34, 
	0x37, 0x99, 0x09, 0x09, 0x6d, 0x9a, 0x97, 0x00, 
	0x00, 0x00, 0x9b, 0x9c, 0x53, 0x09, 0x78, 0x37, 
	0x36, 0x9d, 0x21, 0x21, 0x21, 0x21, 0x1e, 0x00, 
	0x00, 0x1e, 0x1e, 0x21, 0x21, 0x21, 0x21, 0x5a, 
	0x3f, 0x37, 0x9e, 0x9f, 0x94, 0xa0, 0x00, 0x00, 
	0x00, 0x00, 0xa1, 0x5b, 0xa2, 0xa3, 0x81, 0x36, 
	0x2d, 0x2b, 0x21, 0x21, 0x21, 0x21, 0x1e, 0x00, 
	0x00, 0x00, 0x1e, 0x21, 0x21, 0x21, 0x21, 0x46, 
	0x34, 0x3c, 0x36, 0x6a, 0xa4, 0xa0, 0x00, 0x00, 
	0x00, 0x00, 0xa1, 0xa5, 0x2d, 0xa6, 0x36, 0x3c, 
	0x95, 0x21, 0x21, 0x21, 0x21, 0x1e, 0x1e, 0x00, 
	0x00, 0x00, 0x1e, 0x1e, 0x21, 0x21, 0x21, 0x21, 
	0xa7, 0x82, 0xa8, 0x9d, 0xa9, 0x00, 0x00, 0x00, 
	0x00, 0x00, 0x00, 0xaa, 0x33, 0x3e, 0x94, 0x95, 
	0x21, 0x21, 0x21, 0x21, 0x21, 0x1e, 0x00, 0x00, 
	0x00, 0x00, 0x00, 0x1e, 0x21, 0x21, 0x21, 0x21, 
	0x21, 0x21, 0x21, 0xab, 0xa9, 0x00, 0x00, 0x00, 
	0x00, 0x00, 0x00, 0xaa, 0xac, 0x21, 0x21, 0x21, 
	0x21, 0x21, 0x21, 0x21, 0x1e, 0x1e, 0x00, 0x00, 
	0x00, 0x00, 0x00, 0x1e, 0x1e, 0x1e, 0x21, 0x21, 
	0x21, 0x21, 0x1e, 0x1e, 0x00, 0x00, 0x00, 0x00, 
	0x00, 0x00, 0x00, 0x00, 0x1e, 0x1e, 0x1e, 0x21, 
	0x21, 0x21, 0x1e, 0x1e, 0x1e, 0x00, 0x00, 0x00, 
	0x00, 0x00, 0x00, 0x00, 0x00, 0x1e, 0x1e, 0x1e, 
	0x1e, 0x1e, 0x1e, 0x00, 0x00, 0x00, 0x00, 0x00, 
	0x00, 0x00, 0x00, 0x00, 0x00, 0x00, 0x1e, 0x1e, 
	0x1e, 0x1e, 0x1e, 0x00, 0x00, 0x00, 0x00, 0x00, 
	
};

Gfx mario_texture__1__pal_rgba16_copy_aligner[] = {gsSPEndDisplayList()};
u8 mario_texture__1__pal_rgba16_copy[] = {
	0xff, 0xfe, 0x18, 0x86, 0x00, 0x00, 0x08, 0x02, 
	0x08, 0x00, 0x10, 0x42, 0x08, 0x42, 0x10, 0x44, 
	0x18, 0x87, 0x00, 0x01, 0x08, 0x03, 0x08, 0x01, 
	0x10, 0x43, 0x08, 0x43, 0x29, 0x4a, 0x18, 0xc6, 
	0x20, 0xc8, 0x18, 0x84, 0x10, 0x45, 0x39, 0x8e, 
	0x29, 0x4b, 0x41, 0xcf, 0x31, 0x8d, 0x20, 0xc9, 
	0x18, 0x85, 0x39, 0x8f, 0x20, 0xc6, 0x41, 0xce, 
	0x31, 0x8c, 0x20, 0xc7, 0xf7, 0xbc, 0x83, 0xe0, 
	0x8c, 0x62, 0xf7, 0xbd, 0xef, 0x7c, 0xe7, 0x7c, 
	0xef, 0xbc, 0xef, 0xbd, 0xef, 0x7d, 0xce, 0xfc, 
	0xa6, 0x3c, 0x44, 0x7a, 0x95, 0xfc, 0xe7, 0x7d, 
	0xb6, 0xbd, 0x3c, 0x3b, 0x33, 0xf9, 0xa6, 0x3d, 
	0x44, 0x7b, 0x2b, 0xf9, 0x95, 0xbd, 0xc6, 0xfd, 
	0x2b, 0xb9, 0x1b, 0x77, 0x1b, 0x79, 0x23, 0xb9, 
	0x34, 0x3a, 0x4c, 0xbc, 0x85, 0x7c, 0x64, 0xfc, 
	0x13, 0x37, 0x95, 0xfd, 0x5c, 0xbd, 0x1b, 0x37, 
	0x23, 0x35, 0x12, 0xf5, 0x4c, 0xbd, 0x85, 0x7d, 
	0x1b, 0x33, 0xdf, 0x7d, 0xd7, 0x3d, 0x1a, 0xf3, 
	0x00, 0x93, 0x00, 0x53, 0x1a, 0xaf, 0x54, 0x36, 
	0x8d, 0x7c, 0x3b, 0xf4, 0x3b, 0xf5, 0x00, 0xd9, 
	0x00, 0x4b, 0x12, 0x6b, 0x09, 0x1d, 0x00, 0x0b, 
	0x8d, 0x7d, 0x95, 0x7a, 0x4b, 0x6a, 0x01, 0x1d, 
	0x00, 0x4f, 0x1b, 0x35, 0x6c, 0xfd, 0x7d, 0x3d, 
	0x00, 0x05, 0x5c, 0x33, 0x5c, 0x32, 0x95, 0x7b, 
	0x12, 0x29, 0x64, 0xfd, 0x12, 0x2b, 0x00, 0x8d, 
	0x32, 0xe7, 0x32, 0xe6, 0x6c, 0xb2, 0x6c, 0xb3, 
	0x00, 0x8f, 0x09, 0x63, 0x23, 0x79, 0x33, 0xfb, 
	0x54, 0xbb, 0x11, 0xe7, 0x21, 0xdd, 0xce, 0xbd, 
	0x6c, 0x2f, 0x19, 0xe1, 0x19, 0xe0, 0x53, 0xec, 
	0x53, 0xed, 0x32, 0x61, 0x53, 0xa9, 0xdf, 0x3d, 
	0x09, 0xe5, 0x5b, 0xeb, 0xb6, 0x3d, 0x11, 0x9f, 
	0x11, 0x9e, 0x43, 0x28, 0x43, 0x29, 0x74, 0x6f, 
	0x9d, 0xb9, 0x23, 0x77, 0x54, 0xbd, 0x19, 0x9b, 
	0x4b, 0xac, 0x4b, 0xad, 0x2a, 0x1f, 0x4b, 0x67, 
	0x2a, 0xa7, 0x2a, 0xa6, 0x64, 0x72, 0x64, 0x73, 
	0x09, 0x61, 0x1a, 0xf1, 0x53, 0xf1, 0x53, 0xf0, 
	0x8d, 0x3a, 0x8d, 0x3b, 0x12, 0x27, 0x1b, 0xb9, 
	0x4c, 0x7b, 0x9e, 0x3d, 0x85, 0x7b, 0x85, 0x7a, 
	0x75, 0x3d, 0x12, 0x6d, 0x4b, 0xb0, 0x2b, 0x72, 
	0x2b, 0x73, 0xae, 0x7d, 0x1a, 0xb1, 0x12, 0x6f, 
	0x4c, 0x7a, 0x7d, 0x3c, 0x0a, 0x71, 0x12, 0xad, 
	0x33, 0xfa, 0x5c, 0xbc, 0x13, 0x79, 0xbe, 0xbd, 
	0x4c, 0xbb, 0xae, 0x7c, 0xc6, 0xfc, 0xd7, 0x3c, 
	0xdf, 0x7c, 
};

Gfx mario_SM64_Luigi_Hair_ci8_copy_aligner[] = {gsSPEndDisplayList()};
u8 mario_SM64_Luigi_Hair_ci8_copy[] = {
	0x00, 0x00, 0x00, 0x00, 0x00, 0x00, 0x00, 0x00, 
	0x00, 0x00, 0x00, 0x00, 0x00, 0x00, 0x00, 0x00, 
	0x00, 0x00, 0x00, 0x00, 0x00, 0x00, 0x00, 0x00, 
	0x00, 0x00, 0x00, 0x00, 0x00, 0x00, 0x00, 0x00, 
	0x00, 0x00, 0x00, 0x00, 0x00, 0x00, 0x00, 0x00, 
	0x00, 0x00, 0x00, 0x00, 0x00, 0x00, 0x00, 0x00, 
	0x00, 0x00, 0x00, 0x00, 0x00, 0x00, 0x00, 0x00, 
	0x00, 0x00, 0x00, 0x00, 0x00, 0x00, 0x00, 0x00, 
	0x00, 0x00, 0x00, 0x00, 0x00, 0x00, 0x00, 0x00, 
	0x00, 0x00, 0x00, 0x00, 0x00, 0x00, 0x00, 0x00, 
	0x00, 0x00, 0x00, 0x01, 0x01, 0x02, 0x03, 0x04, 
	0x04, 0x05, 0x06, 0x00, 0x00, 0x00, 0x00, 0x00, 
	0x00, 0x00, 0x00, 0x00, 0x00, 0x00, 0x00, 0x00, 
	0x00, 0x00, 0x00, 0x00, 0x00, 0x00, 0x00, 0x00, 
	0x00, 0x00, 0x00, 0x07, 0x07, 0x08, 0x03, 0x04, 
	0x05, 0x09, 0x09, 0x0a, 0x0b, 0x0c, 0x0c, 0x00, 
	0x00, 0x00, 0x00, 0x00, 0x00, 0x00, 0x00, 0x00, 
	0x00, 0x00, 0x00, 0x00, 0x00, 0x00, 0x00, 0x00, 
	0x00, 0x00, 0x0d, 0x0d, 0x07, 0x08, 0x03, 0x04, 
	0x05, 0x0e, 0x09, 0x09, 0x0a, 0x0c, 0x09, 0x00, 
	0x00, 0x00, 0x00, 0x00, 0x00, 0x00, 0x00, 0x00, 
	0x00, 0x00, 0x00, 0x00, 0x00, 0x00, 0x00, 0x00, 
	0x00, 0x00, 0x07, 0x0d, 0x07, 0x0f, 0x03, 0x05, 
	0x05, 0x09, 0x09, 0x09, 0x0a, 0x0b, 0x00, 0x00, 
	0x00, 0x00, 0x00, 0x00, 0x00, 0x00, 0x00, 0x00, 
	0x00, 0x00, 0x00, 0x00, 0x00, 0x00, 0x00, 0x00, 
	0x00, 0x10, 0x0d, 0x07, 0x08, 0x02, 0x04, 0x05, 
	0x05, 0x09, 0x09, 0x09, 0x0a, 0x0c, 0x00, 0x00, 
	0x00, 0x00, 0x00, 0x00, 0x00, 0x00, 0x00, 0x00, 
	0x00, 0x00, 0x00, 0x00, 0x00, 0x00, 0x00, 0x00, 
	0x00, 0x07, 0x07, 0x08, 0x02, 0x04, 0x04, 0x05, 
	0x05, 0x09, 0x09, 0x0a, 0x0c, 0x04, 0x00, 0x00, 
	0x00, 0x00, 0x00, 0x00, 0x00, 0x00, 0x00, 0x00, 
	0x00, 0x00, 0x00, 0x00, 0x00, 0x00, 0x00, 0x00, 
	0x07, 0x07, 0x08, 0x0f, 0x03, 0x04, 0x05, 0x05, 
	0x09, 0x09, 0x09, 0x0a, 0x0b, 0x00, 0x00, 0x00, 
	0x00, 0x00, 0x00, 0x00, 0x00, 0x00, 0x00, 0x00, 
	0x00, 0x00, 0x00, 0x00, 0x00, 0x00, 0x0d, 0x07, 
	0x07, 0x08, 0x0f, 0x03, 0x04, 0x05, 0x05, 0x05, 
	0x09, 0x09, 0x09, 0x0a, 0x0a, 0x00, 0x00, 0x00, 
	0x00, 0x00, 0x00, 0x00, 0x00, 0x00, 0x00, 0x00, 
	0x00, 0x00, 0x00, 0x11, 0x07, 0x07, 0x07, 0x07, 
	0x08, 0x02, 0x03, 0x04, 0x05, 0x05, 0x05, 0x0e, 
	0x09, 0x09, 0x0a, 0x0c, 0x04, 0x00, 0x00, 0x00, 
	0x00, 0x00, 0x00, 0x00, 0x00, 0x00, 0x00, 0x00, 
	0x00, 0x12, 0x07, 0x07, 0x07, 0x07, 0x08, 0x0f, 
	0x02, 0x03, 0x04, 0x05, 0x05, 0x05, 0x05, 0x09, 
	0x09, 0x09, 0x0a, 0x0b, 0x00, 0x00, 0x00, 0x00, 
	0x00, 0x00, 0x00, 0x00, 0x00, 0x00, 0x13, 0x04, 
	0x04, 0x04, 0x03, 0x03, 0x03, 0x0f, 0x02, 0x03, 
	0x04, 0x04, 0x05, 0x05, 0x05, 0x05, 0x09, 0x09, 
	0x09, 0x0a, 0x0a, 0x09, 0x00, 0x00, 0x00, 0x00, 
	0x00, 0x00, 0x00, 0x00, 0x05, 0x14, 0x14, 0x05, 
	0x05, 0x05, 0x05, 0x05, 0x04, 0x04, 0x04, 0x04, 
	0x05, 0x05, 0x05, 0x05, 0x05, 0x09, 0x09, 0x09, 
	0x09, 0x0a, 0x0b, 0x04, 0x00, 0x00, 0x00, 0x00, 
	0x00, 0x00, 0x00, 0x14, 0x09, 0x09, 0x09, 0x14, 
	0x0e, 0x05, 0x05, 0x05, 0x05, 0x05, 0x05, 0x05, 
	0x05, 0x05, 0x05, 0x05, 0x09, 0x09, 0x09, 0x09, 
	0x0a, 0x0a, 0x0a, 0x00, 0x00, 0x00, 0x00, 0x00, 
	0x00, 0x00, 0x15, 0x09, 0x09, 0x09, 0x09, 0x09, 
	0x0e, 0x0e, 0x05, 0x05, 0x05, 0x05, 0x05, 0x05, 
	0x05, 0x05, 0x14, 0x09, 0x09, 0x09, 0x09, 0x0a, 
	0x0a, 0x0b, 0x02, 0x00, 0x00, 0x00, 0x00, 0x00, 
	0x16, 0x00, 0x09, 0x09, 0x09, 0x09, 0x09, 0x09, 
	0x0e, 0x05, 0x05, 0x05, 0x05, 0x05, 0x05, 0x05, 
	0x05, 0x14, 0x09, 0x09, 0x09, 0x09, 0x0a, 0x0a, 
	0x0a, 0x0a, 0x00, 0x00, 0x00, 0x00, 0x00, 0x00, 
	0x17, 0x18, 0x0a, 0x09, 0x09, 0x09, 0x09, 0x09, 
	0x05, 0x09, 0x14, 0x05, 0x05, 0x05, 0x05, 0x05, 
	0x09, 0x09, 0x09, 0x09, 0x09, 0x0a, 0x0a, 0x0a, 
	0x0b, 0x00, 0x00, 0x00, 0x00, 0x00, 0x00, 0x00, 
	0x00, 0x09, 0x0a, 0x09, 0x09, 0x09, 0x09, 0x09, 
	0x09, 0x0e, 0x09, 0x05, 0x05, 0x05, 0x0e, 0x09, 
	0x09, 0x09, 0x09, 0x09, 0x0a, 0x0a, 0x0a, 0x0b, 
	0x0e, 0x00, 0x00, 0x00, 0x00, 0x00, 0x00, 0x00, 
	0x00, 0x0a, 0x0a, 0x0a, 0x09, 0x09, 0x09, 0x09, 
	0x09, 0x09, 0x09, 0x09, 0x09, 0x09, 0x09, 0x09, 
	0x09, 0x09, 0x0a, 0x0a, 0x0a, 0x0a, 0x0b, 0x09, 
	0x00, 0x00, 0x00, 0x00, 0x00, 0x00, 0x00, 0x00, 
	0x00, 0x09, 0x0a, 0x0a, 0x0a, 0x09, 0x09, 0x09, 
	0x09, 0x09, 0x09, 0x09, 0x09, 0x09, 0x09, 0x09, 
	0x0a, 0x0a, 0x0a, 0x0a, 0x0a, 0x0c, 0x0a, 0x00, 
	0x00, 0x00, 0x00, 0x00, 0x00, 0x00, 0x00, 0x00, 
	0x00, 0x19, 0x0b, 0x0a, 0x0a, 0x0a, 0x0a, 0x09, 
	0x09, 0x09, 0x09, 0x09, 0x09, 0x09, 0x0a, 0x0a, 
	0x0a, 0x0a, 0x0a, 0x0a, 0x0b, 0x0a, 0x00, 0x00, 
	0x00, 0x00, 0x00, 0x00, 0x00, 0x00, 0x00, 0x00, 
	0x00, 0x00, 0x0a, 0x0b, 0x0a, 0x0a, 0x0a, 0x0a, 
	0x0a, 0x09, 0x09, 0x09, 0x0a, 0x0a, 0x0a, 0x0a, 
	0x0a, 0x0a, 0x0c, 0x0b, 0x1a, 0x00, 0x00, 0x00, 
	0x00, 0x00, 0x00, 0x00, 0x00, 0x00, 0x00, 0x00, 
	0x00, 0x00, 0x00, 0x0e, 0x1b, 0x1c, 0x1c, 0x0a, 
	0x0a, 0x0a, 0x0a, 0x0a, 0x0a, 0x0a, 0x0a, 0x0a, 
	0x0c, 0x0b, 0x09, 0x00, 0x00, 0x00, 0x00, 0x00, 
	0x00, 0x00, 0x00, 0x00, 0x00, 0x00, 0x00, 0x00, 
	0x00, 0x00, 0x00, 0x00, 0x1d, 0x0a, 0x0b, 0x0b, 
	0x0a, 0x0a, 0x0a, 0x0c, 0x0a, 0x0b, 0x0b, 0x0b, 
	0x09, 0x00, 0x00, 0x00, 0x00, 0x00, 0x00, 0x00, 
	0x00, 0x00, 0x00, 0x00, 0x00, 0x00, 0x00, 0x00, 
	0x00, 0x00, 0x00, 0x00, 0x00, 0x00, 0x00, 0x1e, 
	0x0e, 0x0a, 0x09, 0x09, 0x09, 0x1f, 0x12, 0x00, 
	0x00, 0x00, 0x00, 0x00, 0x00, 0x00, 0x00, 0x00, 
	0x00, 0x00, 0x00, 0x00, 0x00, 0x00, 0x00, 0x00, 
	0x00, 0x00, 0x00, 0x00, 0x00, 0x00, 0x00, 0x00, 
	0x00, 0x00, 0x00, 0x00, 0x00, 0x00, 0x00, 0x00, 
	0x00, 0x00, 0x00, 0x00, 0x00, 0x00, 0x00, 0x00, 
	0x00, 0x00, 0x00, 0x00, 0x00, 0x00, 0x00, 0x00, 
	0x00, 0x00, 0x00, 0x00, 0x00, 0x00, 0x00, 0x00, 
	0x00, 0x00, 0x00, 0x00, 0x00, 0x00, 0x00, 0x00, 
	0x00, 0x00, 0x00, 0x00, 0x00, 0x00, 0x00, 0x00, 
	0x00, 0x00, 0x00, 0x00, 0x00, 0x00, 0x00, 0x00, 
	0x00, 0x00, 0x00, 0x00, 0x00, 0x00, 0x00, 0x00, 
	0x00, 0x00, 0x00, 0x00, 0x00, 0x00, 0x00, 0x00, 
	0x00, 0x00, 0x00, 0x00, 0x00, 0x00, 0x00, 0x00, 
	0x00, 0x00, 0x00, 0x00, 0x00, 0x00, 0x00, 0x00, 
	0x00, 0x00, 0x00, 0x00, 0x00, 0x00, 0x00, 0x00, 
	0x00, 0x00, 0x00, 0x00, 0x00, 0x00, 0x00, 0x00, 
	0x00, 0x00, 0x00, 0x00, 0x00, 0x00, 0x00, 0x00, 
	0x00, 0x00, 0x00, 0x00, 0x00, 0x00, 0x00, 0x00, 
	0x00, 0x00, 0x00, 0x00, 0x00, 0x00, 0x00, 0x00, 
	0x00, 0x00, 0x00, 0x00, 0x00, 0x00, 0x00, 0x00, 
	0x00, 0x00, 0x00, 0x00, 0x00, 0x00, 0x00, 0x00, 
	0x00, 0x00, 0x00, 0x00, 0x00, 0x00, 0x00, 0x00, 
	0x00, 0x00, 0x00, 0x00, 0x00, 0x00, 0x00, 0x00, 
	0x00, 0x00, 0x00, 0x00, 0x00, 0x00, 0x00, 0x00, 
	0x00, 0x00, 0x00, 0x00, 0x00, 0x00, 0x00, 0x00, 
	0x00, 0x00, 0x00, 0x00, 0x00, 0x00, 0x00, 0x00, 
	
};

Gfx mario_SM64_Luigi_Hair_pal_rgba16_copy_aligner[] = {gsSPEndDisplayList()};
u8 mario_SM64_Luigi_Hair_pal_rgba16_copy[] = {
	0xff, 0xfe, 0x90, 0x81, 0x88, 0x81, 0x80, 0x81, 
	0x78, 0x81, 0x70, 0x81, 0x80, 0xc1, 0x98, 0xc1, 
	0x90, 0xc1, 0x68, 0x41, 0x60, 0x41, 0x58, 0x01, 
	0x60, 0x01, 0xa0, 0xc1, 0x70, 0x41, 0x88, 0xc1, 
	0xb1, 0x41, 0xa1, 0x03, 0x99, 0x03, 0x78, 0xc5, 
	0x68, 0x81, 0x70, 0xc3, 0xff, 0xfc, 0xff, 0xbc, 
	0x91, 0x45, 0xa1, 0x87, 0x88, 0x83, 0x50, 0x01, 
	0x58, 0x41, 0x88, 0xc3, 0x80, 0xc3, 0x80, 0x83, 
	
};

Gfx mario_SM64_Luigi_Stache_ia16_copy_aligner[] = {gsSPEndDisplayList()};
u8 mario_SM64_Luigi_Stache_ia16_copy[] = {
	0x00, 0x00, 0x00, 0x00, 0x00, 0x00, 0x00, 0x00, 
	0x00, 0x00, 0x00, 0x00, 0x00, 0x00, 0x00, 0x00, 
	0x00, 0x00, 0x00, 0x00, 0x00, 0x00, 0x00, 0x00, 
	0x00, 0x00, 0x00, 0x00, 0x00, 0x00, 0x00, 0x00, 
	0x00, 0x00, 0x00, 0x00, 0x00, 0x00, 0x00, 0x00, 
	0x00, 0x00, 0x00, 0x00, 0x00, 0x00, 0x00, 0x00, 
	0x00, 0x00, 0x00, 0x00, 0x00, 0x00, 0x00, 0x00, 
	0x00, 0x00, 0x00, 0x00, 0x00, 0x00, 0x00, 0x00, 
	0x00, 0x00, 0x00, 0x00, 0x00, 0x00, 0x00, 0x00, 
	0x00, 0x00, 0x00, 0x00, 0x00, 0x00, 0x00, 0x00, 
	0x00, 0x00, 0x00, 0x00, 0x00, 0x00, 0x00, 0x00, 
	0x00, 0x00, 0x00, 0x00, 0x00, 0x00, 0x00, 0x00, 
	0x00, 0x00, 0x00, 0x00, 0x00, 0x00, 0x00, 0x00, 
	0x00, 0x00, 0x00, 0x00, 0x00, 0x00, 0x00, 0x00, 
	0x00, 0x00, 0x00, 0x00, 0x00, 0x00, 0x00, 0x00, 
	0x00, 0x00, 0x00, 0x00, 0x00, 0x00, 0x00, 0x00, 
	0x00, 0x00, 0x00, 0x00, 0x00, 0x00, 0x00, 0x00, 
	0x00, 0x00, 0x00, 0x00, 0x00, 0x00, 0x00, 0x00, 
	0x00, 0x00, 0x00, 0x00, 0x00, 0x00, 0x00, 0x00, 
	0x00, 0x00, 0x00, 0x00, 0x00, 0x00, 0x00, 0x00, 
	0x00, 0x00, 0x00, 0x00, 0x00, 0x00, 0x00, 0x00, 
	0x00, 0x00, 0x00, 0x00, 0x00, 0x00, 0x00, 0x00, 
	0x00, 0x00, 0x00, 0xff, 0x00, 0x00, 0x00, 0x00, 
	0x00, 0x00, 0x00, 0x00, 0x00, 0x00, 0x00, 0x00, 
	0x00, 0x00, 0x00, 0x00, 0x00, 0x00, 0x00, 0x00, 
	0x00, 0x00, 0x00, 0x00, 0x00, 0x00, 0x00, 0x00, 
	0x00, 0x00, 0x00, 0x00, 0x00, 0x00, 0x00, 0x00, 
	0x00, 0x00, 0x00, 0x00, 0x00, 0x00, 0x00, 0x00, 
	0x00, 0x00, 0x00, 0x00, 0x00, 0x00, 0x00, 0x00, 
	0x00, 0x00, 0x00, 0x00, 0x00, 0x00, 0x00, 0x00, 
	0x00, 0xff, 0x00, 0xff, 0x00, 0x00, 0x00, 0x00, 
	0x00, 0x00, 0x00, 0x00, 0x00, 0x00, 0x00, 0x00, 
	0x00, 0x00, 0x00, 0x00, 0x00, 0x00, 0x00, 0x00, 
	0x00, 0x00, 0x00, 0x00, 0x00, 0x00, 0x00, 0x00, 
	0x00, 0x00, 0x00, 0x00, 0x00, 0x00, 0x00, 0x00, 
	0x00, 0x00, 0x00, 0x00, 0x00, 0x00, 0x00, 0x00, 
	0x00, 0x00, 0x00, 0x00, 0x00, 0x00, 0x00, 0x00, 
	0x00, 0x00, 0x00, 0x00, 0x00, 0x00, 0x00, 0xff, 
	0x00, 0xff, 0x00, 0xff, 0x00, 0xff, 0x00, 0x00, 
	0x00, 0x00, 0x00, 0x00, 0x00, 0x00, 0x00, 0x00, 
	0x00, 0x00, 0x00, 0x00, 0x00, 0x00, 0x00, 0x00, 
	0x00, 0x00, 0x00, 0x00, 0x00, 0x00, 0x00, 0x00, 
	0x00, 0x00, 0x00, 0x00, 0x00, 0x00, 0x00, 0x00, 
	0x00, 0x00, 0x00, 0x00, 0x00, 0x00, 0x00, 0x00, 
	0x00, 0x00, 0x00, 0x00, 0x00, 0x00, 0x00, 0x00, 
	0x00, 0x00, 0x00, 0x00, 0x00, 0xff, 0x00, 0xff, 
	0x00, 0xff, 0x00, 0xff, 0x00, 0xff, 0x00, 0x00, 
	0x00, 0x00, 0x00, 0x00, 0x00, 0x00, 0x00, 0x00, 
	0x00, 0x00, 0x00, 0x00, 0x00, 0x00, 0x00, 0x00, 
	0x00, 0x00, 0x00, 0x00, 0x00, 0x00, 0x00, 0x00, 
	0x00, 0x00, 0x00, 0x00, 0x00, 0x00, 0x00, 0x00, 
	0x00, 0x00, 0x00, 0x00, 0x00, 0x00, 0x00, 0x00, 
	0x00, 0x00, 0x00, 0x00, 0x00, 0x00, 0x00, 0x00, 
	0x00, 0x00, 0x00, 0xff, 0x00, 0xff, 0x00, 0xff, 
	0x00, 0xff, 0x00, 0xff, 0x00, 0xff, 0x00, 0x00, 
	0x00, 0x00, 0x00, 0x00, 0x00, 0x00, 0x00, 0x00, 
	0x00, 0x00, 0x00, 0x00, 0x00, 0x00, 0x00, 0x00, 
	0x00, 0x00, 0x00, 0x00, 0x00, 0x00, 0x00, 0x00, 
	0x00, 0x00, 0x00, 0x00, 0x00, 0x00, 0x00, 0x00, 
	0x00, 0x00, 0x00, 0x00, 0x00, 0x00, 0x00, 0x00, 
	0x00, 0x00, 0x00, 0x00, 0x00, 0x00, 0x00, 0x00, 
	0x00, 0xff, 0x00, 0xff, 0x00, 0xff, 0x00, 0xff, 
	0x00, 0xff, 0x00, 0xff, 0x00, 0xff, 0x00, 0xff, 
	0x00, 0x00, 0x00, 0x00, 0x00, 0x00, 0x00, 0x00, 
	0x00, 0x00, 0x00, 0x00, 0x00, 0x00, 0x00, 0x00, 
	0x00, 0x00, 0x00, 0x00, 0x00, 0x00, 0x00, 0x00, 
	0x00, 0x00, 0x00, 0x00, 0x00, 0x00, 0x00, 0x00, 
	0x00, 0x00, 0x00, 0x00, 0x00, 0x00, 0x00, 0x00, 
	0x00, 0x00, 0x00, 0x00, 0x00, 0x00, 0x00, 0xff, 
	0x00, 0xff, 0x00, 0xff, 0x00, 0xff, 0x00, 0xff, 
	0x00, 0xff, 0x00, 0xff, 0x00, 0xff, 0x00, 0xff, 
	0x00, 0x00, 0x00, 0x00, 0x00, 0x00, 0x00, 0x00, 
	0x00, 0x00, 0x00, 0x00, 0x00, 0x00, 0x00, 0x00, 
	0x00, 0x00, 0x00, 0x00, 0x00, 0x00, 0x00, 0x00, 
	0x00, 0x00, 0x00, 0x00, 0x00, 0x00, 0x00, 0x00, 
	0x00, 0x00, 0x00, 0x00, 0x00, 0x00, 0x00, 0x00, 
	0x00, 0x00, 0x00, 0x00, 0x00, 0xff, 0x00, 0xff, 
	0x00, 0xff, 0x00, 0xff, 0x00, 0xff, 0x00, 0xff, 
	0x00, 0xff, 0x00, 0xff, 0x00, 0xff, 0x00, 0xff, 
	0x00, 0x00, 0x00, 0x00, 0x00, 0x00, 0x00, 0x00, 
	0x00, 0x00, 0x00, 0x00, 0x00, 0x00, 0x00, 0x00, 
	0x00, 0x00, 0x00, 0x00, 0x00, 0x00, 0x00, 0x00, 
	0x00, 0x00, 0x00, 0x00, 0x00, 0x00, 0x00, 0x00, 
	0x00, 0x00, 0x00, 0x00, 0x00, 0x00, 0x00, 0x00, 
	0x00, 0x00, 0x00, 0xff, 0x00, 0xff, 0x00, 0xff, 
	0x00, 0xff, 0x00, 0xff, 0x00, 0xff, 0x00, 0xff, 
	0x00, 0xff, 0x00, 0xff, 0x00, 0xff, 0x00, 0xff, 
	0x00, 0x00, 0x00, 0x00, 0x00, 0x00, 0x00, 0x00, 
	0x00, 0x00, 0x00, 0x00, 0x00, 0x00, 0x00, 0x00, 
	0x00, 0x00, 0x00, 0x00, 0x00, 0x00, 0x00, 0x00, 
	0x00, 0x00, 0x00, 0x00, 0x00, 0x00, 0x00, 0x00, 
	0x00, 0x00, 0x00, 0x00, 0x00, 0x00, 0x00, 0x00, 
	0x00, 0xff, 0x00, 0xff, 0x00, 0xff, 0x00, 0xff, 
	0x00, 0xff, 0x00, 0xff, 0x00, 0xff, 0x00, 0xff, 
	0x00, 0xff, 0x00, 0xff, 0x00, 0xff, 0x00, 0xff, 
	0x00, 0x00, 0x00, 0x00, 0x00, 0x00, 0x00, 0x00, 
	0x00, 0x00, 0x00, 0x00, 0x00, 0x00, 0x00, 0x00, 
	0x00, 0x00, 0x00, 0x00, 0x00, 0x00, 0x00, 0x00, 
	0x00, 0x00, 0x00, 0x00, 0x00, 0x00, 0x00, 0x00, 
	0x00, 0x00, 0x00, 0x00, 0x00, 0xff, 0x00, 0xff, 
	0x00, 0xff, 0x00, 0xff, 0x00, 0xff, 0x00, 0xff, 
	0x00, 0xff, 0x00, 0xff, 0x00, 0xff, 0x00, 0xff, 
	0x00, 0xff, 0x00, 0xff, 0x00, 0xff, 0x00, 0xff, 
	0x00, 0x00, 0x00, 0x00, 0x00, 0x00, 0x00, 0x00, 
	0x00, 0x00, 0x00, 0x00, 0x00, 0x00, 0x00, 0x00, 
	0x00, 0x00, 0x00, 0x00, 0x00, 0x00, 0x00, 0x00, 
	0x00, 0x00, 0x00, 0x00, 0x00, 0x00, 0x00, 0x00, 
	0x00, 0xff, 0x00, 0xff, 0x00, 0xff, 0x00, 0xff, 
	0x00, 0xff, 0x00, 0xff, 0x00, 0xff, 0x00, 0xff, 
	0x00, 0xff, 0x00, 0xff, 0x00, 0xff, 0x00, 0xff, 
	0x00, 0xff, 0x00, 0xff, 0x00, 0xff, 0x00, 0xff, 
	0x00, 0x00, 0x00, 0x00, 0x00, 0x00, 0x00, 0x00, 
	0x00, 0x00, 0x00, 0x00, 0x00, 0x00, 0x00, 0x00, 
	0x00, 0x00, 0x00, 0x00, 0x00, 0x00, 0x00, 0x00, 
	0x00, 0x00, 0x00, 0x00, 0x00, 0xff, 0x00, 0xff, 
	0x00, 0xff, 0x00, 0xff, 0x00, 0xff, 0x00, 0xff, 
	0x00, 0xff, 0x00, 0xff, 0x00, 0xff, 0x00, 0xff, 
	0x00, 0xff, 0x00, 0xff, 0x00, 0xff, 0x00, 0xff, 
	0x00, 0xff, 0x00, 0xff, 0x00, 0xff, 0x00, 0x00, 
	0x00, 0x00, 0x00, 0x00, 0x00, 0x00, 0x00, 0x00, 
	0x00, 0x00, 0x00, 0x00, 0x00, 0x00, 0x00, 0x00, 
	0x00, 0x00, 0x00, 0x00, 0x00, 0x00, 0x00, 0xff, 
	0x00, 0xff, 0x00, 0xff, 0x00, 0xff, 0x00, 0xff, 
	0x00, 0xff, 0x00, 0xff, 0x00, 0xff, 0x00, 0xff, 
	0x00, 0xff, 0x00, 0xff, 0x00, 0xff, 0x00, 0xff, 
	0x00, 0xff, 0x00, 0xff, 0x00, 0xff, 0x00, 0xff, 
	0x00, 0xff, 0x00, 0xff, 0x00, 0xff, 0x00, 0x00, 
	0x00, 0x00, 0x00, 0x00, 0x00, 0x00, 0x00, 0x00, 
	0x00, 0x00, 0x00, 0x00, 0x00, 0x00, 0x00, 0xff, 
	0x00, 0xff, 0x00, 0xff, 0x00, 0xff, 0x00, 0xff, 
	0x00, 0xff, 0x00, 0xff, 0x00, 0xff, 0x00, 0xff, 
	0x00, 0xff, 0x00, 0xff, 0x00, 0xff, 0x00, 0xff, 
	0x00, 0xff, 0x00, 0xff, 0x00, 0xff, 0x00, 0xff, 
	0x00, 0xff, 0x00, 0xff, 0x00, 0xff, 0x00, 0xff, 
	0x00, 0xff, 0x00, 0xff, 0x00, 0xff, 0x00, 0x00, 
	0x00, 0x00, 0x00, 0x00, 0x00, 0x00, 0x00, 0x00, 
	0x00, 0x00, 0x00, 0x00, 0x00, 0xff, 0x00, 0xff, 
	0x00, 0xff, 0x00, 0xff, 0x00, 0xff, 0x00, 0xff, 
	0x00, 0xff, 0x00, 0xff, 0x00, 0xff, 0x00, 0xff, 
	0x00, 0xff, 0x00, 0xff, 0x00, 0xff, 0x00, 0xff, 
	0x00, 0xff, 0x00, 0xff, 0x00, 0xff, 0x00, 0xff, 
	0x00, 0xff, 0x00, 0xff, 0x00, 0xff, 0x00, 0xff, 
	0x00, 0xff, 0x00, 0xff, 0x00, 0xff, 0x00, 0x00, 
	0x00, 0x00, 0x00, 0x00, 0x00, 0x00, 0x00, 0x00, 
	0x00, 0x00, 0x00, 0x00, 0x00, 0xff, 0x00, 0xff, 
	0x00, 0xff, 0x00, 0xff, 0x00, 0xff, 0x00, 0xff, 
	0x00, 0xff, 0x00, 0xff, 0x00, 0xff, 0x00, 0xff, 
	0x00, 0xff, 0x00, 0xff, 0x00, 0xff, 0x00, 0xff, 
	0x00, 0xff, 0x00, 0xff, 0x00, 0xff, 0x00, 0xff, 
	0x00, 0xff, 0x00, 0xff, 0x00, 0xff, 0x00, 0xff, 
	0x00, 0xff, 0x00, 0xff, 0x00, 0x00, 0x00, 0x00, 
	0x00, 0x00, 0x00, 0x00, 0x00, 0x00, 0x00, 0x00, 
	0x00, 0x00, 0x00, 0x00, 0x00, 0xff, 0x00, 0xff, 
	0x00, 0xff, 0x00, 0xff, 0x00, 0xff, 0x00, 0xff, 
	0x00, 0xff, 0x00, 0xff, 0x00, 0xff, 0x00, 0xff, 
	0x00, 0xff, 0x00, 0xff, 0x00, 0xff, 0x00, 0xff, 
	0x00, 0xff, 0x00, 0xff, 0x00, 0xff, 0x00, 0xff, 
	0x00, 0xff, 0x00, 0xff, 0x00, 0xff, 0x00, 0xff, 
	0x00, 0xff, 0x00, 0xff, 0x00, 0x00, 0x00, 0x00, 
	0x00, 0x00, 0x00, 0x00, 0x00, 0x00, 0x00, 0x00, 
	0x00, 0x00, 0x00, 0x00, 0x00, 0xff, 0x00, 0xff, 
	0x00, 0xff, 0x00, 0xff, 0x00, 0xff, 0x00, 0xff, 
	0x00, 0xff, 0x00, 0xff, 0x00, 0xff, 0x00, 0xff, 
	0x00, 0xff, 0x00, 0xff, 0x00, 0xff, 0x00, 0xff, 
	0x00, 0xff, 0x00, 0xff, 0x00, 0xff, 0x00, 0xff, 
	0x00, 0xff, 0x00, 0xff, 0x00, 0xff, 0x00, 0xff, 
	0x00, 0xff, 0x00, 0x00, 0x00, 0x00, 0x00, 0x00, 
	0x00, 0x00, 0x00, 0x00, 0x00, 0x00, 0x00, 0x00, 
	0x00, 0x00, 0x00, 0x00, 0x00, 0xff, 0x00, 0xff, 
	0x00, 0xff, 0x00, 0xff, 0x00, 0xff, 0x00, 0xff, 
	0x00, 0xff, 0x00, 0xff, 0x00, 0xff, 0x00, 0xff, 
	0x00, 0xff, 0x00, 0xff, 0x00, 0xff, 0x00, 0xff, 
	0x00, 0xff, 0x00, 0xff, 0x00, 0xff, 0x00, 0xff, 
	0x00, 0xff, 0x00, 0xff, 0x00, 0xff, 0x00, 0xff, 
	0x00, 0x00, 0x00, 0x00, 0x00, 0x00, 0x00, 0x00, 
	0x00, 0x00, 0x00, 0x00, 0x00, 0x00, 0x00, 0x00, 
	0x00, 0x00, 0x00, 0x00, 0x00, 0xff, 0x00, 0xff, 
	0x00, 0xff, 0x00, 0xff, 0x00, 0xff, 0x00, 0xff, 
	0x00, 0xff, 0x00, 0xff, 0x00, 0xff, 0x00, 0xff, 
	0x00, 0xff, 0x00, 0xff, 0x00, 0xff, 0x00, 0xff, 
	0x00, 0xff, 0x00, 0xff, 0x00, 0xff, 0x00, 0xff, 
	0x00, 0xff, 0x00, 0xff, 0x00, 0xff, 0x00, 0x00, 
	0x00, 0x00, 0x00, 0x00, 0x00, 0x00, 0x00, 0x00, 
	0x00, 0x00, 0x00, 0x00, 0x00, 0x00, 0x00, 0x00, 
	0x00, 0x00, 0x00, 0x00, 0x00, 0xff, 0x00, 0xff, 
	0x00, 0xff, 0x00, 0xff, 0x00, 0xff, 0x00, 0xff, 
	0x00, 0xff, 0x00, 0xff, 0x00, 0xff, 0x00, 0xff, 
	0x00, 0xff, 0x00, 0xff, 0x00, 0xff, 0x00, 0xff, 
	0x00, 0xff, 0x00, 0xff, 0x00, 0xff, 0x00, 0xff, 
	0x00, 0xff, 0x00, 0xff, 0x00, 0x00, 0x00, 0x00, 
	0x00, 0x00, 0x00, 0x00, 0x00, 0x00, 0x00, 0x00, 
	0x00, 0x00, 0x00, 0x00, 0x00, 0x00, 0x00, 0x00, 
	0x00, 0x00, 0x00, 0x00, 0x00, 0xff, 0x00, 0xff, 
	0x00, 0xff, 0x00, 0xff, 0x00, 0xff, 0x00, 0xff, 
	0x00, 0xff, 0x00, 0xff, 0x00, 0xff, 0x00, 0xff, 
	0x00, 0xff, 0x00, 0xff, 0x00, 0xff, 0x00, 0xff, 
	0x00, 0xff, 0x00, 0xff, 0x00, 0xff, 0x00, 0xff, 
	0x00, 0xff, 0x00, 0x00, 0x00, 0x00, 0x00, 0x00, 
	0x00, 0x00, 0x00, 0x00, 0x00, 0x00, 0x00, 0x00, 
	0x00, 0x00, 0x00, 0x00, 0x00, 0x00, 0x00, 0x00, 
	0x00, 0x00, 0x00, 0x00, 0x00, 0xff, 0x00, 0xff, 
	0x00, 0xff, 0x00, 0xff, 0x00, 0xff, 0x00, 0xff, 
	0x00, 0xff, 0x00, 0xff, 0x00, 0xff, 0x00, 0xff, 
	0x00, 0xff, 0x00, 0xff, 0x00, 0xff, 0x00, 0xff, 
	0x00, 0xff, 0x00, 0xff, 0x00, 0xff, 0x00, 0xff, 
	0x00, 0x00, 0x00, 0x00, 0x00, 0x00, 0x00, 0x00, 
	0x00, 0x00, 0x00, 0x00, 0x00, 0x00, 0x00, 0x00, 
	0x00, 0x00, 0x00, 0x00, 0x00, 0x00, 0x00, 0x00, 
	0x00, 0x00, 0x00, 0x00, 0x00, 0xff, 0x00, 0xff, 
	0x00, 0xff, 0x00, 0xff, 0x00, 0xff, 0x00, 0xff, 
	0x00, 0xff, 0x00, 0xff, 0x00, 0xff, 0x00, 0xff, 
	0x00, 0xff, 0x00, 0xff, 0x00, 0xff, 0x00, 0xff, 
	0x00, 0xff, 0x00, 0xff, 0x00, 0x00, 0x00, 0x00, 
	0x00, 0x00, 0x00, 0x00, 0x00, 0x00, 0x00, 0x00, 
	0x00, 0x00, 0x00, 0x00, 0x00, 0x00, 0x00, 0x00, 
	0x00, 0x00, 0x00, 0x00, 0x00, 0x00, 0x00, 0x00, 
	0x00, 0x00, 0x00, 0x00, 0x00, 0xff, 0x00, 0xff, 
	0x00, 0xff, 0x00, 0xff, 0x00, 0xff, 0x00, 0xff, 
	0x00, 0xff, 0x00, 0xff, 0x00, 0xff, 0x00, 0xff, 
	0x00, 0xff, 0x00, 0xff, 0x00, 0xff, 0x00, 0xff, 
	0x00, 0x00, 0x00, 0x00, 0x00, 0x00, 0x00, 0x00, 
	0x00, 0x00, 0x00, 0x00, 0x00, 0x00, 0x00, 0x00, 
	0x00, 0x00, 0x00, 0x00, 0x00, 0x00, 0x00, 0x00, 
	0x00, 0x00, 0x00, 0x00, 0x00, 0x00, 0x00, 0x00, 
	0x00, 0x00, 0x00, 0x00, 0x00, 0xff, 0x00, 0xff, 
	0x00, 0xff, 0x00, 0xff, 0x00, 0xff, 0x00, 0xff, 
	0x00, 0xff, 0x00, 0xff, 0x00, 0xff, 0x00, 0xff, 
	0x00, 0xff, 0x00, 0xff, 0x00, 0x00, 0x00, 0x00, 
	0x00, 0x00, 0x00, 0x00, 0x00, 0x00, 0x00, 0x00, 
	0x00, 0x00, 0x00, 0x00, 0x00, 0x00, 0x00, 0x00, 
	0x00, 0x00, 0x00, 0x00, 0x00, 0x00, 0x00, 0x00, 
	0x00, 0x00, 0x00, 0x00, 0x00, 0x00, 0x00, 0x00, 
	0x00, 0x00, 0x00, 0x00, 0x00, 0xff, 0x00, 0xff, 
	0x00, 0xff, 0x00, 0xff, 0x00, 0xff, 0x00, 0xff, 
	0x00, 0xff, 0x00, 0xff, 0x00, 0x00, 0x00, 0x00, 
	0x00, 0x00, 0x00, 0x00, 0x00, 0x00, 0x00, 0x00, 
	0x00, 0x00, 0x00, 0x00, 0x00, 0x00, 0x00, 0x00, 
	0x00, 0x00, 0x00, 0x00, 0x00, 0x00, 0x00, 0x00, 
	0x00, 0x00, 0x00, 0x00, 0x00, 0x00, 0x00, 0x00, 
	0x00, 0x00, 0x00, 0x00, 0x00, 0x00, 0x00, 0x00, 
	0x00, 0x00, 0x00, 0x00, 0x00, 0xff, 0x00, 0xff, 
	0x00, 0xff, 0x00, 0x00, 0x00, 0x00, 0x00, 0x00, 
	0x00, 0x00, 0x00, 0x00, 0x00, 0x00, 0x00, 0x00, 
	0x00, 0x00, 0x00, 0x00, 0x00, 0x00, 0x00, 0x00, 
	0x00, 0x00, 0x00, 0x00, 0x00, 0x00, 0x00, 0x00, 
	0x00, 0x00, 0x00, 0x00, 0x00, 0x00, 0x00, 0x00, 
	0x00, 0x00, 0x00, 0x00, 0x00, 0x00, 0x00, 0x00, 
	0x00, 0x00, 0x00, 0x00, 0x00, 0x00, 0x00, 0x00, 
	0x00, 0x00, 0x00, 0x00, 0x00, 0x00, 0x00, 0x00, 
	0x00, 0x00, 0x00, 0x00, 0x00, 0x00, 0x00, 0x00, 
	0x00, 0x00, 0x00, 0x00, 0x00, 0x00, 0x00, 0x00, 
	0x00, 0x00, 0x00, 0x00, 0x00, 0x00, 0x00, 0x00, 
	0x00, 0x00, 0x00, 0x00, 0x00, 0x00, 0x00, 0x00, 
	0x00, 0x00, 0x00, 0x00, 0x00, 0x00, 0x00, 0x00, 
	0x00, 0x00, 0x00, 0x00, 0x00, 0x00, 0x00, 0x00, 
	0x00, 0x00, 0x00, 0x00, 0x00, 0x00, 0x00, 0x00, 
	
};

Gfx mario_wing_2_ia8_aligner[] = {gsSPEndDisplayList()};
u8 mario_wing_2_ia8[] = {
	0x00, 0x00, 0x00, 0x00, 0x00, 0x00, 0x00, 0x00, 
	0x00, 0x00, 0x00, 0x00, 0x00, 0x00, 0x00, 0x00, 
	0x00, 0x00, 0x00, 0x00, 0x00, 0x00, 0x00, 0x00, 
	0x00, 0x00, 0x00, 0x00, 0x00, 0x00, 0x00, 0x00, 
	0x00, 0x00, 0x00, 0x00, 0x00, 0x00, 0x00, 0x00, 
	0x00, 0x00, 0x00, 0x00, 0x00, 0x00, 0x00, 0x00, 
	0x00, 0x00, 0x00, 0x00, 0x00, 0x00, 0x00, 0x00, 
	0x00, 0x00, 0x00, 0x00, 0x00, 0x00, 0x00, 0x00, 
	0x00, 0x00, 0x00, 0x00, 0x00, 0x00, 0x00, 0x00, 
	0x00, 0x00, 0x00, 0x00, 0x00, 0x00, 0x00, 0x00, 
	0x00, 0x00, 0x00, 0x00, 0x00, 0x00, 0x00, 0x00, 
	0x00, 0x00, 0x00, 0x00, 0x00, 0x00, 0x00, 0x00, 
	0x00, 0x00, 0x00, 0x00, 0x00, 0x00, 0x00, 0x00, 
	0x00, 0x00, 0x00, 0x00, 0x00, 0x00, 0x00, 0x00, 
	0x00, 0x00, 0x00, 0x8f, 0x00, 0x00, 0x00, 0x00, 
	0x00, 0x00, 0x00, 0x00, 0x00, 0x00, 0x00, 0x00, 
	0x00, 0x00, 0x00, 0x00, 0x00, 0x00, 0x00, 0x00, 
	0x00, 0x00, 0x00, 0x00, 0x00, 0x00, 0x00, 0x00, 
	0x00, 0x00, 0x8f, 0xbf, 0x00, 0x00, 0x00, 0x00, 
	0x00, 0x00, 0x00, 0x00, 0x00, 0x00, 0x00, 0x00, 
	0x00, 0x00, 0x00, 0x00, 0x00, 0x00, 0x00, 0x00, 
	0x00, 0x00, 0x00, 0x00, 0x00, 0x00, 0x00, 0x00, 
	0xaf, 0xaf, 0xbf, 0xdf, 0x00, 0x00, 0x00, 0x00, 
	0x00, 0x00, 0x00, 0x00, 0x00, 0x00, 0x00, 0x00, 
	0xbf, 0xbf, 0xbf, 0xbf, 0xbf, 0xbf, 0xbf, 0xbf, 
	0xbf, 0xbf, 0xbf, 0xbf, 0xcf, 0xcf, 0xcf, 0xcf, 
	0xcf, 0xcf, 0xef, 0xcf, 0x00, 0x00, 0x00, 0x00, 
	0x00, 0x00, 0x00, 0x00, 0x00, 0x00, 0x00, 0x00, 
	0xcf, 0xcf, 0xdf, 0xdf, 0xdf, 0xdf, 0xdf, 0xdf, 
	0xdf, 0xdf, 0xdf, 0xdf, 0xdf, 0xdf, 0xdf, 0xdf, 
	0xdf, 0xff, 0xef, 0xbf, 0x00, 0x00, 0x00, 0x00, 
	0x00, 0x00, 0x00, 0x00, 0x00, 0x00, 0x00, 0x00, 
	0xdf, 0xdf, 0xdf, 0xef, 0xef, 0xef, 0xef, 0xef, 
	0xef, 0xef, 0xef, 0xef, 0xef, 0xef, 0xff, 0xff, 
	0xff, 0xff, 0xdf, 0xaf, 0x00, 0x00, 0x00, 0x00, 
	0x00, 0x00, 0x00, 0x00, 0x00, 0x00, 0x00, 0x00, 
	0xdf, 0xef, 0xef, 0xef, 0xff, 0xff, 0xff, 0xff, 
	0xff, 0xff, 0xff, 0xff, 0xff, 0xff, 0xff, 0xff, 
	0xff, 0xef, 0xcf, 0x9f, 0x00, 0x00, 0x00, 0x00, 
	0x00, 0x00, 0x00, 0x00, 0x00, 0x00, 0x00, 0x00, 
	0xef, 0xef, 0xff, 0xff, 0xff, 0xff, 0xff, 0xff, 
	0xff, 0xff, 0xff, 0xff, 0xff, 0xff, 0xff, 0xff, 
	0xef, 0xcf, 0xbf, 0x00, 0x00, 0x00, 0x00, 0x00, 
	0x00, 0x00, 0x00, 0x00, 0x00, 0x00, 0x00, 0x00, 
	0xef, 0xff, 0xff, 0xff, 0xff, 0xff, 0xff, 0xff, 
	0xff, 0xff, 0xff, 0xff, 0xff, 0xff, 0xff, 0xef, 
	0xdf, 0xbf, 0x9f, 0x00, 0x00, 0x00, 0x00, 0x00, 
	0x00, 0x00, 0x00, 0x00, 0x00, 0x00, 0x00, 0x00, 
	0xef, 0xef, 0xff, 0xff, 0xff, 0xff, 0xff, 0xff, 
	0xff, 0xff, 0xff, 0xff, 0xff, 0xef, 0xdf, 0xcf, 
	0xbf, 0xbf, 0x9f, 0x00, 0x00, 0x00, 0x00, 0x00, 
	0x00, 0x00, 0x00, 0x00, 0x00, 0x00, 0x00, 0x00, 
	0xdf, 0xdf, 0xdf, 0xdf, 0xdf, 0xdf, 0xdf, 0xdf, 
	0xdf, 0xdf, 0xdf, 0xdf, 0xdf, 0xcf, 0xcf, 0xbf, 
	0xbf, 0xbf, 0x00, 0x00, 0x00, 0x00, 0x00, 0x00, 
	0x00, 0x00, 0x00, 0x00, 0x00, 0x00, 0x00, 0x00, 
	0xcf, 0xcf, 0xcf, 0xcf, 0xcf, 0xcf, 0xcf, 0xcf, 
	0xcf, 0xcf, 0xbf, 0xbf, 0xbf, 0xbf, 0xcf, 0xdf, 
	0xdf, 0xef, 0xdf, 0xcf, 0x00, 0x00, 0x00, 0x00, 
	0x00, 0x00, 0x00, 0x00, 0xbf, 0x00, 0x00, 0x00, 
	0xbf, 0xbf, 0xbf, 0xaf, 0xaf, 0xaf, 0xaf, 0xbf, 
	0xcf, 0xdf, 0xef, 0xef, 0xef, 0xef, 0xff, 0xff, 
	0xff, 0xef, 0xef, 0xef, 0xef, 0xef, 0xef, 0xdf, 
	0xdf, 0xdf, 0xdf, 0xdf, 0xdf, 0x00, 0x00, 0x00, 
	0xaf, 0xaf, 0xaf, 0xbf, 0xcf, 0xdf, 0xef, 0xff, 
	0xff, 0xff, 0xff, 0xff, 0xff, 0xff, 0xff, 0xff, 
	0xff, 0xff, 0xff, 0xff, 0xff, 0xff, 0xff, 0xff, 
	0xff, 0xff, 0xff, 0xef, 0xaf, 0x00, 0x00, 0x00, 
	0xbf, 0xcf, 0xdf, 0xef, 0xef, 0xef, 0xff, 0xff, 
	0xff, 0xff, 0xff, 0xff, 0xff, 0xff, 0xff, 0xff, 
	0xff, 0xff, 0xff, 0xff, 0xff, 0xff, 0xff, 0xff, 
	0xff, 0xff, 0xef, 0xcf, 0x00, 0x00, 0x00, 0x00, 
	0xdf, 0xdf, 0xdf, 0xdf, 0xef, 0xef, 0xef, 0xef, 
	0xff, 0xff, 0xff, 0xff, 0xff, 0xff, 0xff, 0xff, 
	0xff, 0xff, 0xff, 0xff, 0xff, 0xff, 0xff, 0xff, 
	0xff, 0xef, 0xcf, 0x9f, 0x00, 0x00, 0x00, 0x00, 
	0xcf, 0xdf, 0xdf, 0xdf, 0xdf, 0xdf, 0xdf, 0xdf, 
	0xdf, 0xdf, 0xdf, 0xef, 0xef, 0xef, 0xff, 0xff, 
	0xff, 0xff, 0xff, 0xff, 0xff, 0xff, 0xff, 0xff, 
	0xef, 0xcf, 0xaf, 0x8f, 0x00, 0x00, 0x00, 0x00, 
	0xcf, 0xcf, 0xcf, 0xcf, 0xcf, 0xcf, 0xbf, 0xcf, 
	0xbf, 0xcf, 0xcf, 0xcf, 0xcf, 0xcf, 0xdf, 0xdf, 
	0xdf, 0xef, 0xef, 0xef, 0xef, 0xef, 0xdf, 0xcf, 
	0xbf, 0xaf, 0x8f, 0x00, 0x00, 0x00, 0x00, 0x00, 
	0xbf, 0xbf, 0xbf, 0xbf, 0xaf, 0xaf, 0xaf, 0xaf, 
	0xaf, 0xaf, 0xaf, 0xaf, 0xaf, 0xbf, 0xbf, 0xbf, 
	0xbf, 0xbf, 0xcf, 0xcf, 0xcf, 0xbf, 0xbf, 0xaf, 
	0xaf, 0x9f, 0x7f, 0x00, 0x00, 0x00, 0x00, 0x00, 
	0xaf, 0xaf, 0xaf, 0xaf, 0x9f, 0x9f, 0x9f, 0x9f, 
	0x9f, 0x9f, 0x9f, 0x9f, 0x9f, 0x9f, 0x9f, 0x9f, 
	0x9f, 0xaf, 0xaf, 0xaf, 0xaf, 0xaf, 0x9f, 0x9f, 
	0x8f, 0x7f, 0x00, 0x00, 0x00, 0x00, 0x00, 0x00, 
	0xaf, 0x9f, 0x9f, 0x9f, 0x8f, 0x8f, 0x8f, 0x8f, 
	0x8f, 0x8f, 0x8f, 0x8f, 0x8f, 0x8f, 0x8f, 0x8f, 
	0x8f, 0x8f, 0x8f, 0x8f, 0x8f, 0x8f, 0x8f, 0x8f, 
	0x7f, 0x5f, 0x00, 0x00, 0x00, 0x00, 0x00, 0x00, 
	0x9f, 0x9f, 0x8f, 0x8f, 0x8f, 0x8f, 0x7f, 0x7f, 
	0x7f, 0x7f, 0x7f, 0x7f, 0x7f, 0x7f, 0x7f, 0x7f, 
	0x7f, 0x7f, 0x7f, 0x7f, 0x7f, 0x7f, 0x7f, 0x6f, 
	0x4f, 0x00, 0x00, 0x00, 0x00, 0x00, 0x00, 0x00, 
	0x8f, 0x8f, 0x8f, 0x7f, 0x7f, 0x7f, 0x6f, 0x6f, 
	0x6f, 0x5f, 0x5f, 0x5f, 0x5f, 0x5f, 0x5f, 0x5f, 
	0x5f, 0x5f, 0x5f, 0x5f, 0x5f, 0x5f, 0x4f, 0x3f, 
	0x00, 0x00, 0x00, 0x00, 0x00, 0x00, 0x00, 0x00, 
	0x8f, 0x7f, 0x7f, 0x6f, 0x6f, 0x5f, 0x4f, 0x5f, 
	0x5f, 0x5f, 0x5f, 0x5f, 0x5f, 0x5f, 0x5f, 0x5f, 
	0x5f, 0x5f, 0x5f, 0x3f, 0x3f, 0x3f, 0x00, 0x00, 
	0x00, 0x00, 0x00, 0x00, 0x00, 0x00, 0x00, 0x00, 
	0x7f, 0x6f, 0x5f, 0x6f, 0x5f, 0x6f, 0x6f, 0x6f, 
	0x6f, 0x6f, 0x6f, 0x6f, 0x6f, 0x6f, 0x6f, 0x5f, 
	0x5f, 0x5f, 0x4f, 0x00, 0x00, 0x00, 0x00, 0x00, 
	0x00, 0x00, 0x00, 0x00, 0x00, 0x00, 0x00, 0x00, 
	0x6f, 0x6f, 0x6f, 0x6f, 0x5f, 0x7f, 0x8f, 0x8f, 
	0x9f, 0xaf, 0xaf, 0xaf, 0xaf, 0xaf, 0xaf, 0xaf, 
	0xaf, 0xbf, 0x00, 0x00, 0x00, 0x00, 0x00, 0x00, 
	0x00, 0x00, 0x00, 0x00, 0x00, 0x00, 0x00, 0x00, 
	0x6f, 0x8f, 0xaf, 0xbf, 0xef, 0xef, 0xef, 0xef, 
	0xef, 0xff, 0xff, 0xff, 0xff, 0xff, 0xff, 0xff, 
	0xff, 0xff, 0xff, 0x00, 0x00, 0x00, 0x00, 0x00, 
	0x00, 0x00, 0x00, 0x00, 0x00, 0x00, 0x00, 0x00, 
	0xcf, 0xdf, 0xdf, 0xdf, 0xdf, 0xdf, 0xdf, 0xef, 
	0xef, 0xef, 0xef, 0xef, 0xef, 0xff, 0xff, 0xff, 
	0xff, 0xff, 0xff, 0xff, 0x00, 0x00, 0x00, 0x00, 
	0x00, 0x00, 0x00, 0x00, 0x00, 0x00, 0x00, 0x00, 
	0xcf, 0xcf, 0xcf, 0xdf, 0xdf, 0xdf, 0xdf, 0xdf, 
	0xdf, 0xdf, 0xdf, 0xdf, 0xef, 0xef, 0xef, 0xef, 
	0xef, 0xff, 0xff, 0xff, 0xef, 0x00, 0x00, 0x00, 
	0x00, 0x00, 0x00, 0x00, 0x00, 0x00, 0x00, 0x00, 
	0xcf, 0xcf, 0xcf, 0xcf, 0xcf, 0xcf, 0xcf, 0xcf, 
	0xcf, 0xcf, 0xdf, 0xdf, 0xdf, 0xdf, 0xdf, 0xdf, 
	0xdf, 0xdf, 0xef, 0xef, 0xcf, 0x00, 0x00, 0x00, 
	0x00, 0x00, 0x00, 0x00, 0x00, 0x00, 0x00, 0x00, 
	0xbf, 0xbf, 0xbf, 0xbf, 0xbf, 0xcf, 0xcf, 0xcf, 
	0xcf, 0xcf, 0xcf, 0xcf, 0xcf, 0xcf, 0xcf, 0xcf, 
	0xcf, 0xcf, 0xcf, 0xcf, 0xaf, 0x00, 0x00, 0x00, 
	0x00, 0x00, 0x00, 0x00, 0x00, 0x00, 0x00, 0x00, 
	0xaf, 0xbf, 0xbf, 0xbf, 0xbf, 0xbf, 0xbf, 0xbf, 
	0xbf, 0xbf, 0xbf, 0xbf, 0xbf, 0xbf, 0xbf, 0xbf, 
	0xbf, 0xbf, 0xaf, 0x9f, 0x00, 0x00, 0x00, 0x00, 
	0x00, 0x00, 0x00, 0x00, 0x00, 0x00, 0x00, 0x00, 
	0xaf, 0xaf, 0xaf, 0xaf, 0xaf, 0xaf, 0xaf, 0xaf, 
	0xaf, 0xaf, 0xaf, 0xaf, 0xaf, 0xaf, 0xaf, 0xaf, 
	0xaf, 0x9f, 0x8f, 0x00, 0x00, 0x00, 0x00, 0x00, 
	0x00, 0x00, 0x00, 0x00, 0x00, 0x00, 0x00, 0x00, 
	0x8f, 0x9f, 0x9f, 0x9f, 0x9f, 0x9f, 0x9f, 0x9f, 
	0x9f, 0x9f, 0x9f, 0x9f, 0x9f, 0x9f, 0x8f, 0x8f, 
	0x7f, 0x5f, 0x00, 0x00, 0x00, 0x00, 0x00, 0x00, 
	0x00, 0x00, 0x00, 0x00, 0x00, 0x00, 0x00, 0x00, 
	0x7f, 0x7f, 0x8f, 0x8f, 0x8f, 0x8f, 0x8f, 0x8f, 
	0x8f, 0x8f, 0x8f, 0x8f, 0x7f, 0x6f, 0x5f, 0x5f, 
	0x00, 0x00, 0x00, 0x00, 0x00, 0x00, 0x00, 0x00, 
	0x00, 0x00, 0x00, 0x00, 0x00, 0x00, 0x00, 0x00, 
	0x8f, 0x7f, 0x6f, 0x5f, 0x5f, 0x5f, 0x5f, 0x5f, 
	0x5f, 0x5f, 0x5f, 0x4f, 0x3f, 0x00, 0x00, 0x00, 
	0x00, 0x00, 0x00, 0x00, 0x00, 0x00, 0x00, 0x00, 
	0x00, 0x00, 0x00, 0x00, 0x00, 0x00, 0x00, 0x00, 
	0xef, 0xef, 0xef, 0xdf, 0xcf, 0xcf, 0xaf, 0x9f, 
	0x9f, 0x8f, 0x7f, 0x6f, 0x00, 0x00, 0x00, 0x00, 
	0x00, 0x00, 0x00, 0x00, 0x00, 0x00, 0x00, 0x00, 
	0x00, 0x00, 0x00, 0x00, 0x00, 0x00, 0x00, 0x00, 
	0xdf, 0xdf, 0xdf, 0xdf, 0xdf, 0xef, 0xef, 0xef, 
	0xef, 0xff, 0xff, 0xff, 0xbf, 0x00, 0x00, 0x00, 
	0x00, 0x00, 0x00, 0x00, 0x00, 0x00, 0x00, 0x00, 
	0x00, 0x00, 0x00, 0x00, 0x00, 0x00, 0x00, 0x00, 
	0xcf, 0xcf, 0xcf, 0xcf, 0xcf, 0xcf, 0xdf, 0xdf, 
	0xdf, 0xdf, 0xdf, 0xdf, 0xbf, 0x00, 0x00, 0x00, 
	0x00, 0x00, 0x00, 0x00, 0x00, 0x00, 0x00, 0x00, 
	0x00, 0x00, 0x00, 0x00, 0x00, 0x00, 0x00, 0x00, 
	0xbf, 0xbf, 0xbf, 0xbf, 0xbf, 0xbf, 0xbf, 0xbf, 
	0xbf, 0xbf, 0xbf, 0x9f, 0x00, 0x00, 0x00, 0x00, 
	0x00, 0x00, 0x00, 0x00, 0x00, 0x00, 0x00, 0x00, 
	0x00, 0x00, 0x00, 0x00, 0x00, 0x00, 0x00, 0x00, 
	0xaf, 0xaf, 0xaf, 0xaf, 0xaf, 0xaf, 0xaf, 0xaf, 
	0x9f, 0x9f, 0x8f, 0x00, 0x00, 0x00, 0x00, 0x00, 
	0x00, 0x00, 0x00, 0x00, 0x00, 0x00, 0x00, 0x00, 
	0x00, 0x00, 0x00, 0x00, 0x00, 0x00, 0x00, 0x00, 
	0x8f, 0x8f, 0x8f, 0x8f, 0x8f, 0x8f, 0x8f, 0x8f, 
	0x7f, 0x5f, 0x00, 0x00, 0x00, 0x00, 0x00, 0x00, 
	0x00, 0x00, 0x00, 0x00, 0x00, 0x00, 0x00, 0x00, 
	0x00, 0x00, 0x00, 0x00, 0x00, 0x00, 0x00, 0x00, 
	0x7f, 0x7f, 0x6f, 0x6f, 0x6f, 0x5f, 0x4f, 0x4f, 
	0x00, 0x00, 0x00, 0x00, 0x00, 0x00, 0x00, 0x00, 
	0x00, 0x00, 0x00, 0x00, 0x00, 0x00, 0x00, 0x00, 
	0x00, 0x00, 0x00, 0x00, 0x00, 0x00, 0x00, 0x00, 
	0x4f, 0x4f, 0x4f, 0x4f, 0x4f, 0x4f, 0x00, 0x00, 
	0x00, 0x00, 0x00, 0x00, 0x00, 0x00, 0x00, 0x00, 
	0x00, 0x00, 0x00, 0x00, 0x00, 0x00, 0x00, 0x00, 
	0x00, 0x00, 0x00, 0x00, 0x00, 0x00, 0x00, 0x00, 
	0x6f, 0x6f, 0x6f, 0x7f, 0x7f, 0x7f, 0x00, 0x00, 
	0x00, 0x00, 0x00, 0x00, 0x00, 0x00, 0x00, 0x00, 
	0x00, 0x00, 0x00, 0x00, 0x00, 0x00, 0x00, 0x00, 
	0x00, 0x00, 0x00, 0x00, 0x00, 0x00, 0x00, 0x00, 
	0xcf, 0xcf, 0xcf, 0xcf, 0xcf, 0xaf, 0x00, 0x00, 
	0x00, 0x00, 0x00, 0x00, 0x00, 0x00, 0x00, 0x00, 
	0x00, 0x00, 0x00, 0x00, 0x00, 0x00, 0x00, 0x00, 
	0x00, 0x00, 0x00, 0x00, 0x00, 0x00, 0x00, 0x00, 
	0xaf, 0xaf, 0xaf, 0xaf, 0x9f, 0x7f, 0x00, 0x00, 
	0x00, 0x00, 0x00, 0x00, 0x00, 0x00, 0x00, 0x00, 
	0x00, 0x00, 0x00, 0x00, 0x00, 0x00, 0x00, 0x00, 
	0x00, 0x00, 0x00, 0x00, 0x00, 0x00, 0x00, 0x00, 
	0x9f, 0x8f, 0x8f, 0x7f, 0x00, 0x00, 0x00, 0x00, 
	0x00, 0x00, 0x00, 0x00, 0x00, 0x00, 0x00, 0x00, 
	0x00, 0x00, 0x00, 0x00, 0x00, 0x00, 0x00, 0x00, 
	0x00, 0x00, 0x00, 0x00, 0x00, 0x00, 0x00, 0x00, 
	0x6f, 0x5f, 0x4f, 0x00, 0x00, 0x00, 0x00, 0x00, 
	0x00, 0x00, 0x00, 0x00, 0x00, 0x00, 0x00, 0x00, 
	0x00, 0x00, 0x00, 0x00, 0x00, 0x00, 0x00, 0x00, 
	0x00, 0x00, 0x00, 0x00, 0x00, 0x00, 0x00, 0x00, 
	0x00, 0x00, 0x00, 0x00, 0x00, 0x00, 0x00, 0x00, 
	0x00, 0x00, 0x00, 0x00, 0x00, 0x00, 0x00, 0x00, 
	0x00, 0x00, 0x00, 0x00, 0x00, 0x00, 0x00, 0x00, 
	0x00, 0x00, 0x00, 0x00, 0x00, 0x00, 0x00, 0x00, 
	0x00, 0x00, 0x00, 0x00, 0x00, 0x00, 0x00, 0x00, 
	0x00, 0x00, 0x00, 0x00, 0x00, 0x00, 0x00, 0x00, 
	0x00, 0x00, 0x00, 0x00, 0x00, 0x00, 0x00, 0x00, 
	0x00, 0x00, 0x00, 0x00, 0x00, 0x00, 0x00, 0x00, 
	0x00, 0x00, 0x00, 0x00, 0x00, 0x00, 0x00, 0x00, 
	0x00, 0x00, 0x00, 0x00, 0x00, 0x00, 0x00, 0x00, 
	0x00, 0x00, 0x00, 0x00, 0x00, 0x00, 0x00, 0x00, 
	0x00, 0x00, 0x00, 0x00, 0x00, 0x00, 0x00, 0x00, 
	0x00, 0x00, 0x00, 0x00, 0x00, 0x00, 0x00, 0x00, 
	0x00, 0x00, 0x00, 0x00, 0x00, 0x00, 0x00, 0x00, 
	0x00, 0x00, 0x00, 0x00, 0x00, 0x00, 0x00, 0x00, 
	0x00, 0x00, 0x00, 0x00, 0x00, 0x00, 0x00, 0x00, 
	0x00, 0x00, 0x00, 0x00, 0x00, 0x00, 0x00, 0x00, 
	0x00, 0x00, 0x00, 0x00, 0x00, 0x00, 0x00, 0x00, 
	0x00, 0x00, 0x00, 0x00, 0x00, 0x00, 0x00, 0x00, 
	0x00, 0x00, 0x00, 0x00, 0x00, 0x00, 0x00, 0x00, 
	0x00, 0x00, 0x00, 0x00, 0x00, 0x00, 0x00, 0x00, 
	0x00, 0x00, 0x00, 0x00, 0x00, 0x00, 0x00, 0x00, 
	0x00, 0x00, 0x00, 0x00, 0x00, 0x00, 0x00, 0x00, 
	0x00, 0x00, 0x00, 0x00, 0x00, 0x00, 0x00, 0x00, 
	0x00, 0x00, 0x00, 0x00, 0x00, 0x00, 0x00, 0x00, 
	0x00, 0x00, 0x00, 0x00, 0x00, 0x00, 0x00, 0x00, 
	0x00, 0x00, 0x00, 0x00, 0x00, 0x00, 0x00, 0x00, 
	0x00, 0x00, 0x00, 0x00, 0x00, 0x00, 0x00, 0x00, 
	0x00, 0x00, 0x00, 0x00, 0x00, 0x00, 0x00, 0x00, 
	0x00, 0x00, 0x00, 0x00, 0x00, 0x00, 0x00, 0x00, 
	0x00, 0x00, 0x00, 0x00, 0x00, 0x00, 0x00, 0x00, 
	0x00, 0x00, 0x00, 0x00, 0x00, 0x00, 0x00, 0x00, 
	0x00, 0x00, 0x00, 0x00, 0x00, 0x00, 0x00, 0x00, 
	0x00, 0x00, 0x00, 0x00, 0x00, 0x00, 0x00, 0x00, 
	0x00, 0x00, 0x00, 0x00, 0x00, 0x00, 0x00, 0x00, 
	0x00, 0x00, 0x00, 0x00, 0x00, 0x00, 0x00, 0x00, 
	0x00, 0x00, 0x00, 0x00, 0x00, 0x00, 0x00, 0x00, 
	0x00, 0x00, 0x00, 0x00, 0x00, 0x00, 0x00, 0x00, 
	0x00, 0x00, 0x00, 0x00, 0x00, 0x00, 0x00, 0x00, 
	0x00, 0x00, 0x00, 0x00, 0x00, 0x00, 0x00, 0x00, 
	0x00, 0x00, 0x00, 0x00, 0x00, 0x00, 0x00, 0x00, 
	0x00, 0x00, 0x00, 0x00, 0x00, 0x00, 0x00, 0x00, 
	0x00, 0x00, 0x00, 0x00, 0x00, 0x00, 0x00, 0x00, 
	0x00, 0x00, 0x00, 0x00, 0x00, 0x00, 0x00, 0x00, 
	0x00, 0x00, 0x00, 0x00, 0x00, 0x00, 0x00, 0x00, 
	0x00, 0x00, 0x00, 0x00, 0x00, 0x00, 0x00, 0x00, 
	0x00, 0x00, 0x00, 0x00, 0x00, 0x00, 0x00, 0x00, 
	0x00, 0x00, 0x00, 0x00, 0x00, 0x00, 0x00, 0x00, 
	
};

Gfx mario_wing1_ia8_aligner[] = {gsSPEndDisplayList()};
u8 mario_wing1_ia8[] = {
	0x00, 0x00, 0x00, 0x00, 0x00, 0x00, 0x00, 0x00, 
	0x00, 0x00, 0x00, 0x00, 0x00, 0x00, 0x00, 0x00, 
	0x00, 0x00, 0x00, 0x00, 0x00, 0x00, 0x00, 0x00, 
	0x00, 0x00, 0x00, 0x00, 0x00, 0x00, 0x00, 0x00, 
	0x00, 0x00, 0x00, 0x00, 0x00, 0x00, 0x00, 0x00, 
	0x00, 0x00, 0x00, 0x00, 0x00, 0x00, 0x00, 0x00, 
	0x00, 0x00, 0x00, 0x00, 0x00, 0x00, 0x00, 0x00, 
	0x00, 0x00, 0x00, 0x00, 0x00, 0x00, 0x00, 0x00, 
	0x00, 0x00, 0x00, 0x00, 0x00, 0x00, 0x00, 0x00, 
	0x00, 0x00, 0x00, 0x00, 0x00, 0x00, 0x00, 0x00, 
	0x00, 0x00, 0x00, 0x00, 0x00, 0x00, 0x00, 0x00, 
	0x00, 0x00, 0x00, 0x00, 0x00, 0x00, 0x00, 0x00, 
	0x00, 0x00, 0x00, 0x00, 0x00, 0x00, 0x00, 0x00, 
	0x00, 0x00, 0x00, 0x00, 0x00, 0x00, 0x00, 0x00, 
	0x00, 0x00, 0x00, 0x00, 0x00, 0x00, 0x00, 0x00, 
	0x00, 0x00, 0x00, 0x00, 0x00, 0x00, 0x00, 0x00, 
	0x00, 0x00, 0x00, 0x00, 0x00, 0x00, 0x00, 0x00, 
	0x00, 0x00, 0x00, 0x00, 0x00, 0x00, 0x00, 0x00, 
	0x00, 0x00, 0x00, 0x00, 0x00, 0x00, 0x00, 0x00, 
	0x00, 0x00, 0x00, 0x00, 0x00, 0x00, 0x00, 0x00, 
	0x00, 0x00, 0x00, 0x00, 0x00, 0x00, 0x00, 0x00, 
	0x00, 0x00, 0x00, 0x00, 0x00, 0x00, 0x00, 0x00, 
	0x00, 0x00, 0x00, 0x00, 0x00, 0x00, 0x00, 0x00, 
	0x00, 0x00, 0x00, 0x00, 0x00, 0x00, 0x00, 0x00, 
	0x00, 0x00, 0x00, 0x00, 0x00, 0x00, 0x00, 0x00, 
	0x00, 0x00, 0x00, 0x00, 0x00, 0x00, 0x00, 0x00, 
	0x00, 0x00, 0x00, 0x00, 0x00, 0x00, 0x00, 0x00, 
	0x00, 0x00, 0x00, 0x9f, 0xaf, 0xaf, 0xaf, 0xbf, 
	0x00, 0x00, 0x00, 0x00, 0x00, 0x00, 0x00, 0x00, 
	0x00, 0x00, 0x00, 0x00, 0x00, 0x00, 0x00, 0x00, 
	0x00, 0x00, 0x00, 0x00, 0x00, 0x00, 0x00, 0x8f, 
	0x8f, 0x9f, 0xaf, 0xaf, 0xbf, 0xbf, 0xcf, 0xcf, 
	0x00, 0x00, 0x00, 0x00, 0x00, 0x00, 0x00, 0x00, 
	0x00, 0x00, 0x00, 0x00, 0x00, 0x00, 0x00, 0x00, 
	0x00, 0x00, 0x00, 0x00, 0x00, 0x8f, 0x8f, 0x8f, 
	0x9f, 0xaf, 0xaf, 0xbf, 0xbf, 0xcf, 0xcf, 0xdf, 
	0x00, 0x00, 0x00, 0x00, 0x00, 0x00, 0x00, 0x00, 
	0x00, 0x00, 0x00, 0x00, 0x00, 0x00, 0x00, 0x00, 
	0x00, 0x00, 0x00, 0x7f, 0x8f, 0x8f, 0x8f, 0x9f, 
	0xaf, 0xaf, 0xbf, 0xbf, 0xcf, 0xcf, 0xdf, 0xdf, 
	0x00, 0x00, 0x00, 0x00, 0x00, 0x00, 0x00, 0x00, 
	0x00, 0x00, 0x00, 0x00, 0x00, 0x00, 0x00, 0x00, 
	0x00, 0x00, 0x7f, 0x7f, 0x8f, 0x8f, 0x9f, 0x9f, 
	0xaf, 0xbf, 0xbf, 0xcf, 0xcf, 0xdf, 0xdf, 0xef, 
	0x00, 0x00, 0x00, 0x00, 0x00, 0x00, 0x00, 0x00, 
	0x00, 0x00, 0x00, 0x00, 0x00, 0x00, 0x00, 0x00, 
	0x7f, 0x7f, 0x7f, 0x8f, 0x8f, 0x8f, 0x9f, 0xaf, 
	0xaf, 0xbf, 0xcf, 0xcf, 0xdf, 0xdf, 0xef, 0xef, 
	0x00, 0x00, 0x00, 0x00, 0x00, 0x00, 0x00, 0x00, 
	0x00, 0x00, 0x00, 0x00, 0x00, 0x00, 0x00, 0x6f, 
	0x6f, 0x7f, 0x7f, 0x8f, 0x8f, 0x9f, 0xaf, 0xaf, 
	0xbf, 0xbf, 0xcf, 0xdf, 0xdf, 0xdf, 0xef, 0xef, 
	0x00, 0x00, 0x00, 0x00, 0x00, 0x00, 0x00, 0x00, 
	0x00, 0x00, 0x00, 0x00, 0x00, 0x00, 0x6f, 0x6f, 
	0x6f, 0x7f, 0x7f, 0x8f, 0x8f, 0x9f, 0xaf, 0xbf, 
	0xbf, 0xcf, 0xcf, 0xdf, 0xdf, 0xdf, 0xdf, 0xdf, 
	0x00, 0x00, 0x00, 0x00, 0x00, 0x00, 0x00, 0x00, 
	0x00, 0x00, 0x00, 0x00, 0x00, 0x00, 0x5f, 0x6f, 
	0x6f, 0x7f, 0x8f, 0x8f, 0x9f, 0xaf, 0xbf, 0xbf, 
	0xcf, 0xcf, 0xcf, 0xcf, 0xcf, 0xcf, 0xcf, 0xcf, 
	0x00, 0x00, 0x00, 0x00, 0x00, 0x00, 0x00, 0x00, 
	0x00, 0x00, 0x00, 0x00, 0x00, 0x5f, 0x5f, 0x6f, 
	0x7f, 0x8f, 0x8f, 0x9f, 0xaf, 0xaf, 0xbf, 0xbf, 
	0xcf, 0xcf, 0xcf, 0xcf, 0xbf, 0xbf, 0xbf, 0xbf, 
	0x00, 0x00, 0x00, 0x00, 0x00, 0x00, 0x00, 0x00, 
	0x00, 0x00, 0x00, 0x00, 0x4f, 0x5f, 0x6f, 0x6f, 
	0x7f, 0x8f, 0x8f, 0x9f, 0xaf, 0xbf, 0xbf, 0xbf, 
	0xbf, 0xbf, 0xbf, 0xbf, 0xbf, 0xaf, 0xaf, 0xaf, 
	0x00, 0x00, 0x00, 0x00, 0x00, 0x00, 0x00, 0x00, 
	0x00, 0x00, 0x00, 0x00, 0x4f, 0x5f, 0x6f, 0x7f, 
	0x8f, 0x8f, 0x9f, 0xaf, 0xbf, 0xbf, 0xbf, 0xbf, 
	0xbf, 0xbf, 0xaf, 0xaf, 0xaf, 0xaf, 0x9f, 0xbf, 
	0x00, 0x00, 0x00, 0x00, 0x00, 0x00, 0x00, 0x00, 
	0x00, 0x00, 0x00, 0x3f, 0x4f, 0x5f, 0x6f, 0x7f, 
	0x8f, 0x9f, 0xaf, 0xaf, 0xbf, 0xbf, 0xbf, 0xbf, 
	0xaf, 0xaf, 0xaf, 0x9f, 0xaf, 0xbf, 0xcf, 0xdf, 
	0x00, 0x00, 0x00, 0x00, 0x00, 0x00, 0x00, 0x00, 
	0x00, 0x00, 0x2f, 0x4f, 0x5f, 0x6f, 0x7f, 0x8f, 
	0x8f, 0x9f, 0xaf, 0xbf, 0xbf, 0xbf, 0xaf, 0xaf, 
	0xaf, 0xaf, 0xaf, 0xaf, 0xcf, 0xcf, 0xcf, 0xcf, 
	0x00, 0x00, 0x00, 0x00, 0x00, 0x00, 0x00, 0x00, 
	0x00, 0x00, 0x3f, 0x4f, 0x5f, 0x6f, 0x7f, 0x8f, 
	0x9f, 0xaf, 0xaf, 0xbf, 0xbf, 0xaf, 0xaf, 0xaf, 
	0x9f, 0xaf, 0xbf, 0xbf, 0xcf, 0xcf, 0xcf, 0xcf, 
	0x00, 0x00, 0x00, 0x00, 0x00, 0x00, 0x00, 0x00, 
	0x00, 0x2f, 0x3f, 0x5f, 0x6f, 0x7f, 0x8f, 0x9f, 
	0xaf, 0xaf, 0xbf, 0xbf, 0xbf, 0xaf, 0xaf, 0xaf, 
	0xaf, 0xbf, 0xbf, 0xcf, 0xcf, 0xbf, 0xbf, 0xbf, 
	0x00, 0x00, 0x00, 0x00, 0x00, 0x00, 0x00, 0x00, 
	0x00, 0x2f, 0x4f, 0x5f, 0x6f, 0x8f, 0x8f, 0x9f, 
	0xaf, 0xbf, 0xbf, 0xbf, 0xaf, 0xaf, 0xaf, 0xaf, 
	0xbf, 0xbf, 0xbf, 0xbf, 0xbf, 0xbf, 0xbf, 0xaf, 
	0x00, 0x00, 0x00, 0x00, 0x00, 0x00, 0x00, 0x00, 
	0x1f, 0x3f, 0x5f, 0x6f, 0x7f, 0x8f, 0x9f, 0xaf, 
	0xaf, 0xbf, 0xbf, 0xbf, 0xaf, 0xaf, 0xaf, 0xaf, 
	0xbf, 0xbf, 0xbf, 0xbf, 0xbf, 0xaf, 0xaf, 0xaf, 
	0x00, 0x00, 0x00, 0x00, 0x00, 0x00, 0x00, 0x00, 
	0x2f, 0x4f, 0x5f, 0x6f, 0x7f, 0x8f, 0x9f, 0xaf, 
	0xbf, 0xbf, 0xbf, 0xaf, 0xaf, 0xaf, 0xaf, 0xbf, 
	0xbf, 0xbf, 0xbf, 0xaf, 0xaf, 0xaf, 0x9f, 0x9f, 
	0x00, 0x00, 0x00, 0x00, 0x00, 0x00, 0x00, 0x00, 
	0x3f, 0x5f, 0x6f, 0x7f, 0x8f, 0x9f, 0xaf, 0xaf, 
	0xbf, 0xbf, 0xbf, 0xaf, 0x9f, 0xaf, 0xbf, 0xbf, 
	0xbf, 0xbf, 0xaf, 0xaf, 0x9f, 0x9f, 0x9f, 0x8f, 
	0x00, 0x00, 0x00, 0x00, 0x00, 0x00, 0x00, 0x2f, 
	0x4f, 0x5f, 0x6f, 0x7f, 0x8f, 0x9f, 0xaf, 0xbf, 
	0xbf, 0xbf, 0xaf, 0x9f, 0xaf, 0xaf, 0xbf, 0xbf, 
	0xbf, 0xaf, 0xaf, 0x9f, 0x9f, 0x8f, 0x8f, 0x8f, 
	0x00, 0x00, 0x00, 0x00, 0x00, 0x00, 0x00, 0x2f, 
	0x4f, 0x6f, 0x7f, 0x8f, 0x8f, 0x9f, 0xaf, 0xbf, 
	0xbf, 0xaf, 0x9f, 0xaf, 0xaf, 0xbf, 0xbf, 0xaf, 
	0xaf, 0xaf, 0x9f, 0x9f, 0x8f, 0x8f, 0x7f, 0x7f, 
	0x00, 0x00, 0x00, 0x00, 0x00, 0x00, 0x1f, 0x3f, 
	0x5f, 0x6f, 0x7f, 0x8f, 0x9f, 0xaf, 0xbf, 0xbf, 
	0xbf, 0x9f, 0x9f, 0xaf, 0xaf, 0xbf, 0xbf, 0xaf, 
	0xaf, 0x9f, 0x9f, 0x8f, 0x8f, 0x7f, 0x6f, 0x6f, 
	0x00, 0x00, 0x00, 0x00, 0x00, 0x00, 0x2f, 0x4f, 
	0x5f, 0x7f, 0x8f, 0x8f, 0x9f, 0xaf, 0xbf, 0xbf, 
	0xaf, 0x9f, 0xaf, 0xaf, 0xbf, 0xbf, 0xaf, 0xaf, 
	0x9f, 0x9f, 0x8f, 0x8f, 0x7f, 0x6f, 0x7f, 0x6f, 
	0x00, 0x00, 0x00, 0x00, 0x00, 0x00, 0x3f, 0x5f, 
	0x6f, 0x7f, 0x8f, 0x9f, 0xaf, 0xbf, 0xbf, 0xaf, 
	0x9f, 0x9f, 0xaf, 0xaf, 0xaf, 0xaf, 0xaf, 0x9f, 
	0x9f, 0x8f, 0x8f, 0x7f, 0x7f, 0x7f, 0x9f, 0xcf, 
	0x00, 0x00, 0x00, 0x00, 0x00, 0x1f, 0x3f, 0x5f, 
	0x6f, 0x7f, 0x8f, 0x9f, 0xaf, 0xbf, 0xbf, 0x9f, 
	0x9f, 0xaf, 0xaf, 0xaf, 0xaf, 0xaf, 0xaf, 0x9f, 
	0x8f, 0x8f, 0x8f, 0x7f, 0x9f, 0xcf, 0xcf, 0xcf, 
	0x00, 0x00, 0x00, 0x00, 0x00, 0x2f, 0x4f, 0x6f, 
	0x7f, 0x8f, 0x8f, 0x9f, 0xaf, 0xbf, 0xaf, 0x9f, 
	0x9f, 0xaf, 0xaf, 0xaf, 0xaf, 0xaf, 0x9f, 0x8f, 
	0x8f, 0x8f, 0x7f, 0xaf, 0xbf, 0xbf, 0xcf, 0xcf, 
	0x00, 0x00, 0x00, 0x00, 0x00, 0x2f, 0x5f, 0x6f, 
	0x7f, 0x8f, 0x9f, 0xaf, 0xbf, 0xbf, 0x9f, 0x9f, 
	0xaf, 0xaf, 0xaf, 0xaf, 0xaf, 0x9f, 0x8f, 0x9f, 
	0x8f, 0x8f, 0xaf, 0xaf, 0xbf, 0xbf, 0xbf, 0xbf, 
	0x00, 0x00, 0x00, 0x00, 0x1f, 0x3f, 0x5f, 0x6f, 
	0x7f, 0x8f, 0x9f, 0xaf, 0xbf, 0xaf, 0x9f, 0x9f, 
	0xaf, 0xaf, 0xaf, 0xaf, 0x9f, 0x9f, 0x9f, 0x8f, 
	0x8f, 0x9f, 0x9f, 0x9f, 0xaf, 0xaf, 0xaf, 0xaf, 
	0x00, 0x00, 0x00, 0x00, 0x2f, 0x4f, 0x5f, 0x7f, 
	0x8f, 0x8f, 0x9f, 0xaf, 0xbf, 0x8f, 0x9f, 0xaf, 
	0xaf, 0xaf, 0xaf, 0xaf, 0x9f, 0xaf, 0xcf, 0xef, 
	0xef, 0xdf, 0xcf, 0xaf, 0x9f, 0x9f, 0x9f, 0xaf, 
	0x00, 0x00, 0x00, 0x00, 0x2f, 0x4f, 0x6f, 0x7f, 
	0x8f, 0x9f, 0xaf, 0xbf, 0xaf, 0x9f, 0x9f, 0xaf, 
	0xaf, 0xaf, 0xaf, 0x9f, 0xaf, 0xef, 0xff, 0xff, 
	0xff, 0xff, 0xff, 0xef, 0xbf, 0x9f, 0x8f, 0x8f, 
	0x00, 0x00, 0x00, 0x00, 0x2f, 0x5f, 0x6f, 0x7f, 
	0x8f, 0x9f, 0xaf, 0xbf, 0x9f, 0x9f, 0xaf, 0xaf, 
	0xaf, 0xaf, 0x9f, 0xaf, 0xdf, 0xdf, 0xef, 0xef, 
	0xef, 0xff, 0xff, 0xff, 0xff, 0xbf, 0x7f, 0x7f, 
	0x00, 0x00, 0x00, 0x00, 0x3f, 0x5f, 0x7f, 0x8f, 
	0x8f, 0x9f, 0xaf, 0xaf, 0x9f, 0x9f, 0xaf, 0xaf, 
	0xaf, 0xaf, 0x9f, 0xcf, 0xcf, 0xcf, 0xdf, 0xdf, 
	0xdf, 0xef, 0xef, 0xef, 0xff, 0xff, 0x9f, 0x8f, 
	0x00, 0x00, 0x00, 0x2f, 0x4f, 0x6f, 0x7f, 0x8f, 
	0x8f, 0xaf, 0xaf, 0x9f, 0x9f, 0x9f, 0xaf, 0xaf, 
	0xaf, 0xaf, 0xbf, 0xbf, 0xbf, 0xbf, 0xcf, 0xcf, 
	0xcf, 0xcf, 0xdf, 0xdf, 0xdf, 0xdf, 0xdf, 0xef, 
	0x00, 0x00, 0x00, 0x2f, 0x4f, 0x6f, 0x7f, 0x8f, 
	0x9f, 0xaf, 0xaf, 0x8f, 0x9f, 0xaf, 0xaf, 0xaf, 
	0xaf, 0xaf, 0xaf, 0xaf, 0xaf, 0xaf, 0xbf, 0xbf, 
	0xbf, 0xbf, 0xbf, 0xbf, 0xbf, 0xaf, 0xdf, 0xdf, 
	0x00, 0x00, 0x00, 0x2f, 0x5f, 0x6f, 0x7f, 0x8f, 
	0x9f, 0xaf, 0xaf, 0x9f, 0x9f, 0xaf, 0xaf, 0xaf, 
	0x9f, 0x7f, 0x8f, 0x8f, 0x9f, 0x9f, 0x9f, 0x9f, 
	0x9f, 0x9f, 0x9f, 0x8f, 0x7f, 0xbf, 0xcf, 0xcf, 
	0x00, 0x00, 0x00, 0x3f, 0x5f, 0x7f, 0x8f, 0x8f, 
	0x9f, 0xaf, 0x8f, 0x9f, 0x9f, 0xaf, 0xaf, 0xaf, 
	0x8f, 0x4f, 0x5f, 0x6f, 0x6f, 0x7f, 0x7f, 0x7f, 
	0x6f, 0x6f, 0x5f, 0x5f, 0xaf, 0xbf, 0xbf, 0xbf, 
	0x00, 0x00, 0x00, 0x3f, 0x5f, 0x7f, 0x8f, 0x8f, 
	0x9f, 0xaf, 0x8f, 0x9f, 0xaf, 0xaf, 0xaf, 0xaf, 
	0x7f, 0x5f, 0x4f, 0x4f, 0x4f, 0x4f, 0x4f, 0x4f, 
	0x4f, 0x4f, 0x6f, 0x8f, 0x9f, 0x9f, 0xaf, 0xaf, 
	0x00, 0x00, 0x1f, 0x3f, 0x6f, 0x7f, 0x8f, 0x9f, 
	0xaf, 0x8f, 0x9f, 0x9f, 0xaf, 0xaf, 0xaf, 0xbf, 
	0x9f, 0x8f, 0x7f, 0x6f, 0x5f, 0x4f, 0x4f, 0x4f, 
	0x4f, 0x7f, 0x8f, 0x8f, 0x8f, 0x8f, 0x8f, 0x8f, 
	0x00, 0x00, 0x2f, 0x4f, 0x6f, 0x7f, 0x8f, 0x9f, 
	0xaf, 0x9f, 0x9f, 0x9f, 0xaf, 0xaf, 0xaf, 0xdf, 
	0xdf, 0xdf, 0xef, 0xef, 0xff, 0xef, 0xdf, 0x8f, 
	0x4f, 0x5f, 0x6f, 0x6f, 0x6f, 0x6f, 0x7f, 0x7f, 
	0x00, 0x00, 0x2f, 0x4f, 0x6f, 0x7f, 0x8f, 0x9f, 
	0x9f, 0x8f, 0x9f, 0xaf, 0xaf, 0xaf, 0xaf, 0xbf, 
	0xcf, 0xcf, 0xcf, 0xdf, 0xdf, 0xef, 0xff, 0xcf, 
	0x4f, 0x4f, 0x3f, 0x4f, 0x4f, 0x4f, 0x4f, 0x4f, 
	0x00, 0x00, 0x2f, 0x5f, 0x6f, 0x8f, 0x8f, 0x9f, 
	0x9f, 0x9f, 0x9f, 0xaf, 0xaf, 0xaf, 0xaf, 0xaf, 
	0xbf, 0xbf, 0xbf, 0xcf, 0xcf, 0xcf, 0xdf, 0xcf, 
	0xbf, 0xaf, 0x9f, 0x8f, 0x8f, 0x7f, 0x7f, 0x6f, 
	0x00, 0x00, 0x2f, 0x5f, 0x7f, 0x8f, 0x8f, 0x9f, 
	0x8f, 0x9f, 0x9f, 0xaf, 0xaf, 0x9f, 0x8f, 0x9f, 
	0x9f, 0xaf, 0xaf, 0xaf, 0xbf, 0xbf, 0xaf, 0xbf, 
	0xbf, 0xbf, 0xbf, 0xbf, 0xbf, 0xcf, 0xcf, 0xcf, 
	0x00, 0x00, 0x2f, 0x5f, 0x7f, 0x8f, 0x8f, 0x9f, 
	0x8f, 0x9f, 0x9f, 0xaf, 0xaf, 0x5f, 0x5f, 0x7f, 
	0x8f, 0x8f, 0x8f, 0x8f, 0x8f, 0x7f, 0x9f, 0xaf, 
	0xaf, 0xaf, 0xaf, 0xaf, 0xaf, 0xaf, 0xaf, 0xaf, 
	0x00, 0x00, 0x2f, 0x5f, 0x7f, 0x8f, 0x9f, 0x8f, 
	0x9f, 0x9f, 0xaf, 0xaf, 0x8f, 0x4f, 0x4f, 0x4f, 
	0x4f, 0x4f, 0x4f, 0x5f, 0x4f, 0x5f, 0x8f, 0x8f, 
	0x9f, 0x9f, 0x9f, 0x9f, 0x9f, 0x9f, 0x9f, 0x9f, 
	0x00, 0x00, 0x3f, 0x5f, 0x7f, 0x8f, 0x8f, 0x8f, 
	0x9f, 0x9f, 0xaf, 0xaf, 0x5f, 0x4f, 0x4f, 0x4f, 
	0x4f, 0x3f, 0x3f, 0x3f, 0x4f, 0x7f, 0x7f, 0x7f, 
	0x7f, 0x7f, 0x7f, 0x7f, 0x7f, 0x7f, 0x7f, 0x6f, 
	0x00, 0x00, 0x3f, 0x5f, 0x7f, 0x8f, 0x8f, 0x8f, 
	0x9f, 0x9f, 0xaf, 0xaf, 0xaf, 0x7f, 0x6f, 0x4f, 
	0x4f, 0x4f, 0x4f, 0x3f, 0x4f, 0x4f, 0x4f, 0x4f, 
	0x4f, 0x4f, 0x4f, 0x4f, 0x3f, 0x3f, 0x3f, 0x00, 
	0x00, 0x00, 0x3f, 0x6f, 0x7f, 0x8f, 0x8f, 0x8f, 
	0x9f, 0x9f, 0xaf, 0xaf, 0xbf, 0xbf, 0xbf, 0xaf, 
	0x9f, 0x7f, 0x7f, 0x7f, 0x5f, 0x5f, 0x4f, 0x4f, 
	0x4f, 0x4f, 0x4f, 0x4f, 0x00, 0x00, 0x00, 0x00, 
	0x00, 0x00, 0x3f, 0x6f, 0x7f, 0x8f, 0x8f, 0x8f, 
	0x9f, 0x9f, 0x9f, 0x8f, 0x9f, 0x9f, 0x9f, 0x9f, 
	0x8f, 0xbf, 0xcf, 0xcf, 0xcf, 0xcf, 0xbf, 0xaf, 
	0xaf, 0x8f, 0x8f, 0x7f, 0x00, 0x00, 0x00, 0x00, 
	0x00, 0x00, 0x3f, 0x6f, 0x7f, 0x8f, 0x8f, 0x9f, 
	0x9f, 0x9f, 0x5f, 0x6f, 0x6f, 0x6f, 0x5f, 0x5f, 
	0x9f, 0xaf, 0xaf, 0xbf, 0xbf, 0xbf, 0xbf, 0xbf, 
	0xbf, 0xbf, 0xbf, 0xaf, 0x00, 0x00, 0x00, 0x00, 
	0x00, 0x00, 0x3f, 0x6f, 0x7f, 0x8f, 0x8f, 0x9f, 
	0x9f, 0x6f, 0x3f, 0x3f, 0x3f, 0x3f, 0x5f, 0x8f, 
	0x8f, 0x9f, 0x9f, 0x9f, 0x9f, 0x9f, 0x9f, 0x9f, 
	0x9f, 0x9f, 0x8f, 0x00, 0x00, 0x00, 0x00, 0x00, 
	0x00, 0x00, 0x2f, 0x5f, 0x7f, 0x8f, 0x8f, 0x9f, 
	0x9f, 0x3f, 0x2f, 0x2f, 0x3f, 0x3f, 0x6f, 0x6f, 
	0x7f, 0x7f, 0x7f, 0x7f, 0x7f, 0x7f, 0x7f, 0x7f, 
	0x6f, 0x4f, 0x00, 0x00, 0x00, 0x00, 0x00, 0x00, 
	0x00, 0x00, 0x00, 0x5f, 0x7f, 0x8f, 0x8f, 0x9f, 
	0x8f, 0x00, 0x00, 0x00, 0x2f, 0x2f, 0x3f, 0x3f, 
	0x3f, 0x3f, 0x3f, 0x4f, 0x3f, 0x3f, 0x3f, 0x2f, 
	0x00, 0x00, 0x00, 0x00, 0x00, 0x00, 0x00, 0x00, 
	0x00, 0x00, 0x00, 0x5f, 0x7f, 0x8f, 0x8f, 0x8f, 
	0x00, 0x00, 0x00, 0x00, 0x00, 0x00, 0x00, 0x00, 
	0x00, 0x00, 0x00, 0x00, 0x00, 0x00, 0x00, 0x00, 
	0x00, 0x00, 0x00, 0x00, 0x00, 0x00, 0x00, 0x00, 
	0x00, 0x00, 0x00, 0x5f, 0x8f, 0x8f, 0x8f, 0x00, 
	0x00, 0x00, 0x00, 0x00, 0x00, 0x00, 0x00, 0x00, 
	0x00, 0x00, 0x00, 0x00, 0x00, 0x00, 0x00, 0x00, 
	0x00, 0x00, 0x00, 0x00, 0x00, 0x00, 0x00, 0x00, 
	0x00, 0x00, 0x00, 0x00, 0x8f, 0x7f, 0x00, 0x00, 
	0x00, 0x00, 0x00, 0x00, 0x00, 0x00, 0x00, 0x00, 
	0x00, 0x00, 0x00, 0x00, 0x00, 0x00, 0x00, 0x00, 
	0x00, 0x00, 0x00, 0x00, 0x00, 0x00, 0x00, 0x00, 
	0x00, 0x00, 0x00, 0x00, 0x00, 0x00, 0x00, 0x00, 
	0x00, 0x00, 0x00, 0x00, 0x00, 0x00, 0x00, 0x00, 
	0x00, 0x00, 0x00, 0x00, 0x00, 0x00, 0x00, 0x00, 
	0x00, 0x00, 0x00, 0x00, 0x00, 0x00, 0x00, 0x00, 
	0x00, 0x00, 0x00, 0x00, 0x00, 0x00, 0x00, 0x00, 
	0x00, 0x00, 0x00, 0x00, 0x00, 0x00, 0x00, 0x00, 
	0x00, 0x00, 0x00, 0x00, 0x00, 0x00, 0x00, 0x00, 
	0x00, 0x00, 0x00, 0x00, 0x00, 0x00, 0x00, 0x00, 
	
};

Gfx mario_mario_face_2_ci8_aligner[] = {gsSPEndDisplayList()};
u8 mario_mario_face_2_ci8[] = {
	0x00, 0x00, 0x00, 0x00, 0x00, 0x00, 0x00, 0x00, 
	0x00, 0x00, 0x00, 0x00, 0x00, 0x00, 0x00, 0x00, 
	0x00, 0x00, 0x00, 0x00, 0x00, 0x00, 0x00, 0x00, 
	0x00, 0x00, 0x00, 0x00, 0x00, 0x00, 0x00, 0x00, 
	0x00, 0x00, 0x00, 0x00, 0x00, 0x00, 0x00, 0x00, 
	0x00, 0x00, 0x00, 0x00, 0x00, 0x00, 0x00, 0x00, 
	0x00, 0x00, 0x00, 0x00, 0x00, 0x00, 0x00, 0x00, 
	0x00, 0x00, 0x00, 0x00, 0x00, 0x00, 0x00, 0x00, 
	0x00, 0x00, 0x00, 0x00, 0x00, 0x00, 0x00, 0x00, 
	0x00, 0x00, 0x00, 0x00, 0x00, 0x00, 0x00, 0x00, 
	0x00, 0x00, 0x00, 0x00, 0x00, 0x00, 0x00, 0x00, 
	0x00, 0x00, 0x00, 0x00, 0x00, 0x00, 0x00, 0x00, 
	0x00, 0x00, 0x00, 0x00, 0x00, 0x00, 0x00, 0x00, 
	0x00, 0x00, 0x00, 0x00, 0x00, 0x00, 0x00, 0x00, 
	0x00, 0x00, 0x00, 0x00, 0x00, 0x00, 0x00, 0x00, 
	0x00, 0x00, 0x00, 0x00, 0x00, 0x00, 0x00, 0x00, 
	0x00, 0x00, 0x00, 0x00, 0x01, 0x02, 0x03, 0x04, 
	0x05, 0x00, 0x00, 0x00, 0x00, 0x00, 0x00, 0x00, 
	0x00, 0x00, 0x00, 0x00, 0x00, 0x00, 0x00, 0x06, 
	0x04, 0x03, 0x03, 0x03, 0x00, 0x00, 0x00, 0x00, 
	0x00, 0x00, 0x00, 0x06, 0x03, 0x03, 0x03, 0x03, 
	0x06, 0x03, 0x00, 0x00, 0x00, 0x00, 0x00, 0x00, 
	0x00, 0x00, 0x00, 0x00, 0x00, 0x00, 0x04, 0x06, 
	0x04, 0x03, 0x04, 0x03, 0x07, 0x00, 0x00, 0x00, 
	0x00, 0x00, 0x08, 0x02, 0x09, 0x00, 0x00, 0x00, 
	0x0a, 0x02, 0x0b, 0x00, 0x00, 0x00, 0x00, 0x00, 
	0x00, 0x00, 0x00, 0x00, 0x00, 0x0c, 0x04, 0x0d, 
	0x00, 0x00, 0x00, 0x09, 0x02, 0x0d, 0x00, 0x00, 
	0x00, 0x00, 0x03, 0x00, 0x00, 0x00, 0x00, 0x00, 
	0x00, 0x00, 0x0e, 0x00, 0x00, 0x00, 0x00, 0x00, 
	0x00, 0x00, 0x00, 0x00, 0x00, 0x0f, 0x00, 0x00, 
	0x00, 0x00, 0x00, 0x00, 0x00, 0x03, 0x00, 0x00, 
	0x00, 0x00, 0x00, 0x00, 0x00, 0x00, 0x00, 0x00, 
	0x00, 0x00, 0x00, 0x00, 0x00, 0x00, 0x00, 0x00, 
	0x00, 0x00, 0x00, 0x00, 0x00, 0x00, 0x00, 0x00, 
	0x00, 0x00, 0x00, 0x00, 0x00, 0x00, 0x00, 0x00, 
	0x00, 0x00, 0x00, 0x00, 0x00, 0x00, 0x00, 0x00, 
	0x00, 0x00, 0x00, 0x00, 0x00, 0x00, 0x00, 0x00, 
	0x00, 0x00, 0x00, 0x00, 0x00, 0x00, 0x00, 0x00, 
	0x00, 0x00, 0x00, 0x00, 0x00, 0x00, 0x00, 0x00, 
	0x00, 0x00, 0x00, 0x00, 0x00, 0x00, 0x00, 0x00, 
	0x00, 0x00, 0x00, 0x00, 0x00, 0x00, 0x00, 0x00, 
	0x00, 0x00, 0x00, 0x00, 0x00, 0x00, 0x00, 0x00, 
	0x00, 0x00, 0x00, 0x00, 0x00, 0x00, 0x00, 0x00, 
	0x00, 0x00, 0x00, 0x00, 0x00, 0x00, 0x00, 0x00, 
	0x00, 0x00, 0x00, 0x00, 0x00, 0x00, 0x00, 0x00, 
	0x00, 0x00, 0x00, 0x00, 0x00, 0x00, 0x00, 0x00, 
	0x00, 0x00, 0x00, 0x00, 0x00, 0x00, 0x00, 0x00, 
	0x00, 0x00, 0x00, 0x00, 0x00, 0x00, 0x00, 0x00, 
	0x00, 0x00, 0x00, 0x00, 0x00, 0x00, 0x00, 0x00, 
	0x00, 0x00, 0x00, 0x00, 0x00, 0x00, 0x00, 0x00, 
	0x00, 0x00, 0x00, 0x00, 0x00, 0x00, 0x00, 0x00, 
	0x00, 0x00, 0x00, 0x00, 0x00, 0x00, 0x00, 0x00, 
	0x00, 0x00, 0x00, 0x00, 0x00, 0x00, 0x00, 0x00, 
	0x00, 0x00, 0x00, 0x00, 0x00, 0x00, 0x00, 0x00, 
	0x00, 0x00, 0x00, 0x00, 0x00, 0x00, 0x00, 0x00, 
	0x00, 0x00, 0x00, 0x00, 0x00, 0x00, 0x00, 0x00, 
	0x00, 0x00, 0x00, 0x00, 0x00, 0x00, 0x00, 0x00, 
	0x00, 0x00, 0x00, 0x00, 0x00, 0x00, 0x00, 0x00, 
	0x00, 0x00, 0x00, 0x00, 0x00, 0x00, 0x00, 0x00, 
	0x00, 0x00, 0x00, 0x00, 0x00, 0x00, 0x00, 0x00, 
	0x00, 0x00, 0x00, 0x00, 0x00, 0x00, 0x00, 0x00, 
	0x00, 0x00, 0x00, 0x00, 0x00, 0x00, 0x00, 0x00, 
	0x00, 0x00, 0x00, 0x00, 0x00, 0x00, 0x00, 0x00, 
	0x00, 0x00, 0x00, 0x00, 0x10, 0x11, 0x0e, 0x02, 
	0x02, 0x02, 0x02, 0x02, 0x12, 0x00, 0x00, 0x00, 
	0x00, 0x00, 0x00, 0x12, 0x02, 0x02, 0x02, 0x02, 
	0x0e, 0x13, 0x11, 0x14, 0x00, 0x00, 0x00, 0x00, 
	0x00, 0x15, 0x16, 0x10, 0x12, 0x13, 0x0e, 0x02, 
	0x02, 0x02, 0x02, 0x02, 0x02, 0x17, 0x00, 0x00, 
	0x00, 0x00, 0x02, 0x02, 0x02, 0x02, 0x02, 0x02, 
	0x02, 0x13, 0x13, 0x12, 0x10, 0x14, 0x16, 0x00, 
	0x00, 0x18, 0x18, 0x18, 0x18, 0x18, 0x19, 0x1a, 
	0x1b, 0x02, 0x1c, 0x1d, 0x1e, 0x1f, 0x00, 0x00, 
	0x00, 0x00, 0x20, 0x21, 0x1d, 0x22, 0x02, 0x23, 
	0x24, 0x25, 0x26, 0x18, 0x18, 0x18, 0x18, 0x00, 
	0x00, 0x18, 0x18, 0x18, 0x18, 0x18, 0x27, 0x24, 
	0x28, 0x02, 0x29, 0x18, 0x2a, 0x2b, 0x00, 0x00, 
	0x00, 0x00, 0x2c, 0x2d, 0x18, 0x2e, 0x02, 0x2f, 
	0x30, 0x25, 0x31, 0x18, 0x18, 0x18, 0x18, 0x00, 
	0x00, 0x18, 0x18, 0x18, 0x18, 0x18, 0x32, 0x1a, 
	0x1b, 0x02, 0x33, 0x2a, 0x29, 0x1f, 0x00, 0x00, 
	0x00, 0x00, 0x34, 0x35, 0x2a, 0x36, 0x02, 0x37, 
	0x30, 0x38, 0x39, 0x18, 0x18, 0x18, 0x18, 0x00, 
	0x00, 0x18, 0x18, 0x18, 0x18, 0x18, 0x3a, 0x1a, 
	0x3b, 0x02, 0x02, 0x02, 0x02, 0x3c, 0x00, 0x00, 
	0x00, 0x00, 0x3d, 0x02, 0x3e, 0x02, 0x02, 0x3f, 
	0x24, 0x40, 0x41, 0x18, 0x18, 0x18, 0x18, 0x00, 
	0x00, 0x00, 0x18, 0x18, 0x18, 0x18, 0x42, 0x1a, 
	0x43, 0x3e, 0x02, 0x02, 0x02, 0x44, 0x00, 0x00, 
	0x00, 0x00, 0x45, 0x02, 0x02, 0x02, 0x02, 0x46, 
	0x47, 0x48, 0x18, 0x18, 0x18, 0x18, 0x18, 0x00, 
	0x00, 0x00, 0x18, 0x18, 0x18, 0x18, 0x49, 0x1a, 
	0x30, 0x2f, 0x02, 0x02, 0x02, 0x4a, 0x00, 0x00, 
	0x00, 0x00, 0x00, 0x2f, 0x02, 0x02, 0x3e, 0x4b, 
	0x1a, 0x4c, 0x18, 0x18, 0x18, 0x18, 0x00, 0x00, 
	0x00, 0x00, 0x18, 0x18, 0x18, 0x18, 0x26, 0x25, 
	0x4d, 0x4e, 0x02, 0x02, 0x1b, 0x00, 0x00, 0x00, 
	0x00, 0x00, 0x00, 0x4f, 0x50, 0x02, 0x28, 0x4d, 
	0x1a, 0x51, 0x18, 0x18, 0x18, 0x18, 0x00, 0x00, 
	0x00, 0x00, 0x00, 0x18, 0x18, 0x18, 0x18, 0x3a, 
	0x52, 0x4d, 0x53, 0x54, 0x48, 0x00, 0x00, 0x00, 
	0x00, 0x00, 0x00, 0x42, 0x55, 0x56, 0x30, 0x1a, 
	0x57, 0x39, 0x18, 0x18, 0x18, 0x18, 0x00, 0x00, 
	0x00, 0x00, 0x00, 0x18, 0x18, 0x18, 0x18, 0x31, 
	0x25, 0x58, 0x1a, 0x24, 0x00, 0x00, 0x00, 0x00, 
	0x00, 0x00, 0x00, 0x00, 0x57, 0x59, 0x1a, 0x58, 
	0x49, 0x18, 0x18, 0x18, 0x18, 0x00, 0x00, 0x00, 
	0x00, 0x00, 0x00, 0x00, 0x18, 0x18, 0x18, 0x18, 
	0x5a, 0x32, 0x5b, 0x51, 0x00, 0x00, 0x00, 0x00, 
	0x00, 0x00, 0x00, 0x00, 0x5c, 0x5d, 0x48, 0x49, 
	0x18, 0x18, 0x18, 0x18, 0x18, 0x00, 0x00, 0x00, 
	0x00, 0x00, 0x00, 0x00, 0x18, 0x18, 0x18, 0x18, 
	0x18, 0x18, 0x18, 0x00, 0x00, 0x00, 0x00, 0x00, 
	0x00, 0x00, 0x00, 0x00, 0x00, 0x18, 0x18, 0x18, 
	0x18, 0x18, 0x18, 0x18, 0x00, 0x00, 0x00, 0x00, 
	0x00, 0x00, 0x00, 0x00, 0x00, 0x00, 0x18, 0x18, 
	0x18, 0x18, 0x00, 0x00, 0x00, 0x00, 0x00, 0x00, 
	0x00, 0x00, 0x00, 0x00, 0x00, 0x00, 0x00, 0x18, 
	0x18, 0x18, 0x00, 0x00, 0x00, 0x00, 0x00, 0x00, 
	0x00, 0x00, 0x00, 0x00, 0x00, 0x00, 0x00, 0x00, 
	0x00, 0x00, 0x00, 0x00, 0x00, 0x00, 0x00, 0x00, 
	0x00, 0x00, 0x00, 0x00, 0x00, 0x00, 0x00, 0x00, 
	0x00, 0x00, 0x00, 0x00, 0x00, 0x00, 0x00, 0x00, 
	0x00, 0x00, 0x00, 0x00, 0x00, 0x00, 0x00, 0x00, 
	0x00, 0x00, 0x00, 0x00, 0x00, 0x00, 0x00, 0x00, 
	0x00, 0x00, 0x00, 0x00, 0x00, 0x00, 0x00, 0x00, 
	0x00, 0x00, 0x00, 0x00, 0x00, 0x00, 0x00, 0x00, 
	
};

Gfx mario_mario_face_2_pal_rgba16_aligner[] = {gsSPEndDisplayList()};
u8 mario_mario_face_2_pal_rgba16[] = {
	0xff, 0xfe, 0x18, 0x87, 0x00, 0x01, 0x08, 0x03, 
	0x08, 0x01, 0x10, 0x43, 0x08, 0x43, 0x10, 0x45, 
	0x29, 0x4b, 0x41, 0xcf, 0x31, 0x8d, 0x20, 0xc9, 
	0x18, 0x85, 0x39, 0x8f, 0x18, 0xc7, 0x20, 0xc7, 
	0x73, 0x9d, 0x52, 0x95, 0x42, 0x11, 0x21, 0x09, 
	0x8c, 0x63, 0x84, 0x21, 0x94, 0xa5, 0x32, 0xe7, 
	0xf7, 0xbd, 0x54, 0xbb, 0x1b, 0x79, 0x11, 0xe7, 
	0x21, 0xdd, 0xce, 0xbd, 0x6c, 0x2f, 0x19, 0xe1, 
	0x53, 0xed, 0x32, 0x61, 0x53, 0xa9, 0x09, 0x1d, 
	0x23, 0x79, 0x2b, 0xb9, 0xdf, 0x3d, 0x44, 0x7b, 
	0x09, 0xe5, 0x5b, 0xeb, 0xb6, 0x3d, 0x11, 0x9f, 
	0x43, 0x29, 0x74, 0x6f, 0x9d, 0xb9, 0x00, 0xd9, 
	0x23, 0x77, 0xd7, 0x3d, 0x54, 0xbd, 0x19, 0x9b, 
	0x4b, 0xad, 0x2a, 0x1f, 0x4b, 0x67, 0x01, 0x1d, 
	0x2b, 0xf9, 0xe7, 0x7d, 0x6c, 0xfd, 0x12, 0x29, 
	0x2a, 0xa7, 0x64, 0x73, 0x00, 0x05, 0x09, 0x61, 
	0x33, 0xfb, 0xef, 0xbd, 0x7d, 0x3d, 0x1a, 0xf1, 
	0x53, 0xf1, 0x8d, 0x3b, 0x12, 0x27, 0x1b, 0xb9, 
	0x4c, 0x7b, 0x9e, 0x3d, 0x85, 0x7b, 0x1a, 0xf3, 
	0x75, 0x3d, 0x23, 0xb9, 0x12, 0x6d, 0x2b, 0x73, 
	0x00, 0x0b, 0xae, 0x7d, 0x1b, 0x37, 0x1a, 0xb1, 
	0x12, 0x6f, 0x0a, 0x71, 0x12, 0xad, 0x3c, 0x3b, 
	0x13, 0x37, 0x13, 0x79, 0xbe, 0xbd, 0x4c, 0xbb, 
	0xc6, 0xfd, 0x5c, 0xbd, 
};

Gfx mario_mario_face_3_ci8_aligner[] = {gsSPEndDisplayList()};
u8 mario_mario_face_3_ci8[] = {
	0x00, 0x00, 0x00, 0x00, 0x00, 0x00, 0x00, 0x00, 
	0x00, 0x00, 0x00, 0x00, 0x00, 0x00, 0x00, 0x00, 
	0x00, 0x00, 0x00, 0x00, 0x00, 0x00, 0x00, 0x00, 
	0x00, 0x00, 0x00, 0x00, 0x00, 0x00, 0x00, 0x00, 
	0x00, 0x00, 0x00, 0x00, 0x00, 0x00, 0x00, 0x00, 
	0x00, 0x00, 0x00, 0x00, 0x00, 0x00, 0x00, 0x00, 
	0x00, 0x00, 0x00, 0x00, 0x00, 0x00, 0x00, 0x00, 
	0x00, 0x00, 0x00, 0x00, 0x00, 0x00, 0x00, 0x00, 
	0x00, 0x00, 0x00, 0x00, 0x00, 0x00, 0x00, 0x00, 
	0x00, 0x00, 0x00, 0x00, 0x00, 0x00, 0x00, 0x00, 
	0x00, 0x00, 0x00, 0x00, 0x00, 0x00, 0x00, 0x00, 
	0x00, 0x00, 0x00, 0x00, 0x00, 0x00, 0x00, 0x00, 
	0x00, 0x00, 0x00, 0x00, 0x00, 0x00, 0x00, 0x00, 
	0x00, 0x00, 0x00, 0x00, 0x00, 0x00, 0x00, 0x00, 
	0x00, 0x00, 0x00, 0x00, 0x00, 0x00, 0x00, 0x00, 
	0x00, 0x00, 0x00, 0x00, 0x00, 0x00, 0x00, 0x00, 
	0x00, 0x00, 0x00, 0x00, 0x01, 0x02, 0x03, 0x04, 
	0x05, 0x00, 0x00, 0x00, 0x00, 0x00, 0x00, 0x00, 
	0x00, 0x00, 0x00, 0x00, 0x00, 0x00, 0x00, 0x06, 
	0x04, 0x03, 0x02, 0x01, 0x00, 0x00, 0x00, 0x00, 
	0x00, 0x00, 0x00, 0x06, 0x03, 0x03, 0x03, 0x03, 
	0x06, 0x03, 0x00, 0x00, 0x00, 0x00, 0x00, 0x00, 
	0x00, 0x00, 0x00, 0x00, 0x00, 0x00, 0x04, 0x06, 
	0x04, 0x03, 0x04, 0x03, 0x07, 0x00, 0x00, 0x00, 
	0x00, 0x00, 0x08, 0x02, 0x09, 0x00, 0x00, 0x00, 
	0x0a, 0x02, 0x03, 0x00, 0x00, 0x00, 0x00, 0x00, 
	0x00, 0x00, 0x00, 0x00, 0x00, 0x0b, 0x04, 0x0c, 
	0x00, 0x00, 0x00, 0x03, 0x02, 0x0c, 0x00, 0x00, 
	0x00, 0x00, 0x0d, 0x00, 0x00, 0x00, 0x00, 0x00, 
	0x00, 0x00, 0x0d, 0x00, 0x00, 0x00, 0x00, 0x00, 
	0x00, 0x00, 0x00, 0x00, 0x00, 0x0e, 0x00, 0x00, 
	0x00, 0x00, 0x00, 0x00, 0x00, 0x01, 0x00, 0x00, 
	0x00, 0x00, 0x00, 0x00, 0x00, 0x00, 0x00, 0x00, 
	0x00, 0x00, 0x00, 0x00, 0x00, 0x00, 0x00, 0x00, 
	0x00, 0x00, 0x00, 0x00, 0x00, 0x00, 0x00, 0x00, 
	0x00, 0x00, 0x00, 0x00, 0x00, 0x00, 0x00, 0x00, 
	0x00, 0x00, 0x00, 0x00, 0x00, 0x00, 0x00, 0x00, 
	0x00, 0x00, 0x00, 0x00, 0x00, 0x00, 0x00, 0x00, 
	0x00, 0x00, 0x00, 0x00, 0x00, 0x00, 0x00, 0x00, 
	0x00, 0x00, 0x00, 0x00, 0x00, 0x00, 0x00, 0x00, 
	0x00, 0x00, 0x00, 0x00, 0x00, 0x00, 0x00, 0x00, 
	0x00, 0x00, 0x00, 0x00, 0x00, 0x00, 0x00, 0x00, 
	0x00, 0x00, 0x00, 0x00, 0x00, 0x00, 0x00, 0x00, 
	0x00, 0x00, 0x00, 0x00, 0x00, 0x00, 0x00, 0x00, 
	0x00, 0x00, 0x00, 0x00, 0x00, 0x00, 0x00, 0x00, 
	0x00, 0x00, 0x00, 0x00, 0x00, 0x00, 0x00, 0x00, 
	0x00, 0x00, 0x00, 0x00, 0x00, 0x00, 0x00, 0x00, 
	0x00, 0x00, 0x00, 0x00, 0x00, 0x00, 0x00, 0x00, 
	0x00, 0x00, 0x00, 0x00, 0x00, 0x00, 0x00, 0x00, 
	0x00, 0x00, 0x00, 0x00, 0x00, 0x00, 0x00, 0x00, 
	0x00, 0x00, 0x00, 0x00, 0x00, 0x00, 0x00, 0x00, 
	0x00, 0x00, 0x00, 0x00, 0x00, 0x00, 0x00, 0x00, 
	0x00, 0x00, 0x00, 0x00, 0x00, 0x00, 0x00, 0x00, 
	0x00, 0x00, 0x00, 0x00, 0x00, 0x00, 0x00, 0x00, 
	0x00, 0x00, 0x00, 0x00, 0x00, 0x00, 0x00, 0x00, 
	0x00, 0x00, 0x00, 0x00, 0x00, 0x00, 0x00, 0x00, 
	0x00, 0x00, 0x00, 0x00, 0x00, 0x00, 0x00, 0x00, 
	0x00, 0x00, 0x00, 0x00, 0x00, 0x00, 0x00, 0x00, 
	0x00, 0x00, 0x00, 0x00, 0x00, 0x00, 0x00, 0x00, 
	0x00, 0x00, 0x00, 0x00, 0x00, 0x00, 0x00, 0x00, 
	0x00, 0x00, 0x00, 0x00, 0x00, 0x00, 0x00, 0x00, 
	0x00, 0x00, 0x00, 0x00, 0x00, 0x00, 0x00, 0x00, 
	0x00, 0x00, 0x00, 0x00, 0x00, 0x00, 0x00, 0x00, 
	0x00, 0x00, 0x00, 0x00, 0x00, 0x00, 0x00, 0x00, 
	0x00, 0x00, 0x00, 0x00, 0x00, 0x00, 0x00, 0x00, 
	0x00, 0x00, 0x00, 0x00, 0x00, 0x00, 0x00, 0x00, 
	0x00, 0x00, 0x00, 0x00, 0x00, 0x00, 0x00, 0x00, 
	0x00, 0x00, 0x00, 0x00, 0x00, 0x00, 0x00, 0x00, 
	0x00, 0x00, 0x00, 0x00, 0x00, 0x00, 0x00, 0x00, 
	0x00, 0x00, 0x00, 0x00, 0x00, 0x00, 0x00, 0x00, 
	0x00, 0x00, 0x00, 0x00, 0x00, 0x00, 0x00, 0x00, 
	0x00, 0x00, 0x00, 0x00, 0x00, 0x00, 0x00, 0x00, 
	0x00, 0x00, 0x00, 0x00, 0x00, 0x00, 0x00, 0x00, 
	0x00, 0x00, 0x00, 0x00, 0x00, 0x00, 0x00, 0x00, 
	0x00, 0x00, 0x00, 0x00, 0x00, 0x00, 0x00, 0x00, 
	0x00, 0x00, 0x00, 0x00, 0x00, 0x00, 0x00, 0x00, 
	0x00, 0x00, 0x00, 0x00, 0x00, 0x00, 0x00, 0x00, 
	0x00, 0x00, 0x00, 0x00, 0x00, 0x00, 0x00, 0x00, 
	0x00, 0x00, 0x00, 0x00, 0x00, 0x00, 0x00, 0x00, 
	0x00, 0x00, 0x00, 0x00, 0x00, 0x00, 0x00, 0x00, 
	0x00, 0x00, 0x00, 0x00, 0x00, 0x00, 0x00, 0x00, 
	0x00, 0x00, 0x00, 0x00, 0x00, 0x00, 0x00, 0x00, 
	0x00, 0x00, 0x00, 0x00, 0x00, 0x00, 0x00, 0x00, 
	0x00, 0x00, 0x00, 0x00, 0x00, 0x00, 0x00, 0x00, 
	0x00, 0x00, 0x00, 0x00, 0x00, 0x00, 0x00, 0x00, 
	0x00, 0x00, 0x00, 0x00, 0x00, 0x00, 0x00, 0x00, 
	0x00, 0x00, 0x00, 0x00, 0x00, 0x00, 0x00, 0x00, 
	0x00, 0x00, 0x00, 0x00, 0x00, 0x00, 0x00, 0x00, 
	0x00, 0x00, 0x00, 0x00, 0x00, 0x00, 0x00, 0x00, 
	0x00, 0x00, 0x00, 0x00, 0x00, 0x00, 0x00, 0x00, 
	0x00, 0x00, 0x00, 0x00, 0x00, 0x00, 0x00, 0x00, 
	0x00, 0x00, 0x00, 0x00, 0x00, 0x00, 0x00, 0x00, 
	0x00, 0x00, 0x00, 0x00, 0x00, 0x00, 0x00, 0x00, 
	0x00, 0x00, 0x00, 0x00, 0x00, 0x00, 0x00, 0x00, 
	0x00, 0x00, 0x00, 0x00, 0x00, 0x00, 0x00, 0x00, 
	0x00, 0x00, 0x00, 0x00, 0x00, 0x00, 0x00, 0x00, 
	0x00, 0x00, 0x00, 0x00, 0x00, 0x00, 0x00, 0x00, 
	0x00, 0x00, 0x00, 0x00, 0x00, 0x00, 0x00, 0x00, 
	0x00, 0x00, 0x00, 0x00, 0x00, 0x00, 0x00, 0x00, 
	0x00, 0x00, 0x00, 0x00, 0x00, 0x00, 0x00, 0x00, 
	0x00, 0x02, 0x02, 0x0a, 0x00, 0x00, 0x00, 0x00, 
	0x00, 0x00, 0x00, 0x0a, 0x0f, 0x0f, 0x00, 0x00, 
	0x00, 0x00, 0x0f, 0x0f, 0x0a, 0x00, 0x00, 0x00, 
	0x00, 0x00, 0x00, 0x00, 0x0a, 0x06, 0x06, 0x00, 
	0x00, 0x00, 0x06, 0x02, 0x02, 0x10, 0x10, 0x10, 
	0x10, 0x10, 0x02, 0x02, 0x02, 0x00, 0x00, 0x00, 
	0x00, 0x00, 0x00, 0x02, 0x02, 0x10, 0x10, 0x10, 
	0x10, 0x10, 0x10, 0x06, 0x06, 0x06, 0x00, 0x00, 
	0x00, 0x00, 0x00, 0x06, 0x06, 0x06, 0x06, 0x0f, 
	0x0f, 0x0f, 0x0f, 0x02, 0x00, 0x00, 0x00, 0x00, 
	0x00, 0x00, 0x00, 0x00, 0x0f, 0x02, 0x02, 0x02, 
	0x0f, 0x06, 0x06, 0x06, 0x00, 0x00, 0x00, 0x00, 
	0x00, 0x00, 0x00, 0x00, 0x00, 0x00, 0x00, 0x00, 
	0x00, 0x00, 0x00, 0x00, 0x00, 0x00, 0x00, 0x00, 
	0x00, 0x00, 0x00, 0x00, 0x00, 0x00, 0x00, 0x00, 
	0x00, 0x00, 0x00, 0x00, 0x00, 0x00, 0x00, 0x00, 
	0x00, 0x00, 0x00, 0x00, 0x00, 0x00, 0x00, 0x00, 
	0x00, 0x00, 0x00, 0x00, 0x00, 0x00, 0x00, 0x00, 
	0x00, 0x00, 0x00, 0x00, 0x00, 0x00, 0x00, 0x00, 
	0x00, 0x00, 0x00, 0x00, 0x00, 0x00, 0x00, 0x00, 
	0x00, 0x00, 0x00, 0x00, 0x00, 0x00, 0x00, 0x00, 
	0x00, 0x00, 0x00, 0x00, 0x00, 0x00, 0x00, 0x00, 
	0x00, 0x00, 0x00, 0x00, 0x00, 0x00, 0x00, 0x00, 
	0x00, 0x00, 0x00, 0x00, 0x00, 0x00, 0x00, 0x00, 
	0x00, 0x00, 0x00, 0x00, 0x00, 0x00, 0x00, 0x00, 
	0x00, 0x00, 0x00, 0x00, 0x00, 0x00, 0x00, 0x00, 
	0x00, 0x00, 0x00, 0x00, 0x00, 0x00, 0x00, 0x00, 
	0x00, 0x00, 0x00, 0x00, 0x00, 0x00, 0x00, 0x00, 
	
};

Gfx mario_mario_face_3_pal_rgba16_aligner[] = {gsSPEndDisplayList()};
u8 mario_mario_face_3_pal_rgba16[] = {
	0xff, 0xfe, 0x18, 0x87, 0x00, 0x01, 0x08, 0x03, 
	0x08, 0x01, 0x10, 0x43, 0x08, 0x43, 0x10, 0x45, 
	0x29, 0x4b, 0x41, 0xcf, 0x31, 0x8d, 0x18, 0x85, 
	0x39, 0x8f, 0x18, 0xc7, 0x20, 0xc7, 0x00, 0x05, 
	0x21, 0x09, 
};

Gfx mario_mario_face_4_ia8_aligner[] = {gsSPEndDisplayList()};
u8 mario_mario_face_4_ia8[] = {
	0xf0, 0xf0, 0xf0, 0xf0, 0xf0, 0xf0, 0xf0, 0xf0, 
	0xf0, 0xf0, 0xf0, 0xf0, 0xf0, 0xf0, 0xf0, 0xf0, 
	0xf0, 0xf0, 0xf0, 0xf0, 0xf0, 0xf0, 0xf0, 0xf0, 
	0xf0, 0xf0, 0xf0, 0xf0, 0xf0, 0xf0, 0xf0, 0xf0, 
	0xf0, 0xf0, 0xf0, 0xf0, 0xf0, 0xf0, 0xf0, 0xf0, 
	0xf0, 0xf0, 0xf0, 0xf0, 0xf0, 0xf0, 0xf0, 0xf0, 
	0xf0, 0xf0, 0xf0, 0xf0, 0xf0, 0xf0, 0xf0, 0xf0, 
	0xf0, 0xf0, 0xf0, 0xf0, 0xf0, 0xf0, 0xf0, 0xf0, 
	0xf0, 0xf0, 0xf0, 0xf0, 0xf0, 0xf0, 0xf0, 0xf0, 
	0xf0, 0xf0, 0xf0, 0xf0, 0xf0, 0xf0, 0xf0, 0xf0, 
	0xf0, 0xf0, 0xf0, 0xf0, 0xf0, 0xf0, 0xf0, 0xf0, 
	0xf0, 0xf0, 0xf0, 0xf0, 0xf0, 0xf0, 0xf0, 0xf0, 
	0xf0, 0xf0, 0xf0, 0xf0, 0xf0, 0xf0, 0xf0, 0xf0, 
	0xf0, 0xf0, 0xf0, 0xf0, 0xf0, 0xf0, 0xf0, 0xf0, 
	0xf0, 0xf0, 0xf0, 0xf0, 0xf0, 0xf0, 0xf0, 0xf0, 
	0xf0, 0xf0, 0xf0, 0xf0, 0xf0, 0xf0, 0xf0, 0xf0, 
	0xf0, 0xf0, 0xf0, 0xf0, 0xf0, 0xf0, 0xf0, 0xf0, 
	0xf0, 0xf0, 0xf0, 0xf0, 0xf0, 0xf0, 0xf0, 0xf0, 
	0xf0, 0xf0, 0xf0, 0xf0, 0xf0, 0xf0, 0xf0, 0xf0, 
	0xf0, 0xf0, 0xf0, 0xf0, 0xf0, 0xf0, 0xf0, 0xf0, 
	0xf0, 0xf0, 0xf0, 0xf0, 0xf0, 0xf0, 0xf0, 0xf0, 
	0xf0, 0xf0, 0xf0, 0xf0, 0xf0, 0xf0, 0xf0, 0xf0, 
	0xf0, 0xf0, 0xf0, 0xf0, 0xf0, 0xf0, 0xf0, 0xf0, 
	0xf0, 0xf0, 0xf0, 0xf0, 0xf0, 0xf0, 0xf0, 0xf0, 
	0xf0, 0xf0, 0xf0, 0xf0, 0xf0, 0xf0, 0xf0, 0xf0, 
	0xf0, 0xf0, 0x0f, 0xf0, 0xf0, 0xf0, 0xf0, 0xf0, 
	0xf0, 0xf0, 0xf0, 0xf0, 0xf0, 0x0f, 0xf0, 0xf0, 
	0xf0, 0xf0, 0xf0, 0xf0, 0xf0, 0xf0, 0xf0, 0xf0, 
	0xf0, 0xf0, 0xf0, 0xf0, 0xf0, 0xf0, 0xf0, 0xf0, 
	0x0f, 0x0f, 0x0f, 0x0f, 0xf0, 0xf0, 0xf0, 0xf0, 
	0xf0, 0xf0, 0xf0, 0xf0, 0xf0, 0x0f, 0x0f, 0x0f, 
	0xf0, 0xf0, 0xf0, 0xf0, 0xf0, 0xf0, 0xf0, 0xf0, 
	0xf0, 0xf0, 0xf0, 0xf0, 0xf0, 0xf0, 0x0f, 0x0f, 
	0x0f, 0x0f, 0x0f, 0xf0, 0xf0, 0xf0, 0xf0, 0xf0, 
	0xf0, 0xf0, 0xf0, 0xf0, 0xf0, 0xf0, 0x0f, 0x0f, 
	0x0f, 0x0f, 0xf0, 0xf0, 0xf0, 0xf0, 0xf0, 0xf0, 
	0xf0, 0xf0, 0xf0, 0xf0, 0x0f, 0x0f, 0x0f, 0x0f, 
	0xf0, 0xf0, 0xf0, 0xf0, 0xf0, 0xf0, 0xf0, 0xf0, 
	0xf0, 0xf0, 0xf0, 0xf0, 0xf0, 0xf0, 0xf0, 0xf0, 
	0x0f, 0x0f, 0x0f, 0x0f, 0xf0, 0xf0, 0xf0, 0xf0, 
	0xf0, 0xf0, 0xf0, 0x0f, 0x0f, 0x0f, 0xf0, 0xf0, 
	0xf0, 0xf0, 0xf0, 0xf0, 0xf0, 0xf0, 0xf0, 0xf0, 
	0xf0, 0xf0, 0xf0, 0xf0, 0xf0, 0xf0, 0xf0, 0xf0, 
	0xf0, 0xf0, 0xf0, 0x0f, 0x0f, 0xf0, 0xf0, 0xf0, 
	0xf0, 0xf0, 0xf0, 0xf0, 0xf0, 0xf0, 0xff, 0xff, 
	0xff, 0xff, 0xf0, 0xf0, 0xf0, 0xf0, 0xf0, 0xf0, 
	0xf0, 0xf0, 0xf0, 0xf0, 0xf0, 0xf0, 0xf0, 0xff, 
	0xff, 0xff, 0xff, 0xf0, 0xf0, 0xf0, 0xf0, 0xf0, 
	0xf0, 0xf0, 0xf0, 0xf0, 0xff, 0xff, 0xff, 0xff, 
	0xff, 0xff, 0xff, 0xff, 0xf0, 0xf0, 0xf0, 0xf0, 
	0xf0, 0xf0, 0xf0, 0xf0, 0xf0, 0xff, 0xff, 0xff, 
	0xff, 0xff, 0xff, 0xff, 0xff, 0xf0, 0xf0, 0xf0, 
	0xf0, 0xf0, 0xf0, 0xef, 0xef, 0xff, 0xff, 0xff, 
	0xff, 0xff, 0xef, 0xef, 0xf0, 0xf0, 0xf0, 0xf0, 
	0xf0, 0xf0, 0xf0, 0xf0, 0xef, 0xef, 0xff, 0xff, 
	0xff, 0xff, 0xff, 0xff, 0xef, 0xf0, 0xf0, 0xf0, 
	0xf0, 0xf0, 0xf0, 0x0f, 0x0f, 0xcf, 0xff, 0xff, 
	0xff, 0xcf, 0x0f, 0x0f, 0x7f, 0xf0, 0xf0, 0xf0, 
	0xf0, 0xf0, 0xf0, 0xef, 0x0f, 0x0f, 0x4f, 0xff, 
	0xff, 0xff, 0xdf, 0x4f, 0x0f, 0xef, 0xf0, 0xf0, 
	0xf0, 0xf0, 0xff, 0x2f, 0x0f, 0x4f, 0xff, 0xff, 
	0xff, 0x4f, 0x0f, 0x0f, 0xcf, 0xf0, 0xf0, 0xf0, 
	0xf0, 0xf0, 0xf0, 0xff, 0x4f, 0x0f, 0x0f, 0xcf, 
	0xff, 0xff, 0x4f, 0x0f, 0x0f, 0xef, 0xf0, 0xf0, 
	0xf0, 0xf0, 0xff, 0x5f, 0x0f, 0x0f, 0xcf, 0xff, 
	0xcf, 0x0f, 0x0f, 0x4f, 0xff, 0xff, 0xf0, 0xf0, 
	0xf0, 0xf0, 0xf0, 0xff, 0xcf, 0x0f, 0x0f, 0x4f, 
	0xff, 0xcf, 0x0f, 0x0f, 0x4f, 0xff, 0xf0, 0xf0, 
	0xf0, 0xf0, 0xff, 0xdf, 0x4f, 0x0f, 0x4f, 0xcf, 
	0x4f, 0x0f, 0x0f, 0xcf, 0xff, 0xff, 0xf0, 0xf0, 
	0xf0, 0xf0, 0xff, 0xff, 0xff, 0x4f, 0x0f, 0x0f, 
	0xaf, 0x4f, 0x0f, 0x4f, 0xdf, 0xff, 0xff, 0xf0, 
	0xf0, 0xff, 0xff, 0xff, 0xdf, 0x2f, 0x0f, 0x0f, 
	0x0f, 0x0f, 0x4f, 0xff, 0xff, 0xff, 0xf0, 0xf0, 
	0xf0, 0xf0, 0xff, 0xff, 0xff, 0xdf, 0x2f, 0x0f, 
	0x0f, 0x0f, 0x0f, 0xcf, 0xff, 0xff, 0xff, 0xf0, 
	0xf0, 0xff, 0xff, 0xff, 0xff, 0x5f, 0x0f, 0x0f, 
	0x0f, 0x0f, 0xcf, 0xff, 0xff, 0xff, 0xf0, 0xf0, 
	0xf0, 0xf0, 0xff, 0xff, 0xff, 0xff, 0x5f, 0x0f, 
	0x0f, 0x0f, 0x4f, 0xff, 0xff, 0xff, 0xff, 0xf0, 
	0xf0, 0xff, 0xff, 0xff, 0xff, 0xcf, 0x0f, 0x0f, 
	0x0f, 0x4f, 0xff, 0xff, 0xff, 0xff, 0xf0, 0xf0, 
	0xf0, 0xf0, 0xff, 0xff, 0xff, 0xff, 0xcf, 0x0f, 
	0x0f, 0x0f, 0xaf, 0xff, 0xff, 0xff, 0xff, 0xf0, 
	0xf0, 0xff, 0xff, 0xff, 0xff, 0x4f, 0x0f, 0x0f, 
	0x0f, 0xaf, 0xff, 0xff, 0xff, 0xff, 0xf0, 0xf0, 
	0xf0, 0xf0, 0xff, 0xff, 0xff, 0xff, 0xcf, 0x0f, 
	0x0f, 0x0f, 0x4f, 0xdf, 0xff, 0xff, 0xff, 0xf0, 
	0xf0, 0xff, 0xff, 0xff, 0xcf, 0x0f, 0x0f, 0x0f, 
	0x0f, 0x4f, 0xdf, 0xff, 0xff, 0xff, 0xf0, 0xf0, 
	0xf0, 0xf0, 0xff, 0xff, 0xff, 0xdf, 0x4f, 0x0f, 
	0x0f, 0x0f, 0x0f, 0x5f, 0xff, 0xff, 0xff, 0xf0, 
	0xf0, 0xf0, 0xff, 0xdf, 0x4f, 0x0f, 0x0f, 0xaf, 
	0x2f, 0x0f, 0x4f, 0xdf, 0xff, 0xff, 0xf0, 0xf0, 
	0xf0, 0xf0, 0xff, 0xff, 0xff, 0x4f, 0x0f, 0x0f, 
	0x9f, 0x0f, 0x0f, 0x2f, 0xdf, 0xff, 0xff, 0xf0, 
	0xf0, 0xf0, 0xff, 0x4f, 0x0f, 0x0f, 0x4f, 0xdf, 
	0x5f, 0x0f, 0x0f, 0x5f, 0xff, 0xff, 0xf0, 0xf0, 
	0xf0, 0xf0, 0xf0, 0xff, 0xcf, 0x0f, 0x0f, 0x4f, 
	0xdf, 0x4f, 0x0f, 0x0f, 0x4f, 0xff, 0xf0, 0xf0, 
	0xf0, 0xf0, 0xcf, 0x0f, 0x0f, 0x2f, 0xdf, 0xff, 
	0xdf, 0x4f, 0x0f, 0x2f, 0xff, 0xf0, 0xf0, 0xf0, 
	0xf0, 0xf0, 0xf0, 0xff, 0x4f, 0x0f, 0x0f, 0xcf, 
	0xff, 0xcf, 0x0f, 0x0f, 0x0f, 0xef, 0xf0, 0xf0, 
	0xf0, 0xf0, 0xf0, 0x0f, 0x0f, 0x5f, 0xff, 0xff, 
	0xff, 0xdf, 0x4f, 0x1f, 0xef, 0xf0, 0xf0, 0xf0, 
	0xf0, 0xf0, 0xf0, 0xef, 0x0f, 0x0f, 0x4f, 0xff, 
	0xff, 0xff, 0x4f, 0x0f, 0x0f, 0xef, 0xf0, 0xf0, 
	0xf0, 0xf0, 0xf0, 0xef, 0xef, 0xff, 0xff, 0xff, 
	0xff, 0xff, 0xff, 0xef, 0xf0, 0xf0, 0xf0, 0xf0, 
	0xf0, 0xf0, 0xf0, 0xf0, 0xef, 0xef, 0xff, 0xff, 
	0xff, 0xff, 0xff, 0xef, 0xef, 0xf0, 0xf0, 0xf0, 
	0xf0, 0xf0, 0xf0, 0xf0, 0xff, 0xff, 0xff, 0xff, 
	0xff, 0xff, 0xff, 0xff, 0xf0, 0xf0, 0xf0, 0xf0, 
	0xf0, 0xf0, 0xf0, 0xf0, 0xff, 0xff, 0xff, 0xff, 
	0xff, 0xff, 0xff, 0xff, 0xff, 0xf0, 0xf0, 0xf0, 
	0xf0, 0xf0, 0xf0, 0xf0, 0xff, 0xff, 0xff, 0xff, 
	0xff, 0xff, 0xff, 0xf0, 0xf0, 0xf0, 0xf0, 0xf0, 
	0xf0, 0xf0, 0xf0, 0xf0, 0xf0, 0xff, 0xff, 0xff, 
	0xff, 0xff, 0xff, 0xff, 0xf0, 0xf0, 0xf0, 0xf0, 
	0xf0, 0xf0, 0xf0, 0xf0, 0xf0, 0xf0, 0xff, 0xff, 
	0xff, 0xff, 0xf0, 0xf0, 0xf0, 0xf0, 0xf0, 0xf0, 
	0xf0, 0xf0, 0xf0, 0xf0, 0xf0, 0xf0, 0xf0, 0xff, 
	0xff, 0xff, 0xf0, 0xf0, 0xf0, 0xf0, 0xf0, 0xf0, 
	0xf0, 0xf0, 0xf0, 0xf0, 0xf0, 0xf0, 0xf0, 0xf0, 
	0xf0, 0xf0, 0xf0, 0xf0, 0xf0, 0xf0, 0xf0, 0xf0, 
	0xf0, 0xf0, 0xf0, 0xf0, 0xf0, 0xf0, 0xf0, 0xf0, 
	0xf0, 0xf0, 0xf0, 0xf0, 0xf0, 0xf0, 0xf0, 0xf0, 
	
};

Gfx mario_mario_metal_rgba16_tint_ci8_aligner[] = {gsSPEndDisplayList()};
u8 mario_mario_metal_rgba16_tint_ci8[] = {
	0x00, 0x00, 0x00, 0x00, 0x00, 0x00, 0x00, 0x00, 
	0x00, 0x00, 0x00, 0x00, 0x00, 0x00, 0x00, 0x00, 
	0x00, 0x00, 0x00, 0x00, 0x00, 0x00, 0x00, 0x00, 
	0x00, 0x00, 0x00, 0x00, 0x01, 0x02, 0x02, 0x02, 
	0x02, 0x02, 0x03, 0x03, 0x02, 0x01, 0x00, 0x01, 
	0x00, 0x00, 0x00, 0x00, 0x00, 0x00, 0x00, 0x00, 
	0x00, 0x00, 0x00, 0x00, 0x00, 0x00, 0x00, 0x00, 
	0x00, 0x00, 0x00, 0x00, 0x00, 0x00, 0x00, 0x00, 
	0x00, 0x00, 0x00, 0x00, 0x00, 0x00, 0x00, 0x00, 
	0x00, 0x00, 0x00, 0x00, 0x00, 0x00, 0x00, 0x00, 
	0x00, 0x00, 0x00, 0x00, 0x00, 0x00, 0x02, 0x02, 
	0x02, 0x02, 0x02, 0x02, 0x03, 0x02, 0x03, 0x03, 
	0x02, 0x02, 0x03, 0x04, 0x05, 0x05, 0x05, 0x05, 
	0x06, 0x04, 0x03, 0x02, 0x02, 0x00, 0x00, 0x00, 
	0x00, 0x00, 0x00, 0x00, 0x00, 0x00, 0x00, 0x00, 
	0x00, 0x00, 0x00, 0x00, 0x00, 0x00, 0x00, 0x00, 
	0x00, 0x00, 0x00, 0x00, 0x00, 0x00, 0x00, 0x00, 
	0x00, 0x00, 0x00, 0x00, 0x00, 0x00, 0x00, 0x00, 
	0x00, 0x02, 0x03, 0x07, 0x04, 0x07, 0x03, 0x03, 
	0x03, 0x03, 0x03, 0x03, 0x02, 0x03, 0x03, 0x02, 
	0x00, 0x02, 0x00, 0x02, 0x00, 0x02, 0x02, 0x03, 
	0x03, 0x04, 0x07, 0x06, 0x04, 0x07, 0x02, 0x02, 
	0x01, 0x00, 0x00, 0x00, 0x00, 0x00, 0x00, 0x00, 
	0x00, 0x00, 0x00, 0x00, 0x00, 0x00, 0x00, 0x00, 
	0x00, 0x00, 0x00, 0x00, 0x00, 0x00, 0x00, 0x00, 
	0x00, 0x00, 0x00, 0x00, 0x00, 0x02, 0x02, 0x05, 
	0x08, 0x08, 0x05, 0x05, 0x03, 0x03, 0x02, 0x01, 
	0x01, 0x01, 0x01, 0x02, 0x00, 0x01, 0x02, 0x01, 
	0x00, 0x02, 0x02, 0x00, 0x00, 0x00, 0x01, 0x00, 
	0x00, 0x00, 0x00, 0x02, 0x00, 0x03, 0x02, 0x03, 
	0x03, 0x03, 0x03, 0x01, 0x00, 0x00, 0x00, 0x00, 
	0x00, 0x00, 0x00, 0x00, 0x00, 0x00, 0x00, 0x00, 
	0x00, 0x00, 0x00, 0x00, 0x00, 0x00, 0x00, 0x00, 
	0x00, 0x00, 0x00, 0x02, 0x05, 0x09, 0x0a, 0x0b, 
	0x04, 0x04, 0x03, 0x02, 0x02, 0x02, 0x01, 0x02, 
	0x01, 0x01, 0x02, 0x02, 0x02, 0x03, 0x02, 0x01, 
	0x01, 0x01, 0x03, 0x02, 0x02, 0x01, 0x00, 0x01, 
	0x00, 0x00, 0x00, 0x00, 0x00, 0x00, 0x02, 0x02, 
	0x00, 0x02, 0x04, 0x05, 0x03, 0x02, 0x00, 0x00, 
	0x00, 0x00, 0x00, 0x00, 0x00, 0x00, 0x00, 0x00, 
	0x00, 0x00, 0x00, 0x00, 0x00, 0x00, 0x00, 0x00, 
	0x00, 0x02, 0x04, 0x0c, 0x09, 0x09, 0x0c, 0x0c, 
	0x08, 0x07, 0x02, 0x01, 0x01, 0x01, 0x01, 0x01, 
	0x02, 0x01, 0x02, 0x02, 0x03, 0x06, 0x03, 0x01, 
	0x02, 0x02, 0x02, 0x02, 0x02, 0x01, 0x02, 0x01, 
	0x02, 0x01, 0x00, 0x00, 0x00, 0x02, 0x02, 0x02, 
	0x02, 0x01, 0x02, 0x03, 0x05, 0x06, 0x03, 0x02, 
	0x00, 0x00, 0x00, 0x00, 0x00, 0x00, 0x00, 0x00, 
	0x00, 0x00, 0x00, 0x00, 0x00, 0x00, 0x00, 0x00, 
	0x03, 0x0a, 0x0d, 0x09, 0x09, 0x0e, 0x0f, 0x0f, 
	0x0a, 0x05, 0x02, 0x01, 0x01, 0x00, 0x01, 0x01, 
	0x01, 0x02, 0x02, 0x01, 0x02, 0x02, 0x02, 0x01, 
	0x01, 0x02, 0x02, 0x02, 0x01, 0x02, 0x01, 0x01, 
	0x02, 0x02, 0x02, 0x00, 0x01, 0x03, 0x03, 0x04, 
	0x06, 0x03, 0x02, 0x03, 0x05, 0x08, 0x06, 0x05, 
	0x03, 0x00, 0x00, 0x00, 0x00, 0x00, 0x00, 0x00, 
	0x00, 0x00, 0x00, 0x00, 0x00, 0x00, 0x00, 0x04, 
	0x0c, 0x09, 0x09, 0x0a, 0x10, 0x11, 0x12, 0x10, 
	0x08, 0x02, 0x00, 0x01, 0x02, 0x01, 0x00, 0x01, 
	0x01, 0x01, 0x01, 0x01, 0x01, 0x00, 0x01, 0x01, 
	0x01, 0x02, 0x00, 0x00, 0x01, 0x00, 0x00, 0x00, 
	0x01, 0x00, 0x02, 0x01, 0x04, 0x09, 0x13, 0x08, 
	0x06, 0x05, 0x14, 0x05, 0x14, 0x0a, 0x08, 0x04, 
	0x0b, 0x05, 0x00, 0x00, 0x00, 0x00, 0x00, 0x00, 
	0x00, 0x00, 0x00, 0x00, 0x00, 0x01, 0x15, 0x0a, 
	0x09, 0x0d, 0x16, 0x17, 0x12, 0x18, 0x09, 0x15, 
	0x19, 0x03, 0x05, 0x07, 0x08, 0x03, 0x02, 0x00, 
	0x01, 0x02, 0x00, 0x01, 0x00, 0x02, 0x01, 0x02, 
	0x02, 0x00, 0x01, 0x00, 0x00, 0x00, 0x00, 0x00, 
	0x00, 0x01, 0x19, 0x03, 0x07, 0x0b, 0x0c, 0x0c, 
	0x0a, 0x1a, 0x16, 0x0d, 0x08, 0x0c, 0x0c, 0x03, 
	0x03, 0x08, 0x05, 0x02, 0x00, 0x00, 0x00, 0x00, 
	0x00, 0x00, 0x00, 0x00, 0x02, 0x05, 0x1b, 0x1a, 
	0x10, 0x12, 0x1c, 0x0f, 0x0b, 0x07, 0x02, 0x01, 
	0x03, 0x1a, 0x1d, 0x16, 0x0e, 0x1a, 0x04, 0x05, 
	0x03, 0x03, 0x01, 0x02, 0x03, 0x04, 0x03, 0x03, 
	0x02, 0x01, 0x00, 0x00, 0x00, 0x00, 0x00, 0x00, 
	0x00, 0x02, 0x07, 0x04, 0x06, 0x08, 0x1b, 0x16, 
	0x09, 0x0a, 0x16, 0x16, 0x1a, 0x0b, 0x08, 0x03, 
	0x02, 0x04, 0x1e, 0x14, 0x01, 0x00, 0x00, 0x00, 
	0x00, 0x00, 0x00, 0x02, 0x05, 0x0a, 0x09, 0x10, 
	0x18, 0x16, 0x0d, 0x09, 0x0c, 0x0b, 0x05, 0x19, 
	0x0c, 0x12, 0x1f, 0x1d, 0x20, 0x16, 0x21, 0x0c, 
	0x03, 0x02, 0x02, 0x03, 0x03, 0x03, 0x03, 0x02, 
	0x02, 0x01, 0x02, 0x00, 0x00, 0x02, 0x00, 0x02, 
	0x00, 0x00, 0x03, 0x07, 0x05, 0x13, 0x16, 0x1c, 
	0x16, 0x0e, 0x0d, 0x10, 0x10, 0x09, 0x06, 0x03, 
	0x00, 0x02, 0x05, 0x1e, 0x08, 0x00, 0x00, 0x00, 
	0x00, 0x00, 0x00, 0x04, 0x0a, 0x1a, 0x16, 0x10, 
	0x0d, 0x0d, 0x20, 0x18, 0x10, 0x0e, 0x09, 0x0a, 
	0x0d, 0x18, 0x1d, 0x0e, 0x0d, 0x1a, 0x0c, 0x06, 
	0x0b, 0x08, 0x0b, 0x0a, 0x08, 0x03, 0x03, 0x03, 
	0x01, 0x04, 0x06, 0x04, 0x02, 0x00, 0x01, 0x02, 
	0x07, 0x03, 0x05, 0x1e, 0x0b, 0x08, 0x08, 0x0c, 
	0x0d, 0x1c, 0x1c, 0x20, 0x10, 0x1c, 0x1e, 0x02, 
	0x03, 0x02, 0x01, 0x06, 0x1e, 0x04, 0x00, 0x00, 
	0x00, 0x00, 0x02, 0x08, 0x1a, 0x17, 0x16, 0x0d, 
	0x16, 0x12, 0x1f, 0x11, 0x1f, 0x22, 0x1c, 0x1a, 
	0x1a, 0x20, 0x1d, 0x10, 0x17, 0x09, 0x13, 0x0c, 
	0x18, 0x0e, 0x1a, 0x09, 0x0b, 0x03, 0x03, 0x19, 
	0x05, 0x0a, 0x0b, 0x04, 0x02, 0x19, 0x03, 0x03, 
	0x0b, 0x0b, 0x07, 0x05, 0x06, 0x07, 0x04, 0x03, 
	0x04, 0x1b, 0x10, 0x20, 0x11, 0x1d, 0x1c, 0x08, 
	0x05, 0x04, 0x02, 0x02, 0x08, 0x0b, 0x02, 0x00, 
	0x00, 0x00, 0x07, 0x0b, 0x0d, 0x0f, 0x0d, 0x0d, 
	0x10, 0x11, 0x11, 0x11, 0x11, 0x1f, 0x1c, 0x09, 
	0x16, 0x1c, 0x20, 0x10, 0x1a, 0x0c, 0x1e, 0x0d, 
	0x16, 0x1a, 0x0a, 0x1a, 0x14, 0x03, 0x02, 0x02, 
	0x08, 0x14, 0x08, 0x03, 0x05, 0x06, 0x07, 0x02, 
	0x04, 0x04, 0x19, 0x00, 0x00, 0x00, 0x03, 0x07, 
	0x05, 0x05, 0x0d, 0x10, 0x12, 0x20, 0x10, 0x1b, 
	0x14, 0x05, 0x01, 0x02, 0x03, 0x0b, 0x19, 0x00, 
	0x00, 0x01, 0x06, 0x0c, 0x0a, 0x23, 0x1a, 0x1b, 
	0x0f, 0x20, 0x20, 0x1d, 0x1d, 0x10, 0x1a, 0x1a, 
	0x0d, 0x0d, 0x1c, 0x1c, 0x0f, 0x1b, 0x0a, 0x0d, 
	0x0c, 0x05, 0x04, 0x07, 0x03, 0x00, 0x01, 0x03, 
	0x0b, 0x09, 0x09, 0x0a, 0x09, 0x0d, 0x0d, 0x08, 
	0x07, 0x06, 0x03, 0x01, 0x02, 0x00, 0x02, 0x04, 
	0x05, 0x0b, 0x09, 0x0f, 0x10, 0x10, 0x1c, 0x0e, 
	0x1a, 0x0b, 0x19, 0x01, 0x02, 0x07, 0x03, 0x00, 
	0x00, 0x01, 0x05, 0x0a, 0x0c, 0x07, 0x04, 0x03, 
	0x0b, 0x0c, 0x14, 0x0b, 0x0a, 0x08, 0x04, 0x08, 
	0x08, 0x0c, 0x13, 0x09, 0x0d, 0x0a, 0x0b, 0x08, 
	0x08, 0x08, 0x05, 0x03, 0x02, 0x01, 0x02, 0x02, 
	0x04, 0x0b, 0x0b, 0x0b, 0x09, 0x0d, 0x1a, 0x05, 
	0x00, 0x02, 0x02, 0x02, 0x19, 0x19, 0x03, 0x06, 
	0x1b, 0x10, 0x20, 0x20, 0x11, 0x12, 0x1f, 0x1d, 
	0x1d, 0x1c, 0x08, 0x04, 0x02, 0x03, 0x02, 0x00, 
	0x00, 0x01, 0x06, 0x09, 0x0b, 0x01, 0x02, 0x01, 
	0x02, 0x02, 0x04, 0x02, 0x19, 0x02, 0x02, 0x02, 
	0x02, 0x01, 0x02, 0x05, 0x0d, 0x09, 0x0c, 0x08, 
	0x14, 0x0b, 0x08, 0x03, 0x02, 0x02, 0x01, 0x01, 
	0x01, 0x06, 0x05, 0x06, 0x03, 0x04, 0x04, 0x02, 
	0x01, 0x02, 0x03, 0x03, 0x03, 0x0b, 0x1c, 0x0d, 
	0x0d, 0x24, 0x1f, 0x1f, 0x1f, 0x1f, 0x1f, 0x11, 
	0x1f, 0x1c, 0x1a, 0x0b, 0x19, 0x03, 0x01, 0x00, 
	0x00, 0x01, 0x04, 0x0c, 0x08, 0x03, 0x02, 0x02, 
	0x02, 0x07, 0x04, 0x05, 0x07, 0x03, 0x02, 0x02, 
	0x03, 0x19, 0x01, 0x02, 0x05, 0x09, 0x1a, 0x0a, 
	0x0b, 0x05, 0x05, 0x04, 0x19, 0x02, 0x03, 0x03, 
	0x07, 0x14, 0x08, 0x06, 0x03, 0x02, 0x02, 0x02, 
	0x01, 0x02, 0x06, 0x05, 0x08, 0x1c, 0x25, 0x1d, 
	0x10, 0x11, 0x1f, 0x25, 0x25, 0x26, 0x25, 0x25, 
	0x22, 0x10, 0x10, 0x0b, 0x02, 0x02, 0x02, 0x00, 
	0x00, 0x00, 0x07, 0x0c, 0x15, 0x02, 0x03, 0x19, 
	0x03, 0x05, 0x14, 0x08, 0x08, 0x05, 0x04, 0x03, 
	0x19, 0x03, 0x00, 0x02, 0x08, 0x0a, 0x0c, 0x05, 
	0x04, 0x04, 0x04, 0x03, 0x03, 0x03, 0x04, 0x15, 
	0x0c, 0x0a, 0x08, 0x08, 0x07, 0x03, 0x03, 0x02, 
	0x00, 0x02, 0x07, 0x0b, 0x0c, 0x10, 0x24, 0x24, 
	0x1f, 0x27, 0x28, 0x29, 0x29, 0x29, 0x29, 0x27, 
	0x11, 0x20, 0x11, 0x0b, 0x03, 0x02, 0x02, 0x00, 
	0x00, 0x00, 0x03, 0x0a, 0x0a, 0x03, 0x02, 0x02, 
	0x03, 0x08, 0x05, 0x05, 0x06, 0x14, 0x05, 0x08, 
	0x06, 0x03, 0x02, 0x07, 0x08, 0x0c, 0x1b, 0x08, 
	0x04, 0x05, 0x05, 0x05, 0x05, 0x03, 0x07, 0x05, 
	0x09, 0x0d, 0x09, 0x0c, 0x07, 0x07, 0x04, 0x07, 
	0x07, 0x03, 0x04, 0x0b, 0x16, 0x11, 0x25, 0x27, 
	0x29, 0x28, 0x27, 0x28, 0x29, 0x28, 0x29, 0x27, 
	0x11, 0x24, 0x16, 0x05, 0x02, 0x02, 0x02, 0x00, 
	0x00, 0x00, 0x01, 0x08, 0x1a, 0x08, 0x02, 0x02, 
	0x06, 0x05, 0x08, 0x05, 0x04, 0x15, 0x08, 0x08, 
	0x08, 0x06, 0x04, 0x05, 0x08, 0x05, 0x0a, 0x0c, 
	0x05, 0x05, 0x05, 0x05, 0x06, 0x07, 0x02, 0x05, 
	0x09, 0x1a, 0x0c, 0x08, 0x05, 0x06, 0x0c, 0x05, 
	0x06, 0x04, 0x05, 0x23, 0x1d, 0x27, 0x27, 0x27, 
	0x27, 0x27, 0x27, 0x27, 0x27, 0x27, 0x29, 0x27, 
	0x1d, 0x1c, 0x08, 0x19, 0x02, 0x02, 0x00, 0x00, 
	0x00, 0x00, 0x00, 0x19, 0x08, 0x0b, 0x05, 0x03, 
	0x03, 0x04, 0x08, 0x08, 0x05, 0x08, 0x05, 0x04, 
	0x05, 0x05, 0x08, 0x08, 0x0b, 0x0b, 0x0a, 0x0b, 
	0x05, 0x05, 0x03, 0x06, 0x0a, 0x05, 0x06, 0x04, 
	0x1e, 0x0a, 0x0c, 0x0a, 0x0c, 0x05, 0x0b, 0x0b, 
	0x0c, 0x08, 0x0a, 0x1d, 0x1f, 0x25, 0x1f, 0x1f, 
	0x25, 0x1f, 0x25, 0x25, 0x27, 0x27, 0x29, 0x25, 
	0x10, 0x0a, 0x03, 0x02, 0x02, 0x00, 0x00, 0x00, 
	0x00, 0x00, 0x00, 0x00, 0x03, 0x07, 0x08, 0x0c, 
	0x06, 0x03, 0x04, 0x08, 0x05, 0x04, 0x06, 0x08, 
	0x0b, 0x0c, 0x0c, 0x1e, 0x1e, 0x0a, 0x1a, 0x0d, 
	0x0d, 0x0a, 0x08, 0x0c, 0x0c, 0x0b, 0x0b, 0x0c, 
	0x0c, 0x0c, 0x0a, 0x16, 0x10, 0x0f, 0x1a, 0x09, 
	0x1a, 0x1a, 0x17, 0x12, 0x1d, 0x1d, 0x1d, 0x12, 
	0x1d, 0x1d, 0x22, 0x25, 0x25, 0x27, 0x27, 0x10, 
	0x0b, 0x03, 0x03, 0x03, 0x00, 0x00, 0x00, 0x00, 
	0x00, 0x00, 0x00, 0x00, 0x00, 0x02, 0x03, 0x08, 
	0x0b, 0x08, 0x05, 0x05, 0x05, 0x05, 0x14, 0x1a, 
	0x11, 0x11, 0x11, 0x1f, 0x1f, 0x25, 0x25, 0x24, 
	0x1f, 0x1f, 0x1d, 0x16, 0x0b, 0x0c, 0x0d, 0x1a, 
	0x16, 0x0d, 0x16, 0x10, 0x18, 0x20, 0x10, 0x1c, 
	0x1c, 0x1c, 0x1c, 0x1c, 0x16, 0x16, 0x0e, 0x16, 
	0x1c, 0x1d, 0x11, 0x1f, 0x25, 0x1d, 0x16, 0x08, 
	0x19, 0x19, 0x03, 0x02, 0x00, 0x00, 0x00, 0x00, 
	0x00, 0x00, 0x00, 0x00, 0x00, 0x00, 0x01, 0x03, 
	0x04, 0x0b, 0x14, 0x05, 0x05, 0x13, 0x0b, 0x0a, 
	0x1f, 0x28, 0x27, 0x29, 0x27, 0x29, 0x28, 0x27, 
	0x25, 0x27, 0x25, 0x1d, 0x1c, 0x0d, 0x20, 0x10, 
	0x10, 0x18, 0x1c, 0x1c, 0x1c, 0x0e, 0x16, 0x0d, 
	0x0d, 0x0d, 0x1a, 0x1a, 0x09, 0x1a, 0x1a, 0x16, 
	0x10, 0x1d, 0x11, 0x1f, 0x10, 0x0b, 0x04, 0x02, 
	0x02, 0x02, 0x02, 0x00, 0x00, 0x00, 0x00, 0x00, 
	0x00, 0x00, 0x00, 0x00, 0x00, 0x00, 0x00, 0x00, 
	0x19, 0x04, 0x05, 0x14, 0x0c, 0x0c, 0x0b, 0x0b, 
	0x1c, 0x27, 0x27, 0x28, 0x27, 0x29, 0x27, 0x29, 
	0x27, 0x25, 0x25, 0x1f, 0x1f, 0x1d, 0x12, 0x20, 
	0x1c, 0x0f, 0x16, 0x0e, 0x0d, 0x1a, 0x0d, 0x09, 
	0x1a, 0x1a, 0x09, 0x09, 0x1a, 0x21, 0x16, 0x10, 
	0x20, 0x0f, 0x1a, 0x0a, 0x05, 0x04, 0x03, 0x03, 
	0x02, 0x00, 0x00, 0x00, 0x00, 0x00, 0x00, 0x00, 
	0x00, 0x00, 0x00, 0x00, 0x00, 0x00, 0x00, 0x00, 
	0x00, 0x01, 0x02, 0x04, 0x05, 0x0b, 0x0b, 0x0c, 
	0x0a, 0x20, 0x25, 0x25, 0x27, 0x27, 0x27, 0x28, 
	0x25, 0x25, 0x1f, 0x22, 0x24, 0x24, 0x24, 0x12, 
	0x10, 0x1c, 0x1c, 0x16, 0x16, 0x0d, 0x1a, 0x1a, 
	0x09, 0x1a, 0x0d, 0x0d, 0x0e, 0x1c, 0x0f, 0x0d, 
	0x09, 0x08, 0x05, 0x07, 0x05, 0x05, 0x02, 0x00, 
	0x00, 0x00, 0x00, 0x00, 0x00, 0x00, 0x00, 0x00, 
	0x00, 0x00, 0x00, 0x00, 0x00, 0x00, 0x00, 0x00, 
	0x00, 0x00, 0x00, 0x01, 0x02, 0x07, 0x05, 0x05, 
	0x05, 0x0b, 0x1a, 0x1c, 0x1d, 0x1f, 0x27, 0x27, 
	0x25, 0x25, 0x1f, 0x1f, 0x11, 0x1d, 0x1d, 0x12, 
	0x17, 0x1c, 0x16, 0x16, 0x0d, 0x0d, 0x0d, 0x0d, 
	0x0e, 0x16, 0x1c, 0x1c, 0x16, 0x09, 0x0c, 0x0b, 
	0x0b, 0x08, 0x04, 0x07, 0x03, 0x01, 0x00, 0x00, 
	0x00, 0x00, 0x00, 0x00, 0x00, 0x00, 0x00, 0x00, 
	0x00, 0x00, 0x00, 0x00, 0x00, 0x00, 0x00, 0x00, 
	0x00, 0x00, 0x00, 0x00, 0x00, 0x00, 0x02, 0x04, 
	0x04, 0x05, 0x06, 0x05, 0x05, 0x0c, 0x0d, 0x20, 
	0x1c, 0x21, 0x1a, 0x0e, 0x1c, 0x20, 0x20, 0x18, 
	0x10, 0x1c, 0x1c, 0x1c, 0x1c, 0x1c, 0x1c, 0x10, 
	0x18, 0x18, 0x16, 0x0c, 0x14, 0x08, 0x05, 0x07, 
	0x06, 0x07, 0x02, 0x01, 0x00, 0x00, 0x00, 0x00, 
	0x00, 0x00, 0x00, 0x00, 0x00, 0x00, 0x00, 0x00, 
	0x00, 0x00, 0x00, 0x00, 0x00, 0x00, 0x00, 0x00, 
	0x00, 0x00, 0x00, 0x00, 0x00, 0x00, 0x00, 0x00, 
	0x02, 0x02, 0x07, 0x03, 0x04, 0x04, 0x08, 0x1e, 
	0x0c, 0x0b, 0x08, 0x0b, 0x0a, 0x09, 0x1b, 0x09, 
	0x09, 0x0d, 0x09, 0x09, 0x09, 0x09, 0x09, 0x0d, 
	0x1a, 0x1e, 0x0b, 0x08, 0x0b, 0x05, 0x03, 0x02, 
	0x02, 0x01, 0x00, 0x00, 0x00, 0x00, 0x00, 0x00, 
	0x00, 0x00, 0x00, 0x00, 0x00, 0x00, 0x00, 0x00, 
	0x00, 0x00, 0x00, 0x00, 0x00, 0x00, 0x00, 0x00, 
	0x00, 0x00, 0x00, 0x00, 0x00, 0x00, 0x00, 0x00, 
	0x00, 0x00, 0x00, 0x00, 0x01, 0x02, 0x02, 0x03, 
	0x19, 0x07, 0x04, 0x06, 0x04, 0x03, 0x04, 0x14, 
	0x0c, 0x0a, 0x1b, 0x1b, 0x0a, 0x0a, 0x1e, 0x0b, 
	0x14, 0x04, 0x03, 0x19, 0x01, 0x02, 0x00, 0x00, 
	0x00, 0x00, 0x00, 0x00, 0x00, 0x00, 0x00, 0x00, 
	0x00, 0x00, 0x00, 0x00, 0x00, 0x00, 0x00, 0x00, 
	0x00, 0x00, 0x00, 0x00, 0x00, 0x00, 0x00, 0x00, 
	0x00, 0x00, 0x00, 0x00, 0x00, 0x00, 0x00, 0x00, 
	0x00, 0x00, 0x00, 0x00, 0x00, 0x00, 0x00, 0x00, 
	0x01, 0x02, 0x01, 0x02, 0x02, 0x01, 0x02, 0x03, 
	0x03, 0x07, 0x04, 0x07, 0x03, 0x03, 0x02, 0x01, 
	0x02, 0x00, 0x00, 0x00, 0x00, 0x00, 0x00, 0x00, 
	0x00, 0x00, 0x00, 0x00, 0x00, 0x00, 0x00, 0x00, 
	0x00, 0x00, 0x00, 0x00, 0x00, 0x00, 0x00, 0x00, 
	
};

Gfx mario_mario_metal_rgba16_tint_pal_rgba16_aligner[] = {gsSPEndDisplayList()};
u8 mario_mario_metal_rgba16_tint_pal_rgba16[] = {
	0x00, 0x05, 0x08, 0x45, 0x08, 0x47, 0x10, 0x89, 
	0x18, 0xcb, 0x21, 0x0d, 0x21, 0x0b, 0x18, 0xc9, 
	0x29, 0x4f, 0x4a, 0x57, 0x42, 0x15, 0x31, 0x91, 
	0x39, 0xd3, 0x5a, 0xdb, 0x63, 0x1b, 0x6b, 0x5d, 
	0x73, 0xa1, 0x8c, 0x67, 0x84, 0x23, 0x39, 0xd1, 
	0x31, 0x8f, 0x29, 0x4d, 0x63, 0x1d, 0x73, 0x9f, 
	0x7b, 0xe1, 0x10, 0x87, 0x52, 0x99, 0x4a, 0x55, 
	0x6b, 0x5f, 0x84, 0x25, 0x42, 0x13, 0x94, 0xa9, 
	0x7b, 0xe3, 0x5a, 0xd9, 0x94, 0xa7, 0x52, 0x97, 
	0x8c, 0x65, 0x9c, 0xeb, 0xa5, 0x2b, 0xa5, 0x2d, 
	0xad, 0x6d, 0xad, 0x6f, 
};

Vtx mario_000_offset_mesh_layer_1_vtx_0[53] = {
	{{ {124, 28, 1}, 0, {-16, 1008}, {126, 12, 0, 255} }},
	{{ {105, -39, -29}, 0, {-16, 1008}, {97, 180, 225, 255} }},
	{{ {90, 7, -77}, 0, {-16, 1008}, {73, 243, 153, 255} }},
	{{ {105, -39, 31}, 0, {-16, 1008}, {97, 180, 32, 255} }},
	{{ {89, 9, 79}, 0, {-16, 1008}, {72, 244, 104, 255} }},
	{{ {87, 53, 78}, 0, {-16, 1008}, {61, 45, 102, 255} }},
	{{ {95, 82, 33}, 0, {-16, 1008}, {80, 93, 32, 255} }},
	{{ {95, 82, -31}, 0, {-16, 1008}, {81, 93, 225, 255} }},
	{{ {87, 54, -76}, 0, {-16, 1008}, {62, 46, 155, 255} }},
	{{ {43, 45, -79}, 0, {-16, 1008}, {235, 37, 136, 255} }},
	{{ {47, 7, -82}, 0, {-16, 1008}, {242, 244, 130, 255} }},
	{{ {82, -32, -65}, 0, {-16, 1008}, {51, 185, 164, 255} }},
	{{ {71, -53, -37}, 0, {-16, 1008}, {26, 137, 220, 255} }},
	{{ {71, -53, 39}, 0, {-16, 1008}, {26, 137, 36, 255} }},
	{{ {82, -32, 67}, 0, {-16, 1008}, {51, 186, 92, 255} }},
	{{ {46, 7, 84}, 0, {-16, 1008}, {241, 246, 126, 255} }},
	{{ {42, 45, 80}, 0, {-16, 1008}, {234, 38, 119, 255} }},
	{{ {66, 82, 54}, 0, {-16, 1008}, {7, 106, 69, 255} }},
	{{ {60, 91, 23}, 0, {-16, 1008}, {254, 126, 16, 255} }},
	{{ {60, 91, -21}, 0, {-16, 1008}, {254, 126, 241, 255} }},
	{{ {67, 82, -53}, 0, {-16, 1008}, {8, 107, 187, 255} }},
	{{ {28, 68, -60}, 0, {-16, 1008}, {205, 84, 176, 255} }},
	{{ {13, 42, -66}, 0, {-16, 1008}, {173, 30, 165, 255} }},
	{{ {12, 5, -67}, 0, {-16, 1008}, {170, 241, 164, 255} }},
	{{ {44, -31, -72}, 0, {-16, 1008}, {236, 189, 150, 255} }},
	{{ {28, -51, -46}, 0, {-16, 1008}, {217, 150, 197, 255} }},
	{{ {21, -56, 1}, 0, {-16, 1008}, {214, 136, 255, 255} }},
	{{ {27, -51, 47}, 0, {-16, 1008}, {217, 150, 58, 255} }},
	{{ {43, -31, 74}, 0, {-16, 1008}, {235, 189, 106, 255} }},
	{{ {11, 5, 68}, 0, {-16, 1008}, {169, 241, 91, 255} }},
	{{ {12, 42, 67}, 0, {-16, 1008}, {172, 30, 91, 255} }},
	{{ {27, 68, 61}, 0, {-16, 1008}, {204, 85, 79, 255} }},
	{{ {66, 82, 54}, 0, {-16, 1008}, {7, 106, 69, 255} }},
	{{ {21, 81, 29}, 0, {-16, 1008}, {191, 106, 25, 255} }},
	{{ {27, 68, 61}, 0, {-16, 1008}, {204, 85, 79, 255} }},
	{{ {60, 91, 23}, 0, {-16, 1008}, {254, 126, 16, 255} }},
	{{ {60, 91, -21}, 0, {-16, 1008}, {254, 126, 241, 255} }},
	{{ {21, 81, -28}, 0, {-16, 1008}, {191, 106, 231, 255} }},
	{{ {67, 82, -53}, 0, {-16, 1008}, {8, 107, 187, 255} }},
	{{ {28, 68, -60}, 0, {-16, 1008}, {205, 84, 176, 255} }},
	{{ {-4, 50, -32}, 0, {-16, 1008}, {139, 41, 227, 255} }},
	{{ {13, 42, -66}, 0, {-16, 1008}, {173, 30, 165, 255} }},
	{{ {12, 5, -67}, 0, {-16, 1008}, {170, 241, 164, 255} }},
	{{ {0, -35, -34}, 0, {-16, 1008}, {150, 198, 216, 255} }},
	{{ {44, -31, -72}, 0, {-16, 1008}, {236, 189, 150, 255} }},
	{{ {28, -51, -46}, 0, {-16, 1008}, {217, 150, 197, 255} }},
	{{ {21, -56, 1}, 0, {-16, 1008}, {214, 136, 255, 255} }},
	{{ {0, -36, 35}, 0, {-16, 1008}, {150, 197, 38, 255} }},
	{{ {27, -51, 47}, 0, {-16, 1008}, {217, 150, 58, 255} }},
	{{ {43, -31, 74}, 0, {-16, 1008}, {235, 189, 106, 255} }},
	{{ {11, 5, 68}, 0, {-16, 1008}, {169, 241, 91, 255} }},
	{{ {-5, 49, 33}, 0, {-16, 1008}, {139, 40, 28, 255} }},
	{{ {12, 42, 67}, 0, {-16, 1008}, {172, 30, 91, 255} }},
};

Gfx mario_000_offset_mesh_layer_1_tri_0[] = {
	gsSPVertex(mario_000_offset_mesh_layer_1_vtx_0 + 0, 32, 0),
	gsSP2Triangles(0, 1, 2, 0, 0, 3, 1, 0),
	gsSP2Triangles(3, 0, 4, 0, 5, 4, 0, 0),
	gsSP2Triangles(0, 6, 5, 0, 6, 0, 7, 0),
	gsSP2Triangles(8, 7, 0, 0, 0, 2, 8, 0),
	gsSP2Triangles(9, 8, 2, 0, 2, 10, 9, 0),
	gsSP2Triangles(10, 2, 11, 0, 1, 11, 2, 0),
	gsSP2Triangles(1, 12, 11, 0, 12, 1, 3, 0),
	gsSP2Triangles(3, 13, 12, 0, 14, 13, 3, 0),
	gsSP2Triangles(4, 14, 3, 0, 15, 14, 4, 0),
	gsSP2Triangles(16, 15, 4, 0, 16, 4, 5, 0),
	gsSP2Triangles(16, 5, 17, 0, 17, 5, 6, 0),
	gsSP2Triangles(6, 18, 17, 0, 19, 18, 6, 0),
	gsSP2Triangles(7, 19, 6, 0, 20, 19, 7, 0),
	gsSP2Triangles(8, 20, 7, 0, 9, 20, 8, 0),
	gsSP2Triangles(9, 21, 20, 0, 21, 9, 22, 0),
	gsSP2Triangles(23, 22, 9, 0, 9, 10, 23, 0),
	gsSP2Triangles(23, 10, 24, 0, 11, 24, 10, 0),
	gsSP2Triangles(24, 11, 12, 0, 12, 25, 24, 0),
	gsSP2Triangles(26, 25, 12, 0, 13, 26, 12, 0),
	gsSP2Triangles(13, 27, 26, 0, 28, 27, 13, 0),
	gsSP2Triangles(13, 14, 28, 0, 15, 28, 14, 0),
	gsSP2Triangles(28, 15, 29, 0, 29, 15, 16, 0),
	gsSP2Triangles(16, 30, 29, 0, 30, 16, 31, 0),
	gsSP1Triangle(17, 31, 16, 0),
	gsSPVertex(mario_000_offset_mesh_layer_1_vtx_0 + 32, 21, 0),
	gsSP2Triangles(0, 1, 2, 0, 0, 3, 1, 0),
	gsSP2Triangles(1, 3, 4, 0, 5, 1, 4, 0),
	gsSP2Triangles(5, 4, 6, 0, 7, 5, 6, 0),
	gsSP2Triangles(8, 5, 7, 0, 7, 9, 8, 0),
	gsSP2Triangles(8, 9, 10, 0, 8, 10, 11, 0),
	gsSP2Triangles(10, 12, 11, 0, 12, 13, 11, 0),
	gsSP2Triangles(11, 13, 14, 0, 15, 11, 14, 0),
	gsSP2Triangles(14, 16, 15, 0, 15, 16, 17, 0),
	gsSP2Triangles(17, 18, 15, 0, 18, 19, 15, 0),
	gsSP2Triangles(18, 20, 19, 0, 19, 20, 2, 0),
	gsSP2Triangles(2, 1, 19, 0, 19, 1, 8, 0),
	gsSP2Triangles(1, 5, 8, 0, 15, 19, 8, 0),
	gsSP1Triangle(8, 11, 15, 0),
	gsSPEndDisplayList(),
};

Vtx mario_000_offset_001_mesh_layer_1_vtx_0[91] = {
	{{ {44, 79, 62}, 0, {929, 384}, {34, 80, 92, 255} }},
	{{ {61, 81, 50}, 0, {621, -52}, {62, 91, 63, 255} }},
	{{ {59, 91, 29}, 0, {109, -1}, {66, 105, 28, 255} }},
	{{ {27, 83, 64}, 0, {980, 820}, {21, 83, 94, 255} }},
	{{ {14, 93, 53}, 0, {698, 1153}, {3, 103, 74, 255} }},
	{{ {20, 104, 34}, 0, {237, 999}, {15, 119, 41, 255} }},
	{{ {39, 101, 25}, 0, {6, 512}, {40, 118, 22, 255} }},
	{{ {59, 91, -28}, 0, {846, 1}, {66, 105, 228, 255} }},
	{{ {61, 81, -48}, 0, {325, -51}, {62, 91, 193, 255} }},
	{{ {44, 79, -60}, 0, {12, 392}, {34, 79, 163, 255} }},
	{{ {27, 83, -62}, 0, {-40, 835}, {21, 82, 161, 255} }},
	{{ {14, 93, -51}, 0, {246, 1174}, {2, 103, 182, 255} }},
	{{ {20, 104, -33}, 0, {716, 1018}, {13, 119, 215, 255} }},
	{{ {39, 101, -23}, 0, {951, 522}, {40, 118, 234, 255} }},
	{{ {14, 93, 53}, 0, {-16, 1008}, {3, 103, 74, 255} }},
	{{ {5, 75, 70}, 0, {-16, 1008}, {250, 61, 111, 255} }},
	{{ {27, 83, 64}, 0, {-16, 1008}, {21, 83, 94, 255} }},
	{{ {-21, 79, 63}, 0, {-16, 1008}, {211, 68, 97, 255} }},
	{{ {-7, 103, 30}, 0, {-16, 1008}, {238, 121, 33, 255} }},
	{{ {20, 104, 34}, 0, {-16, 1008}, {15, 119, 41, 255} }},
	{{ {20, 104, -33}, 0, {-16, 1008}, {13, 119, 215, 255} }},
	{{ {39, 101, 25}, 0, {-16, 1008}, {40, 118, 22, 255} }},
	{{ {39, 101, -23}, 0, {-16, 1008}, {40, 118, 234, 255} }},
	{{ {59, 91, -28}, 0, {-16, 1008}, {66, 105, 228, 255} }},
	{{ {59, 91, 29}, 0, {-16, 1008}, {66, 105, 28, 255} }},
	{{ {-7, 102, -29}, 0, {-16, 1008}, {237, 121, 222, 255} }},
	{{ {14, 93, -51}, 0, {-16, 1008}, {2, 103, 182, 255} }},
	{{ {-21, 79, -61}, 0, {-16, 1008}, {211, 69, 159, 255} }},
	{{ {5, 75, -68}, 0, {-16, 1008}, {251, 60, 144, 255} }},
	{{ {27, 83, -62}, 0, {-16, 1008}, {21, 82, 161, 255} }},
	{{ {23, 50, -74}, 0, {-16, 1008}, {11, 25, 132, 255} }},
	{{ {44, 79, -60}, 0, {-16, 1008}, {34, 79, 163, 255} }},
	{{ {23, 50, -74}, 0, {-16, 1008}, {11, 25, 132, 255} }},
	{{ {44, 79, -60}, 0, {-16, 1008}, {34, 79, 163, 255} }},
	{{ {56, 69, -61}, 0, {-16, 1008}, {51, 52, 152, 255} }},
	{{ {61, 81, -48}, 0, {-16, 1008}, {62, 91, 193, 255} }},
	{{ {96, 34, -51}, 0, {-16, 1008}, {89, 36, 173, 255} }},
	{{ {97, 55, -21}, 0, {-16, 1008}, {99, 76, 232, 255} }},
	{{ {59, 91, -28}, 0, {-16, 1008}, {66, 105, 228, 255} }},
	{{ {117, 21, -18}, 0, {-16, 1008}, {123, 18, 230, 255} }},
	{{ {99, -7, -51}, 0, {-16, 1008}, {88, 216, 173, 255} }},
	{{ {109, -14, -20}, 0, {-16, 1008}, {104, 187, 235, 255} }},
	{{ {81, -30, -41}, 0, {-16, 1008}, {55, 152, 208, 255} }},
	{{ {68, -40, 1}, 0, {-16, 1008}, {43, 137, 0, 255} }},
	{{ {32, -38, -55}, 0, {-16, 1008}, {8, 153, 182, 255} }},
	{{ {19, -50, 1}, 0, {-16, 1008}, {2, 129, 0, 255} }},
	{{ {32, -38, 57}, 0, {-16, 1008}, {8, 153, 74, 255} }},
	{{ {81, -30, 43}, 0, {-16, 1008}, {55, 152, 48, 255} }},
	{{ {109, -14, 22}, 0, {-16, 1008}, {104, 187, 21, 255} }},
	{{ {99, -7, 53}, 0, {-16, 1008}, {88, 216, 83, 255} }},
	{{ {117, 21, 20}, 0, {-16, 1008}, {123, 18, 26, 255} }},
	{{ {96, 34, 53}, 0, {-16, 1008}, {89, 36, 83, 255} }},
	{{ {97, 55, 23}, 0, {-16, 1008}, {99, 76, 24, 255} }},
	{{ {61, 81, 50}, 0, {-16, 1008}, {62, 91, 63, 255} }},
	{{ {59, 91, 29}, 0, {-16, 1008}, {66, 105, 28, 255} }},
	{{ {56, 69, 63}, 0, {-16, 1008}, {51, 52, 104, 255} }},
	{{ {44, 79, 62}, 0, {-16, 1008}, {34, 80, 92, 255} }},
	{{ {23, 50, 77}, 0, {-16, 1008}, {11, 25, 124, 255} }},
	{{ {27, 83, 64}, 0, {-16, 1008}, {21, 83, 94, 255} }},
	{{ {5, 75, 70}, 0, {-16, 1008}, {250, 61, 111, 255} }},
	{{ {-20, 44, 76}, 0, {-16, 1008}, {203, 12, 115, 255} }},
	{{ {-21, 79, 63}, 0, {-16, 1008}, {211, 68, 97, 255} }},
	{{ {-67, 71, 25}, 0, {-16, 1008}, {142, 39, 39, 255} }},
	{{ {-34, 88, 47}, 0, {-16, 1008}, {197, 86, 73, 255} }},
	{{ {-7, 103, 30}, 0, {-16, 1008}, {238, 121, 33, 255} }},
	{{ {-34, 88, 47}, 0, {-16, 1008}, {197, 86, 73, 255} }},
	{{ {-21, 79, 63}, 0, {-16, 1008}, {211, 68, 97, 255} }},
	{{ {-36, 98, 21}, 0, {-16, 1008}, {200, 112, 20, 255} }},
	{{ {-36, 98, -19}, 0, {-16, 1008}, {202, 113, 236, 255} }},
	{{ {-7, 102, -29}, 0, {-16, 1008}, {237, 121, 222, 255} }},
	{{ {-34, 88, -45}, 0, {-16, 1008}, {198, 86, 183, 255} }},
	{{ {-21, 79, -61}, 0, {-16, 1008}, {211, 69, 159, 255} }},
	{{ {-67, 71, -23}, 0, {-16, 1008}, {142, 39, 217, 255} }},
	{{ {-20, 44, -74}, 0, {-16, 1008}, {203, 12, 141, 255} }},
	{{ {5, 75, -68}, 0, {-16, 1008}, {251, 60, 144, 255} }},
	{{ {23, 50, -74}, 0, {-16, 1008}, {11, 25, 132, 255} }},
	{{ {18, 10, -76}, 0, {-16, 1008}, {0, 236, 131, 255} }},
	{{ {-20, -5, -71}, 0, {-16, 1008}, {203, 219, 147, 255} }},
	{{ {32, -38, -55}, 0, {-16, 1008}, {8, 153, 182, 255} }},
	{{ {-21, -36, -48}, 0, {-16, 1008}, {203, 158, 196, 255} }},
	{{ {19, -50, 1}, 0, {-16, 1008}, {2, 129, 0, 255} }},
	{{ {-22, -43, 1}, 0, {-16, 1008}, {198, 143, 1, 255} }},
	{{ {-21, -35, 50}, 0, {-16, 1008}, {203, 158, 61, 255} }},
	{{ {32, -38, 57}, 0, {-16, 1008}, {8, 153, 74, 255} }},
	{{ {-20, -5, 73}, 0, {-16, 1008}, {203, 218, 109, 255} }},
	{{ {18, 10, 78}, 0, {-16, 1008}, {0, 234, 125, 255} }},
	{{ {-20, 44, 76}, 0, {-16, 1008}, {203, 12, 115, 255} }},
	{{ {23, 50, 77}, 0, {-16, 1008}, {11, 25, 124, 255} }},
	{{ {-54, -8, 32}, 0, {-16, 1008}, {146, 208, 40, 255} }},
	{{ {-54, -8, -31}, 0, {-16, 1008}, {145, 208, 216, 255} }},
	{{ {-67, 71, 25}, 0, {-16, 1008}, {142, 39, 39, 255} }},
};

Gfx mario_000_offset_001_mesh_layer_1_tri_0[] = {
	gsSPVertex(mario_000_offset_001_mesh_layer_1_vtx_0 + 0, 32, 0),
	gsSP2Triangles(0, 1, 2, 0, 3, 0, 2, 0),
	gsSP2Triangles(4, 3, 2, 0, 5, 4, 2, 0),
	gsSP2Triangles(2, 6, 5, 0, 7, 8, 9, 0),
	gsSP2Triangles(9, 10, 7, 0, 10, 11, 7, 0),
	gsSP2Triangles(11, 12, 7, 0, 12, 13, 7, 0),
	gsSP2Triangles(14, 15, 16, 0, 17, 15, 14, 0),
	gsSP2Triangles(18, 17, 14, 0, 14, 19, 18, 0),
	gsSP2Triangles(19, 20, 18, 0, 19, 21, 20, 0),
	gsSP2Triangles(21, 22, 20, 0, 23, 22, 21, 0),
	gsSP2Triangles(23, 21, 24, 0, 20, 25, 18, 0),
	gsSP2Triangles(25, 20, 26, 0, 25, 26, 27, 0),
	gsSP2Triangles(27, 26, 28, 0, 29, 28, 26, 0),
	gsSP2Triangles(30, 28, 29, 0, 30, 29, 31, 0),
	gsSPVertex(mario_000_offset_001_mesh_layer_1_vtx_0 + 32, 32, 0),
	gsSP2Triangles(0, 1, 2, 0, 3, 2, 1, 0),
	gsSP2Triangles(4, 2, 3, 0, 5, 4, 3, 0),
	gsSP2Triangles(3, 6, 5, 0, 4, 5, 7, 0),
	gsSP2Triangles(4, 7, 8, 0, 7, 9, 8, 0),
	gsSP2Triangles(8, 9, 10, 0, 11, 10, 9, 0),
	gsSP2Triangles(12, 10, 11, 0, 11, 13, 12, 0),
	gsSP2Triangles(14, 13, 11, 0, 14, 11, 15, 0),
	gsSP2Triangles(16, 15, 11, 0, 15, 16, 17, 0),
	gsSP2Triangles(17, 16, 18, 0, 19, 17, 18, 0),
	gsSP2Triangles(18, 20, 19, 0, 19, 20, 21, 0),
	gsSP2Triangles(22, 21, 20, 0, 21, 23, 19, 0),
	gsSP2Triangles(24, 23, 21, 0, 25, 23, 24, 0),
	gsSP2Triangles(24, 26, 25, 0, 26, 27, 25, 0),
	gsSP2Triangles(28, 25, 27, 0, 29, 28, 27, 0),
	gsSP2Triangles(30, 28, 29, 0, 30, 29, 31, 0),
	gsSPVertex(mario_000_offset_001_mesh_layer_1_vtx_0 + 64, 27, 0),
	gsSP2Triangles(0, 1, 2, 0, 1, 0, 3, 0),
	gsSP2Triangles(4, 3, 0, 0, 4, 0, 5, 0),
	gsSP2Triangles(4, 5, 6, 0, 7, 6, 5, 0),
	gsSP2Triangles(6, 7, 8, 0, 7, 9, 8, 0),
	gsSP2Triangles(9, 7, 10, 0, 9, 10, 11, 0),
	gsSP2Triangles(12, 9, 11, 0, 13, 9, 12, 0),
	gsSP2Triangles(14, 13, 12, 0, 14, 15, 13, 0),
	gsSP2Triangles(15, 14, 16, 0, 16, 17, 15, 0),
	gsSP2Triangles(18, 17, 16, 0, 16, 19, 18, 0),
	gsSP2Triangles(18, 19, 20, 0, 19, 21, 20, 0),
	gsSP2Triangles(21, 22, 20, 0, 22, 21, 23, 0),
	gsSP2Triangles(24, 20, 22, 0, 18, 20, 24, 0),
	gsSP2Triangles(17, 18, 24, 0, 24, 25, 17, 0),
	gsSP2Triangles(8, 25, 24, 0, 8, 24, 26, 0),
	gsSP2Triangles(22, 26, 24, 0, 3, 8, 26, 0),
	gsSP2Triangles(3, 4, 8, 0, 8, 4, 6, 0),
	gsSP2Triangles(1, 3, 26, 0, 25, 8, 9, 0),
	gsSP2Triangles(9, 13, 25, 0, 13, 15, 25, 0),
	gsSP1Triangle(17, 25, 15, 0),
	gsSPEndDisplayList(),
};

Vtx mario_000_offset_001_mesh_layer_1_vtx_1[27] = {
	{{ {68, -40, 1}, 0, {-16, 1008}, {43, 137, 0, 255} }},
	{{ {109, -14, -20}, 0, {-16, 1008}, {104, 187, 235, 255} }},
	{{ {109, -14, 22}, 0, {-16, 1008}, {104, 187, 21, 255} }},
	{{ {117, 21, -18}, 0, {-16, 1008}, {123, 18, 230, 255} }},
	{{ {117, 21, 20}, 0, {-16, 1008}, {123, 18, 26, 255} }},
	{{ {97, 55, -21}, 0, {-16, 1008}, {99, 76, 232, 255} }},
	{{ {97, 55, 23}, 0, {-16, 1008}, {99, 76, 24, 255} }},
	{{ {59, 91, -28}, 0, {-16, 1008}, {66, 105, 228, 255} }},
	{{ {59, 91, 29}, 0, {-16, 1008}, {66, 105, 28, 255} }},
	{{ {59, -13, -69}, 0, {-16, 1008}, {31, 205, 144, 255} }},
	{{ {81, -30, -41}, 0, {-16, 1008}, {55, 152, 208, 255} }},
	{{ {32, -38, -55}, 0, {-16, 1008}, {8, 153, 182, 255} }},
	{{ {99, -7, -51}, 0, {-16, 1008}, {88, 216, 173, 255} }},
	{{ {59, 22, -73}, 0, {-16, 1008}, {38, 8, 135, 255} }},
	{{ {18, 10, -76}, 0, {-16, 1008}, {0, 236, 131, 255} }},
	{{ {23, 50, -74}, 0, {-16, 1008}, {11, 25, 132, 255} }},
	{{ {56, 69, -61}, 0, {-16, 1008}, {51, 52, 152, 255} }},
	{{ {96, 34, -51}, 0, {-16, 1008}, {89, 36, 173, 255} }},
	{{ {23, 50, 77}, 0, {-16, 1008}, {11, 25, 124, 255} }},
	{{ {18, 10, 78}, 0, {-16, 1008}, {0, 234, 125, 255} }},
	{{ {59, 22, 75}, 0, {-16, 1008}, {38, 7, 121, 255} }},
	{{ {59, -13, 71}, 0, {-16, 1008}, {31, 205, 112, 255} }},
	{{ {32, -38, 57}, 0, {-16, 1008}, {8, 153, 74, 255} }},
	{{ {81, -30, 43}, 0, {-16, 1008}, {55, 152, 48, 255} }},
	{{ {99, -7, 53}, 0, {-16, 1008}, {88, 216, 83, 255} }},
	{{ {96, 34, 53}, 0, {-16, 1008}, {89, 36, 83, 255} }},
	{{ {56, 69, 63}, 0, {-16, 1008}, {51, 52, 104, 255} }},
};

Gfx mario_000_offset_001_mesh_layer_1_tri_1[] = {
	gsSPVertex(mario_000_offset_001_mesh_layer_1_vtx_1 + 0, 27, 0),
	gsSP2Triangles(0, 1, 2, 0, 3, 2, 1, 0),
	gsSP2Triangles(3, 4, 2, 0, 4, 3, 5, 0),
	gsSP2Triangles(4, 5, 6, 0, 7, 6, 5, 0),
	gsSP2Triangles(7, 8, 6, 0, 9, 10, 11, 0),
	gsSP2Triangles(10, 9, 12, 0, 12, 9, 13, 0),
	gsSP2Triangles(14, 13, 9, 0, 14, 9, 11, 0),
	gsSP2Triangles(14, 15, 13, 0, 13, 15, 16, 0),
	gsSP2Triangles(17, 13, 16, 0, 12, 13, 17, 0),
	gsSP2Triangles(18, 19, 20, 0, 21, 20, 19, 0),
	gsSP2Triangles(22, 21, 19, 0, 22, 23, 21, 0),
	gsSP2Triangles(24, 21, 23, 0, 20, 21, 24, 0),
	gsSP2Triangles(25, 20, 24, 0, 26, 20, 25, 0),
	gsSP1Triangle(18, 20, 26, 0),
	gsSPEndDisplayList(),
};

Vtx mario_000_displaylist_mesh_layer_1_vtx_0[11] = {
	{{ {83, -80, 43}, 0, {-16, 1008}, {225, 154, 69, 255} }},
	{{ {24, -100, 64}, 0, {-16, 1008}, {190, 170, 66, 255} }},
	{{ {41, -78, 1}, 0, {-16, 1008}, {194, 145, 1, 255} }},
	{{ {52, -46, 65}, 0, {-16, 1008}, {205, 214, 109, 255} }},
	{{ {106, -33, 71}, 0, {-16, 1008}, {230, 180, 98, 255} }},
	{{ {26, -56, 33}, 0, {-16, 1008}, {133, 240, 25, 255} }},
	{{ {83, -81, -41}, 0, {-16, 1008}, {225, 154, 188, 255} }},
	{{ {24, -100, -61}, 0, {-16, 1008}, {189, 170, 191, 255} }},
	{{ {26, -56, -31}, 0, {-16, 1008}, {133, 240, 231, 255} }},
	{{ {52, -46, -63}, 0, {-16, 1008}, {205, 213, 148, 255} }},
	{{ {106, -34, -68}, 0, {-16, 1008}, {229, 181, 157, 255} }},
};

Gfx mario_000_displaylist_mesh_layer_1_tri_0[] = {
	gsSPVertex(mario_000_displaylist_mesh_layer_1_vtx_0 + 0, 11, 0),
	gsSP2Triangles(0, 1, 2, 0, 3, 1, 0, 0),
	gsSP2Triangles(0, 4, 3, 0, 1, 3, 5, 0),
	gsSP2Triangles(2, 1, 5, 0, 2, 6, 0, 0),
	gsSP2Triangles(2, 7, 6, 0, 8, 7, 2, 0),
	gsSP2Triangles(8, 9, 7, 0, 6, 7, 9, 0),
	gsSP1Triangle(9, 10, 6, 0),
	gsSPEndDisplayList(),
};

Vtx mario_000_displaylist_mesh_layer_1_vtx_1[73] = {
	{{ {26, -56, -31}, 0, {-16, 1008}, {133, 240, 231, 255} }},
	{{ {41, -78, 1}, 0, {-16, 1008}, {194, 145, 1, 255} }},
	{{ {26, -56, 33}, 0, {-16, 1008}, {133, 240, 25, 255} }},
	{{ {-1, 64, 1}, 0, {-16, 1008}, {133, 32, 0, 255} }},
	{{ {11, 57, 43}, 0, {-16, 1008}, {149, 23, 64, 255} }},
	{{ {52, 12, 84}, 0, {-16, 1008}, {188, 10, 107, 255} }},
	{{ {52, -46, 65}, 0, {-16, 1008}, {205, 214, 109, 255} }},
	{{ {76, -9, 111}, 0, {-16, 1008}, {217, 10, 121, 255} }},
	{{ {111, -20, 111}, 0, {-16, 1008}, {54, 217, 108, 255} }},
	{{ {106, -33, 71}, 0, {-16, 1008}, {230, 180, 98, 255} }},
	{{ {139, 7, 83}, 0, {-16, 1008}, {232, 38, 119, 255} }},
	{{ {116, 9, 83}, 0, {-16, 1008}, {7, 56, 114, 255} }},
	{{ {52, 51, 79}, 0, {-16, 1008}, {213, 28, 116, 255} }},
	{{ {42, 108, 1}, 0, {496, 1362}, {138, 47, 255, 255} }},
	{{ {31, 99, -24}, 0, {205, 1541}, {173, 90, 224, 255} }},
	{{ {31, 100, 24}, 0, {776, 1541}, {174, 92, 31, 255} }},
	{{ {-1, 64, 1}, 0, {496, 2075}, {133, 32, 0, 255} }},
	{{ {11, 57, -41}, 0, {-16, 1008}, {148, 23, 193, 255} }},
	{{ {52, 12, -82}, 0, {-16, 1008}, {189, 10, 149, 255} }},
	{{ {52, 51, -78}, 0, {-16, 1008}, {212, 28, 140, 255} }},
	{{ {52, -46, -63}, 0, {-16, 1008}, {205, 213, 148, 255} }},
	{{ {76, -10, -109}, 0, {-16, 1008}, {217, 9, 135, 255} }},
	{{ {116, 8, -81}, 0, {-16, 1008}, {10, 55, 142, 255} }},
	{{ {111, -21, -109}, 0, {-16, 1008}, {54, 217, 148, 255} }},
	{{ {139, 6, -81}, 0, {-16, 1008}, {233, 36, 136, 255} }},
	{{ {106, -34, -68}, 0, {-16, 1008}, {229, 181, 157, 255} }},
	{{ {106, 59, 76}, 0, {1281, 953}, {9, 36, 121, 255} }},
	{{ {165, 47, 77}, 0, {1291, 266}, {248, 63, 110, 255} }},
	{{ {153, 92, 55}, 0, {1057, 403}, {26, 92, 84, 255} }},
	{{ {183, 101, 26}, 0, {761, 48}, {162, 84, 13, 255} }},
	{{ {97, 105, 21}, 0, {700, 1056}, {64, 75, 81, 255} }},
	{{ {153, 110, 1}, 0, {496, 403}, {10, 127, 1, 255} }},
	{{ {183, 101, -26}, 0, {221, 48}, {161, 84, 243, 255} }},
	{{ {153, 110, 1}, 0, {496, 403}, {10, 127, 1, 255} }},
	{{ {183, 101, 26}, 0, {761, 48}, {162, 84, 13, 255} }},
	{{ {97, 105, -20}, 0, {282, 1056}, {63, 76, 176, 255} }},
	{{ {153, 92, -54}, 0, {-75, 403}, {27, 91, 171, 255} }},
	{{ {165, 47, -76}, 0, {-299, 266}, {248, 61, 145, 255} }},
	{{ {106, 59, -76}, 0, {-299, 953}, {9, 35, 134, 255} }},
	{{ {112, 94, -56}, 0, {-96, 884}, {15, 101, 180, 255} }},
	{{ {106, 108, 1}, 0, {496, 953}, {88, 91, 1, 255} }},
	{{ {97, 105, 21}, 0, {700, 1056}, {64, 75, 81, 255} }},
	{{ {153, 92, 55}, 0, {1057, 403}, {26, 92, 84, 255} }},
	{{ {112, 94, 57}, 0, {1077, 884}, {16, 101, 75, 255} }},
	{{ {106, 59, 76}, 0, {1281, 953}, {9, 36, 121, 255} }},
	{{ {73, 108, 27}, 0, {-16, 1008}, {16, 48, 116, 255} }},
	{{ {97, 105, 21}, 0, {-16, 1008}, {64, 75, 81, 255} }},
	{{ {99, 130, 36}, 0, {-16, 1008}, {72, 230, 102, 255} }},
	{{ {111, 130, 1}, 0, {-16, 1008}, {126, 241, 1, 255} }},
	{{ {106, 108, 1}, 0, {-16, 1008}, {88, 91, 1, 255} }},
	{{ {97, 105, -20}, 0, {-16, 1008}, {63, 76, 176, 255} }},
	{{ {99, 130, -34}, 0, {-16, 1008}, {72, 230, 155, 255} }},
	{{ {73, 108, -27}, 0, {-16, 1008}, {15, 51, 140, 255} }},
	{{ {50, 129, -34}, 0, {-16, 1008}, {191, 228, 151, 255} }},
	{{ {53, 111, -26}, 0, {-16, 1008}, {182, 46, 163, 255} }},
	{{ {32, 129, 1}, 0, {-16, 1008}, {132, 230, 0, 255} }},
	{{ {42, 108, 1}, 0, {-16, 1008}, {138, 47, 255, 255} }},
	{{ {53, 111, 27}, 0, {-16, 1008}, {186, 47, 95, 255} }},
	{{ {50, 129, 36}, 0, {-16, 1008}, {192, 229, 106, 255} }},
	{{ {98, 159, 36}, 0, {-16, 1008}, {61, 61, 93, 255} }},
	{{ {111, 159, 1}, 0, {-16, 1008}, {117, 49, 0, 255} }},
	{{ {98, 158, -35}, 0, {-16, 1008}, {61, 58, 161, 255} }},
	{{ {50, 158, -35}, 0, {-16, 1008}, {199, 59, 159, 255} }},
	{{ {32, 157, 1}, 0, {-16, 1008}, {139, 50, 1, 255} }},
	{{ {50, 129, 36}, 0, {-16, 1008}, {192, 229, 106, 255} }},
	{{ {50, 158, 36}, 0, {-16, 1008}, {199, 60, 96, 255} }},
	{{ {32, 157, 1}, 0, {-16, 1008}, {139, 50, 1, 255} }},
	{{ {98, 159, 36}, 0, {-16, 1008}, {61, 61, 93, 255} }},
	{{ {94, 174, 1}, 0, {-16, 1008}, {38, 121, 0, 255} }},
	{{ {111, 159, 1}, 0, {-16, 1008}, {117, 49, 0, 255} }},
	{{ {98, 158, -35}, 0, {-16, 1008}, {61, 58, 161, 255} }},
	{{ {50, 158, -35}, 0, {-16, 1008}, {199, 59, 159, 255} }},
	{{ {53, 173, 1}, 0, {-16, 1008}, {218, 121, 1, 255} }},
};

Gfx mario_000_displaylist_mesh_layer_1_tri_1[] = {
	gsSPVertex(mario_000_displaylist_mesh_layer_1_vtx_1 + 0, 32, 0),
	gsSP2Triangles(0, 1, 2, 0, 0, 2, 3, 0),
	gsSP2Triangles(2, 4, 3, 0, 4, 2, 5, 0),
	gsSP2Triangles(2, 6, 5, 0, 7, 5, 6, 0),
	gsSP2Triangles(6, 8, 7, 0, 6, 9, 8, 0),
	gsSP2Triangles(9, 10, 8, 0, 10, 11, 8, 0),
	gsSP2Triangles(7, 8, 11, 0, 5, 7, 11, 0),
	gsSP2Triangles(12, 4, 5, 0, 13, 14, 15, 0),
	gsSP2Triangles(15, 14, 16, 0, 0, 3, 17, 0),
	gsSP2Triangles(18, 0, 17, 0, 18, 17, 19, 0),
	gsSP2Triangles(18, 20, 0, 0, 18, 21, 20, 0),
	gsSP2Triangles(22, 21, 18, 0, 22, 23, 21, 0),
	gsSP2Triangles(23, 22, 24, 0, 23, 24, 25, 0),
	gsSP2Triangles(25, 20, 23, 0, 21, 23, 20, 0),
	gsSP2Triangles(26, 27, 28, 0, 27, 29, 28, 0),
	gsSP2Triangles(28, 29, 30, 0, 29, 31, 30, 0),
	gsSPVertex(mario_000_displaylist_mesh_layer_1_vtx_1 + 32, 32, 0),
	gsSP2Triangles(0, 1, 2, 0, 3, 1, 0, 0),
	gsSP2Triangles(3, 0, 4, 0, 4, 0, 5, 0),
	gsSP2Triangles(4, 5, 6, 0, 6, 7, 4, 0),
	gsSP2Triangles(7, 3, 4, 0, 3, 8, 1, 0),
	gsSP2Triangles(1, 8, 9, 0, 10, 11, 12, 0),
	gsSP2Triangles(9, 11, 10, 0, 13, 14, 15, 0),
	gsSP2Triangles(16, 15, 14, 0, 14, 17, 16, 0),
	gsSP2Triangles(16, 17, 18, 0, 18, 19, 16, 0),
	gsSP2Triangles(19, 18, 20, 0, 21, 19, 20, 0),
	gsSP2Triangles(20, 22, 21, 0, 23, 21, 22, 0),
	gsSP2Triangles(22, 24, 23, 0, 23, 24, 25, 0),
	gsSP2Triangles(25, 26, 23, 0, 26, 25, 13, 0),
	gsSP2Triangles(15, 26, 13, 0, 15, 27, 26, 0),
	gsSP2Triangles(27, 15, 16, 0, 28, 27, 16, 0),
	gsSP2Triangles(16, 19, 28, 0, 19, 29, 28, 0),
	gsSP2Triangles(30, 29, 19, 0, 21, 30, 19, 0),
	gsSP2Triangles(30, 21, 23, 0, 31, 30, 23, 0),
	gsSP1Triangle(23, 26, 31, 0),
	gsSPVertex(mario_000_displaylist_mesh_layer_1_vtx_1 + 64, 9, 0),
	gsSP2Triangles(0, 1, 2, 0, 3, 1, 0, 0),
	gsSP2Triangles(3, 4, 1, 0, 4, 3, 5, 0),
	gsSP2Triangles(4, 5, 6, 0, 7, 4, 6, 0),
	gsSP2Triangles(7, 8, 4, 0, 2, 8, 7, 0),
	gsSP2Triangles(2, 1, 8, 0, 4, 8, 1, 0),
	gsSPEndDisplayList(),
};

Vtx mario_000_displaylist_mesh_layer_1_vtx_2[40] = {
	{{ {204, 100, 26}, 0, {760, 880}, {76, 85, 56, 255} }},
	{{ {165, 47, 77}, 0, {1288, 1306}, {248, 63, 110, 255} }},
	{{ {264, 77, 57}, 0, {1075, 230}, {63, 72, 84, 255} }},
	{{ {290, 90, 1}, 0, {496, -58}, {97, 82, 0, 255} }},
	{{ {204, 100, -25}, 0, {232, 880}, {77, 85, 200, 255} }},
	{{ {264, 77, -56}, 0, {-93, 230}, {63, 72, 172, 255} }},
	{{ {165, 47, -76}, 0, {-296, 1306}, {248, 61, 145, 255} }},
	{{ {83, -81, -41}, 0, {-16, 1008}, {225, 154, 188, 255} }},
	{{ {135, -130, -38}, 0, {-16, 1008}, {4, 138, 210, 255} }},
	{{ {83, -80, 43}, 0, {-16, 1008}, {225, 154, 69, 255} }},
	{{ {146, -33, -106}, 0, {-16, 1008}, {225, 234, 135, 255} }},
	{{ {106, -34, -68}, 0, {-16, 1008}, {229, 181, 157, 255} }},
	{{ {139, 6, -81}, 0, {-16, 1008}, {233, 36, 136, 255} }},
	{{ {202, 12, -115}, 0, {-16, 1008}, {25, 9, 132, 255} }},
	{{ {165, 47, -76}, 0, {-16, 1008}, {248, 61, 145, 255} }},
	{{ {264, 77, -56}, 0, {-16, 1008}, {63, 72, 172, 255} }},
	{{ {287, 16, -32}, 0, {-16, 1008}, {111, 212, 213, 255} }},
	{{ {290, 90, 1}, 0, {-16, 1008}, {97, 82, 0, 255} }},
	{{ {287, 16, 34}, 0, {-16, 1008}, {111, 212, 43, 255} }},
	{{ {264, 77, 57}, 0, {-16, 1008}, {63, 72, 84, 255} }},
	{{ {202, 12, 117}, 0, {-16, 1008}, {26, 9, 124, 255} }},
	{{ {165, 47, 77}, 0, {-16, 1008}, {248, 63, 110, 255} }},
	{{ {139, 7, 83}, 0, {-16, 1008}, {232, 38, 119, 255} }},
	{{ {146, -32, 109}, 0, {-16, 1008}, {225, 234, 121, 255} }},
	{{ {106, -33, 71}, 0, {-16, 1008}, {230, 180, 98, 255} }},
	{{ {135, -130, 41}, 0, {-16, 1008}, {3, 138, 47, 255} }},
	{{ {185, -69, -60}, 0, {-16, 1008}, {75, 171, 200, 255} }},
	{{ {185, -69, 62}, 0, {-16, 1008}, {76, 171, 56, 255} }},
	{{ {181, 135, 54}, 0, {-16, 1008}, {226, 81, 93, 255} }},
	{{ {183, 101, 26}, 0, {-16, 1008}, {162, 84, 13, 255} }},
	{{ {204, 100, 26}, 0, {-16, 1008}, {76, 85, 56, 255} }},
	{{ {187, 165, 1}, 0, {-16, 1008}, {248, 127, 0, 255} }},
	{{ {204, 100, -25}, 0, {-16, 1008}, {77, 85, 200, 255} }},
	{{ {187, 165, 1}, 0, {-16, 1008}, {248, 127, 0, 255} }},
	{{ {204, 100, 26}, 0, {-16, 1008}, {76, 85, 56, 255} }},
	{{ {181, 135, -53}, 0, {-16, 1008}, {226, 81, 162, 255} }},
	{{ {165, 47, -76}, 0, {-16, 1008}, {248, 61, 145, 255} }},
	{{ {183, 101, -26}, 0, {-16, 1008}, {161, 84, 243, 255} }},
	{{ {183, 101, 26}, 0, {-16, 1008}, {162, 84, 13, 255} }},
	{{ {181, 135, 54}, 0, {-16, 1008}, {226, 81, 93, 255} }},
};

Gfx mario_000_displaylist_mesh_layer_1_tri_2[] = {
	gsSPVertex(mario_000_displaylist_mesh_layer_1_vtx_2 + 0, 32, 0),
	gsSP2Triangles(0, 1, 2, 0, 2, 3, 0, 0),
	gsSP2Triangles(3, 4, 0, 0, 3, 5, 4, 0),
	gsSP2Triangles(5, 6, 4, 0, 7, 8, 9, 0),
	gsSP2Triangles(10, 8, 7, 0, 11, 10, 7, 0),
	gsSP2Triangles(12, 10, 11, 0, 13, 10, 12, 0),
	gsSP2Triangles(14, 13, 12, 0, 14, 15, 13, 0),
	gsSP2Triangles(16, 13, 15, 0, 15, 17, 16, 0),
	gsSP2Triangles(16, 17, 18, 0, 18, 17, 19, 0),
	gsSP2Triangles(19, 20, 18, 0, 20, 19, 21, 0),
	gsSP2Triangles(20, 21, 22, 0, 22, 23, 20, 0),
	gsSP2Triangles(24, 23, 22, 0, 9, 23, 24, 0),
	gsSP2Triangles(9, 25, 23, 0, 8, 25, 9, 0),
	gsSP2Triangles(25, 8, 26, 0, 26, 8, 10, 0),
	gsSP2Triangles(13, 26, 10, 0, 26, 13, 16, 0),
	gsSP2Triangles(26, 16, 27, 0, 16, 18, 27, 0),
	gsSP2Triangles(18, 20, 27, 0, 23, 27, 20, 0),
	gsSP2Triangles(23, 25, 27, 0, 26, 27, 25, 0),
	gsSP2Triangles(21, 28, 29, 0, 30, 28, 21, 0),
	gsSP1Triangle(30, 31, 28, 0),
	gsSPVertex(mario_000_displaylist_mesh_layer_1_vtx_2 + 32, 8, 0),
	gsSP2Triangles(0, 1, 2, 0, 3, 1, 0, 0),
	gsSP2Triangles(3, 0, 4, 0, 5, 3, 4, 0),
	gsSP2Triangles(5, 1, 3, 0, 5, 6, 1, 0),
	gsSP1Triangle(7, 1, 6, 0),
	gsSPEndDisplayList(),
};

Vtx mario_000_displaylist_mesh_layer_1_vtx_3[27] = {
	{{ {-1, 64, 1}, 0, {-9, 1814}, {133, 32, 0, 255} }},
	{{ {11, 57, 43}, 0, {693, 1453}, {149, 23, 64, 255} }},
	{{ {31, 100, 24}, 0, {315, 1147}, {174, 92, 31, 255} }},
	{{ {31, 99, -24}, 0, {315, 1147}, {173, 90, 224, 255} }},
	{{ {11, 57, -41}, 0, {689, 1454}, {148, 23, 193, 255} }},
	{{ {-1, 64, 1}, 0, {-13, 1815}, {133, 32, 0, 255} }},
	{{ {31, 100, 24}, 0, {304, 1065}, {174, 92, 31, 255} }},
	{{ {53, 111, 27}, 0, {284, 720}, {186, 47, 95, 255} }},
	{{ {42, 108, 1}, 0, {-168, 970}, {138, 47, 255, 255} }},
	{{ {53, 97, 58}, 0, {826, 588}, {212, 89, 80, 255} }},
	{{ {11, 57, 43}, 0, {701, 1330}, {149, 23, 64, 255} }},
	{{ {52, 51, 79}, 0, {1241, 576}, {213, 28, 116, 255} }},
	{{ {83, 93, 69}, 0, {946, 118}, {7, 85, 94, 255} }},
	{{ {106, 59, 76}, 0, {1031, -260}, {9, 36, 121, 255} }},
	{{ {112, 94, 57}, 0, {654, -291}, {16, 101, 75, 255} }},
	{{ {97, 105, 21}, 0, {33, 50}, {64, 75, 81, 255} }},
	{{ {73, 108, 27}, 0, {233, 412}, {16, 48, 116, 255} }},
	{{ {53, 111, -26}, 0, {284, 720}, {182, 46, 163, 255} }},
	{{ {31, 99, -24}, 0, {304, 1065}, {173, 90, 224, 255} }},
	{{ {53, 97, -57}, 0, {826, 588}, {212, 88, 176, 255} }},
	{{ {73, 108, -27}, 0, {233, 412}, {15, 51, 140, 255} }},
	{{ {83, 93, -67}, 0, {946, 118}, {6, 85, 162, 255} }},
	{{ {97, 105, -20}, 0, {33, 50}, {63, 76, 176, 255} }},
	{{ {112, 94, -56}, 0, {654, -291}, {15, 101, 180, 255} }},
	{{ {106, 59, -76}, 0, {1031, -260}, {9, 35, 134, 255} }},
	{{ {52, 51, -78}, 0, {1237, 576}, {212, 28, 140, 255} }},
	{{ {11, 57, -41}, 0, {697, 1331}, {148, 23, 193, 255} }},
};

Gfx mario_000_displaylist_mesh_layer_1_tri_3[] = {
	gsSPVertex(mario_000_displaylist_mesh_layer_1_vtx_3 + 0, 27, 0),
	gsSP2Triangles(0, 1, 2, 0, 3, 4, 5, 0),
	gsSP2Triangles(6, 7, 8, 0, 6, 9, 7, 0),
	gsSP2Triangles(10, 9, 6, 0, 11, 9, 10, 0),
	gsSP2Triangles(9, 11, 12, 0, 11, 13, 12, 0),
	gsSP2Triangles(14, 12, 13, 0, 15, 12, 14, 0),
	gsSP2Triangles(12, 15, 16, 0, 12, 16, 9, 0),
	gsSP2Triangles(16, 7, 9, 0, 8, 17, 18, 0),
	gsSP2Triangles(17, 19, 18, 0, 19, 17, 20, 0),
	gsSP2Triangles(19, 20, 21, 0, 20, 22, 21, 0),
	gsSP2Triangles(23, 21, 22, 0, 24, 21, 23, 0),
	gsSP2Triangles(21, 24, 25, 0, 21, 25, 19, 0),
	gsSP2Triangles(26, 19, 25, 0, 18, 19, 26, 0),
	gsSPEndDisplayList(),
};

Vtx mario_000_displaylist_mesh_layer_1_vtx_4[12] = {
	{{ {52, 51, 79}, 0, {250, 1472}, {213, 28, 116, 255} }},
	{{ {52, 12, 84}, 0, {993, 1446}, {188, 10, 107, 255} }},
	{{ {116, 9, 83}, 0, {931, 530}, {7, 56, 114, 255} }},
	{{ {106, 59, 76}, 0, {-6, 704}, {9, 36, 121, 255} }},
	{{ {139, 7, 83}, 0, {921, 192}, {232, 38, 119, 255} }},
	{{ {165, 47, 77}, 0, {99, -146}, {248, 63, 110, 255} }},
	{{ {116, 8, -81}, 0, {931, 530}, {10, 55, 142, 255} }},
	{{ {52, 12, -82}, 0, {993, 1446}, {189, 10, 149, 255} }},
	{{ {52, 51, -78}, 0, {250, 1472}, {212, 28, 140, 255} }},
	{{ {106, 59, -76}, 0, {-6, 704}, {9, 35, 134, 255} }},
	{{ {139, 6, -81}, 0, {921, 192}, {233, 36, 136, 255} }},
	{{ {165, 47, -76}, 0, {99, -146}, {248, 61, 145, 255} }},
};

Gfx mario_000_displaylist_mesh_layer_1_tri_4[] = {
	gsSPVertex(mario_000_displaylist_mesh_layer_1_vtx_4 + 0, 12, 0),
	gsSP2Triangles(0, 1, 2, 0, 2, 3, 0, 0),
	gsSP2Triangles(2, 4, 3, 0, 5, 3, 4, 0),
	gsSP2Triangles(6, 7, 8, 0, 8, 9, 6, 0),
	gsSP2Triangles(6, 9, 10, 0, 10, 9, 11, 0),
	gsSPEndDisplayList(),
};

Vtx mario_002_switch_option_head__no_cap__mesh_layer_1_vtx_0[127] = {
	{{ {-584, 108, 59}, 0, {-16, -16}, {236, 76, 100, 255} }},
	{{ {-592, 120, 8}, 0, {-16, -16}, {211, 118, 10, 255} }},
	{{ {-611, 101, 25}, 0, {-16, -16}, {224, 112, 51, 255} }},
	{{ {-592, 120, 8}, 0, {-16, -16}, {211, 118, 10, 255} }},
	{{ {-611, 110, 1}, 0, {-16, -16}, {222, 122, 1, 255} }},
	{{ {-611, 110, 1}, 0, {501, 87}, {222, 122, 1, 255} }},
	{{ {-625, 110, 0}, 0, {496, 233}, {3, 127, 0, 255} }},
	{{ {-611, 101, 25}, 0, {761, 48}, {224, 112, 51, 255} }},
	{{ {-611, 101, -27}, 0, {221, 48}, {252, 111, 195, 255} }},
	{{ {-611, 110, 1}, 0, {497, 107}, {222, 122, 1, 255} }},
	{{ {-635, 76, -70}, 0, {-164, 328}, {250, 58, 143, 255} }},
	{{ {-626, 76, -71}, 0, {-161, 263}, {255, 67, 148, 255} }},
	{{ {-626, 47, -77}, 0, {-293, 228}, {233, 31, 135, 255} }},
	{{ {-626, 72, 69}, 0, {-16, -16}, {246, 52, 116, 255} }},
	{{ {-598, 60, 68}, 0, {-16, -16}, {0, 49, 117, 255} }},
	{{ {-627, 92, 57}, 0, {-16, -16}, {23, 96, 80, 255} }},
	{{ {-626, 72, 69}, 0, {1163, 239}, {246, 52, 116, 255} }},
	{{ {-627, 92, 57}, 0, {1054, 232}, {23, 96, 80, 255} }},
	{{ {-635, 76, 64}, 0, {1139, 306}, {242, 50, 116, 255} }},
	{{ {-626, 47, 76}, 0, {-16, -16}, {244, 43, 119, 255} }},
	{{ {-626, 72, 69}, 0, {-16, -16}, {246, 52, 116, 255} }},
	{{ {-626, 47, 76}, 0, {1286, 227}, {244, 43, 119, 255} }},
	{{ {-626, 72, 69}, 0, {1163, 239}, {246, 52, 116, 255} }},
	{{ {-548, 57, -1}, 0, {-16, -16}, {127, 7, 253, 255} }},
	{{ {-575, 39, 74}, 0, {-16, -16}, {73, 21, 102, 255} }},
	{{ {-559, -1, 58}, 0, {-16, -16}, {105, 241, 70, 255} }},
	{{ {-604, -73, -72}, 0, {-16, -16}, {57, 175, 177, 255} }},
	{{ {-612, 3, -95}, 0, {-16, -16}, {16, 3, 130, 255} }},
	{{ {-559, -1, -59}, 0, {-16, -16}, {105, 243, 185, 255} }},
	{{ {-541, -18, -1}, 0, {-16, -16}, {122, 222, 0, 255} }},
	{{ {-559, -1, 58}, 0, {-16, -16}, {105, 241, 70, 255} }},
	{{ {-604, -73, 72}, 0, {-16, -16}, {57, 176, 80, 255} }},
	{{ {-548, 57, -1}, 0, {-16, -16}, {127, 7, 253, 255} }},
	{{ {-549, 126, 33}, 0, {-16, -16}, {83, 91, 30, 255} }},
	{{ {-565, 73, 56}, 0, {-16, -16}, {103, 5, 74, 255} }},
	{{ {-593, -86, -1}, 0, {-16, -16}, {69, 149, 255, 255} }},
	{{ {-541, -18, -1}, 0, {-16, -16}, {122, 222, 0, 255} }},
	{{ {-604, -73, 72}, 0, {-16, -16}, {57, 176, 80, 255} }},
	{{ {-677, -91, -68}, 0, {-16, -16}, {218, 171, 169, 255} }},
	{{ {-604, -73, -72}, 0, {-16, -16}, {57, 175, 177, 255} }},
	{{ {-593, -86, -1}, 0, {-16, -16}, {69, 149, 255, 255} }},
	{{ {-593, -86, -1}, 0, {-16, -16}, {69, 149, 255, 255} }},
	{{ {-677, -93, 67}, 0, {-16, -16}, {217, 170, 85, 255} }},
	{{ {-611, 110, 1}, 0, {-16, -16}, {222, 122, 1, 255} }},
	{{ {-592, 120, 8}, 0, {-16, -16}, {211, 118, 10, 255} }},
	{{ {-588, 119, -14}, 0, {-16, -16}, {3, 113, 198, 255} }},
	{{ {-627, 92, -55}, 0, {-63, 235}, {23, 104, 187, 255} }},
	{{ {-626, 76, -71}, 0, {-165, 261}, {255, 67, 148, 255} }},
	{{ {-635, 76, -70}, 0, {-164, 328}, {250, 58, 143, 255} }},
	{{ {-611, 101, 25}, 0, {-16, -16}, {224, 112, 51, 255} }},
	{{ {-598, 60, 68}, 0, {-16, -16}, {0, 49, 117, 255} }},
	{{ {-584, 108, 59}, 0, {-16, -16}, {236, 76, 100, 255} }},
	{{ {-627, 92, 57}, 0, {-16, -16}, {23, 96, 80, 255} }},
	{{ {-655, 6, -82}, 0, {-16, -16}, {251, 16, 130, 255} }},
	{{ {-626, 47, -77}, 0, {-16, -16}, {233, 31, 135, 255} }},
	{{ {-612, 3, -95}, 0, {-16, -16}, {16, 3, 130, 255} }},
	{{ {-643, -47, -86}, 0, {-16, -16}, {239, 229, 133, 255} }},
	{{ {-604, -73, -72}, 0, {-16, -16}, {57, 175, 177, 255} }},
	{{ {-711, -81, -42}, 0, {-16, -16}, {237, 147, 194, 255} }},
	{{ {-674, -100, -1}, 0, {-16, -16}, {241, 130, 255, 255} }},
	{{ {-711, -80, 42}, 0, {-16, -16}, {235, 148, 63, 255} }},
	{{ {-593, -86, -1}, 0, {-16, -16}, {69, 149, 255, 255} }},
	{{ {-643, -46, 86}, 0, {-16, -16}, {238, 230, 123, 255} }},
	{{ {-604, -73, 72}, 0, {-16, -16}, {57, 176, 80, 255} }},
	{{ {-643, -46, 86}, 0, {-16, -16}, {238, 230, 123, 255} }},
	{{ {-604, -73, 72}, 0, {-16, -16}, {57, 176, 80, 255} }},
	{{ {-613, 3, 95}, 0, {-16, -16}, {16, 7, 126, 255} }},
	{{ {-559, -1, 58}, 0, {-16, -16}, {105, 241, 70, 255} }},
	{{ {-655, 7, 82}, 0, {-16, -16}, {249, 21, 125, 255} }},
	{{ {-626, 47, 76}, 0, {-16, -16}, {244, 43, 119, 255} }},
	{{ {-688, -33, 69}, 0, {-16, -16}, {1, 173, 96, 255} }},
	{{ {-711, -80, 42}, 0, {-16, -16}, {235, 148, 63, 255} }},
	{{ {-626, 76, -71}, 0, {-16, -16}, {255, 67, 148, 255} }},
	{{ {-598, 56, -80}, 0, {-16, -16}, {32, 55, 146, 255} }},
	{{ {-626, 47, -77}, 0, {-16, -16}, {233, 31, 135, 255} }},
	{{ {-612, 3, -95}, 0, {-16, -16}, {16, 3, 130, 255} }},
	{{ {-577, 39, -74}, 0, {-16, -16}, {85, 25, 165, 255} }},
	{{ {-582, 85, -46}, 0, {-16, -16}, {48, 82, 171, 255} }},
	{{ {-611, 101, -27}, 0, {-16, -16}, {252, 111, 195, 255} }},
	{{ {-627, 92, -55}, 0, {-16, -16}, {23, 104, 187, 255} }},
	{{ {-626, 76, -71}, 0, {-16, -16}, {255, 67, 148, 255} }},
	{{ {-588, 119, -14}, 0, {-16, -16}, {3, 113, 198, 255} }},
	{{ {-611, 110, 1}, 0, {-16, -16}, {222, 122, 1, 255} }},
	{{ {-559, -1, -59}, 0, {-16, -16}, {105, 243, 185, 255} }},
	{{ {-643, -47, -86}, 0, {-16, -16}, {239, 229, 133, 255} }},
	{{ {-688, -34, -69}, 0, {-16, -16}, {0, 174, 159, 255} }},
	{{ {-655, 6, -82}, 0, {-16, -16}, {251, 16, 130, 255} }},
	{{ {-711, -81, -42}, 0, {-16, -16}, {237, 147, 194, 255} }},
	{{ {-626, 47, 76}, 0, {-16, -16}, {244, 43, 119, 255} }},
	{{ {-598, 60, 68}, 0, {-16, -16}, {0, 49, 117, 255} }},
	{{ {-575, 39, 74}, 0, {-16, -16}, {73, 21, 102, 255} }},
	{{ {-559, -1, 58}, 0, {-16, -16}, {105, 241, 70, 255} }},
	{{ {-584, 108, 59}, 0, {-16, -16}, {236, 76, 100, 255} }},
	{{ {-548, 57, -1}, 0, {-16, -16}, {127, 7, 253, 255} }},
	{{ {-565, 73, 56}, 0, {-16, -16}, {103, 5, 74, 255} }},
	{{ {-584, 108, 59}, 0, {-16, -16}, {236, 76, 100, 255} }},
	{{ {-584, 108, 59}, 0, {-16, -16}, {236, 76, 100, 255} }},
	{{ {-565, 73, 56}, 0, {-16, -16}, {103, 5, 74, 255} }},
	{{ {-549, 126, 33}, 0, {-16, -16}, {83, 91, 30, 255} }},
	{{ {-604, -73, -72}, 0, {-16, -16}, {57, 175, 177, 255} }},
	{{ {-559, -1, -59}, 0, {-16, -16}, {105, 243, 185, 255} }},
	{{ {-541, -18, -1}, 0, {-16, -16}, {122, 222, 0, 255} }},
	{{ {-593, -86, -1}, 0, {-16, -16}, {69, 149, 255, 255} }},
	{{ {-559, -1, -59}, 0, {-16, -16}, {105, 243, 185, 255} }},
	{{ {-548, 57, -1}, 0, {-16, -16}, {127, 7, 253, 255} }},
	{{ {-541, -18, -1}, 0, {-16, -16}, {122, 222, 0, 255} }},
	{{ {-559, -1, 58}, 0, {-16, -16}, {105, 241, 70, 255} }},
	{{ {-559, -1, -59}, 0, {-16, -16}, {105, 243, 185, 255} }},
	{{ {-577, 39, -74}, 0, {-16, -16}, {85, 25, 165, 255} }},
	{{ {-558, 67, -35}, 0, {-16, -16}, {110, 23, 197, 255} }},
	{{ {-582, 85, -46}, 0, {-16, -16}, {48, 82, 171, 255} }},
	{{ {-549, 126, 33}, 0, {-16, -16}, {83, 91, 30, 255} }},
	{{ {-588, 119, -14}, 0, {-16, -16}, {3, 113, 198, 255} }},
	{{ {-548, 57, -1}, 0, {-16, -16}, {127, 7, 253, 255} }},
	{{ {-549, 126, 33}, 0, {-16, -16}, {83, 91, 30, 255} }},
	{{ {-592, 120, 8}, 0, {-16, -16}, {211, 118, 10, 255} }},
	{{ {-711, -80, 42}, 0, {-16, 1008}, {235, 148, 63, 255} }},
	{{ {-688, -33, 69}, 0, {-16, 1008}, {1, 173, 96, 255} }},
	{{ {-742, -46, 64}, 0, {-16, 1008}, {205, 214, 109, 255} }},
	{{ {-771, -100, 63}, 0, {-16, 1008}, {190, 170, 66, 255} }},
	{{ {-769, -56, 32}, 0, {-16, 1008}, {133, 240, 25, 255} }},
	{{ {-753, -78, 0}, 0, {-16, 1008}, {194, 145, 1, 255} }},
	{{ {-711, -81, -42}, 0, {-16, 1008}, {237, 147, 194, 255} }},
	{{ {-771, -100, -62}, 0, {-16, 1008}, {189, 170, 191, 255} }},
	{{ {-769, -56, -33}, 0, {-16, 1008}, {133, 240, 231, 255} }},
	{{ {-742, -46, -64}, 0, {-16, 1008}, {205, 213, 148, 255} }},
	{{ {-688, -34, -69}, 0, {-16, 1008}, {0, 174, 159, 255} }},
};

Gfx mario_002_switch_option_head__no_cap__mesh_layer_1_tri_0[] = {
	gsSPVertex(mario_002_switch_option_head__no_cap__mesh_layer_1_vtx_0 + 0, 32, 0),
	gsSP2Triangles(0, 1, 2, 0, 2, 3, 4, 0),
	gsSP2Triangles(5, 6, 7, 0, 8, 6, 9, 0),
	gsSP2Triangles(10, 11, 12, 0, 13, 14, 15, 0),
	gsSP2Triangles(16, 17, 18, 0, 19, 14, 20, 0),
	gsSP2Triangles(18, 21, 22, 0, 23, 24, 25, 0),
	gsSP2Triangles(26, 27, 28, 0, 29, 30, 31, 0),
	gsSPVertex(mario_002_switch_option_head__no_cap__mesh_layer_1_vtx_0 + 32, 32, 0),
	gsSP2Triangles(0, 1, 2, 0, 3, 4, 5, 0),
	gsSP2Triangles(6, 7, 8, 0, 9, 5, 10, 0),
	gsSP2Triangles(11, 12, 13, 0, 14, 15, 16, 0),
	gsSP2Triangles(17, 18, 19, 0, 17, 20, 18, 0),
	gsSP2Triangles(21, 22, 23, 0, 23, 24, 21, 0),
	gsSP2Triangles(23, 25, 24, 0, 25, 6, 24, 0),
	gsSP2Triangles(24, 6, 26, 0, 26, 6, 27, 0),
	gsSP2Triangles(27, 6, 3, 0, 28, 26, 27, 0),
	gsSP2Triangles(28, 27, 10, 0, 27, 29, 10, 0),
	gsSP2Triangles(28, 10, 30, 0, 30, 10, 31, 0),
	gsSPVertex(mario_002_switch_option_head__no_cap__mesh_layer_1_vtx_0 + 64, 32, 0),
	gsSP2Triangles(0, 1, 2, 0, 3, 2, 1, 0),
	gsSP2Triangles(0, 2, 4, 0, 5, 4, 2, 0),
	gsSP2Triangles(6, 0, 4, 0, 7, 0, 6, 0),
	gsSP2Triangles(8, 9, 10, 0, 10, 9, 11, 0),
	gsSP2Triangles(9, 12, 11, 0, 12, 9, 13, 0),
	gsSP2Triangles(9, 14, 13, 0, 14, 9, 15, 0),
	gsSP2Triangles(9, 16, 15, 0, 13, 14, 17, 0),
	gsSP2Triangles(18, 17, 14, 0, 19, 11, 12, 0),
	gsSP2Triangles(20, 21, 22, 0, 21, 20, 23, 0),
	gsSP2Triangles(24, 2, 25, 0, 2, 26, 25, 0),
	gsSP2Triangles(26, 2, 27, 0, 25, 26, 28, 0),
	gsSP2Triangles(26, 29, 30, 0, 26, 30, 31, 0),
	gsSPVertex(mario_002_switch_option_head__no_cap__mesh_layer_1_vtx_0 + 96, 31, 0),
	gsSP2Triangles(0, 1, 2, 0, 3, 4, 5, 0),
	gsSP2Triangles(6, 3, 5, 0, 7, 8, 9, 0),
	gsSP2Triangles(10, 9, 8, 0, 11, 12, 8, 0),
	gsSP2Triangles(12, 13, 8, 0, 12, 14, 13, 0),
	gsSP2Triangles(13, 14, 15, 0, 14, 16, 15, 0),
	gsSP2Triangles(17, 13, 15, 0, 18, 19, 0, 0),
	gsSP2Triangles(16, 19, 18, 0, 20, 21, 22, 0),
	gsSP2Triangles(22, 23, 20, 0, 23, 22, 24, 0),
	gsSP2Triangles(25, 23, 24, 0, 20, 23, 25, 0),
	gsSP2Triangles(25, 26, 20, 0, 25, 27, 26, 0),
	gsSP2Triangles(28, 27, 25, 0, 28, 29, 27, 0),
	gsSP2Triangles(26, 27, 29, 0, 29, 30, 26, 0),
	gsSPEndDisplayList(),
};

Vtx mario_002_switch_option_head__no_cap__mesh_layer_1_vtx_1[76] = {
	{{ {-697, 105, 19}, 0, {700, 1056}, {64, 75, 80, 255} }},
	{{ {-682, 94, 56}, 0, {1077, 884}, {14, 113, 56, 255} }},
	{{ {-627, 92, 57}, 0, {1082, 234}, {23, 96, 80, 255} }},
	{{ {-625, 110, 0}, 0, {497, 219}, {3, 127, 0, 255} }},
	{{ {-688, 108, 0}, 0, {496, 953}, {89, 91, 1, 255} }},
	{{ {-697, 105, -21}, 0, {282, 1056}, {63, 76, 176, 255} }},
	{{ {-625, 110, 0}, 0, {495, 219}, {3, 127, 0, 255} }},
	{{ {-682, 94, -57}, 0, {-96, 884}, {13, 115, 203, 255} }},
	{{ {-627, 92, -55}, 0, {-73, 234}, {23, 104, 187, 255} }},
	{{ {-627, 92, 57}, 0, {1055, 235}, {23, 96, 80, 255} }},
	{{ {-635, 76, 64}, 0, {1136, 330}, {242, 50, 116, 255} }},
	{{ {-635, 76, -70}, 0, {-169, 332}, {250, 58, 143, 255} }},
	{{ {-627, 92, -55}, 0, {-67, 234}, {23, 104, 187, 255} }},
	{{ {-627, 92, 57}, 0, {1082, 234}, {23, 96, 80, 255} }},
	{{ {-611, 101, 25}, 0, {761, 48}, {224, 112, 51, 255} }},
	{{ {-625, 110, 0}, 0, {495, 219}, {3, 127, 0, 255} }},
	{{ {-625, 110, 0}, 0, {497, 219}, {3, 127, 0, 255} }},
	{{ {-611, 101, -27}, 0, {221, 48}, {252, 111, 195, 255} }},
	{{ {-627, 92, -55}, 0, {-74, 233}, {23, 104, 187, 255} }},
	{{ {-769, -56, -33}, 0, {-16, 1008}, {133, 240, 231, 255} }},
	{{ {-753, -78, 0}, 0, {-16, 1008}, {194, 145, 1, 255} }},
	{{ {-769, -56, 32}, 0, {-16, 1008}, {133, 240, 25, 255} }},
	{{ {-795, 64, 0}, 0, {-16, 1008}, {133, 32, 0, 255} }},
	{{ {-784, 57, 42}, 0, {-16, 1008}, {149, 23, 64, 255} }},
	{{ {-742, 12, 83}, 0, {-16, 1008}, {188, 10, 107, 255} }},
	{{ {-742, -46, 64}, 0, {-16, 1008}, {205, 214, 109, 255} }},
	{{ {-719, -9, 110}, 0, {-16, 1008}, {217, 10, 121, 255} }},
	{{ {-683, -20, 110}, 0, {-16, 1008}, {54, 217, 108, 255} }},
	{{ {-688, -33, 69}, 0, {-16, 1008}, {1, 173, 96, 255} }},
	{{ {-655, 7, 82}, 0, {-16, 1008}, {249, 21, 125, 255} }},
	{{ {-679, 9, 82}, 0, {-16, 1008}, {9, 60, 112, 255} }},
	{{ {-742, 51, 78}, 0, {-16, 1008}, {214, 29, 116, 255} }},
	{{ {-752, 108, 0}, 0, {496, 1362}, {138, 47, 255, 255} }},
	{{ {-763, 99, -25}, 0, {205, 1541}, {173, 90, 224, 255} }},
	{{ {-763, 100, 23}, 0, {776, 1541}, {174, 92, 31, 255} }},
	{{ {-795, 64, 0}, 0, {496, 2075}, {133, 32, 0, 255} }},
	{{ {-769, -56, -33}, 0, {-16, 1008}, {133, 240, 231, 255} }},
	{{ {-795, 64, 0}, 0, {-16, 1008}, {133, 32, 0, 255} }},
	{{ {-784, 57, -42}, 0, {-16, 1008}, {148, 23, 193, 255} }},
	{{ {-742, 12, -84}, 0, {-16, 1008}, {189, 10, 149, 255} }},
	{{ {-742, 51, -79}, 0, {-16, 1008}, {213, 28, 140, 255} }},
	{{ {-742, -46, -64}, 0, {-16, 1008}, {205, 213, 148, 255} }},
	{{ {-719, -10, -110}, 0, {-16, 1008}, {217, 9, 135, 255} }},
	{{ {-679, 8, -83}, 0, {-16, 1008}, {10, 56, 143, 255} }},
	{{ {-683, -21, -110}, 0, {-16, 1008}, {54, 217, 148, 255} }},
	{{ {-655, 6, -82}, 0, {-16, 1008}, {251, 16, 130, 255} }},
	{{ {-688, -34, -69}, 0, {-16, 1008}, {0, 174, 159, 255} }},
	{{ {-722, 108, 26}, 0, {-16, 1008}, {16, 48, 116, 255} }},
	{{ {-697, 105, 19}, 0, {-16, 1008}, {64, 75, 80, 255} }},
	{{ {-695, 130, 35}, 0, {-16, 1008}, {72, 230, 102, 255} }},
	{{ {-683, 130, 0}, 0, {-16, 1008}, {126, 241, 1, 255} }},
	{{ {-688, 108, 0}, 0, {-16, 1008}, {89, 91, 1, 255} }},
	{{ {-697, 105, -21}, 0, {-16, 1008}, {63, 76, 176, 255} }},
	{{ {-695, 130, -36}, 0, {-16, 1008}, {72, 230, 155, 255} }},
	{{ {-722, 108, -28}, 0, {-16, 1008}, {15, 51, 140, 255} }},
	{{ {-744, 129, -36}, 0, {-16, 1008}, {191, 228, 151, 255} }},
	{{ {-741, 111, -27}, 0, {-16, 1008}, {182, 46, 163, 255} }},
	{{ {-762, 129, 0}, 0, {-16, 1008}, {132, 230, 0, 255} }},
	{{ {-752, 108, 0}, 0, {-16, 1008}, {138, 47, 255, 255} }},
	{{ {-741, 111, 26}, 0, {-16, 1008}, {186, 47, 95, 255} }},
	{{ {-744, 129, 35}, 0, {-16, 1008}, {192, 229, 106, 255} }},
	{{ {-696, 159, 35}, 0, {-16, 1008}, {61, 61, 93, 255} }},
	{{ {-683, 159, 0}, 0, {-16, 1008}, {117, 49, 0, 255} }},
	{{ {-696, 158, -37}, 0, {-16, 1008}, {61, 58, 161, 255} }},
	{{ {-744, 158, -37}, 0, {-16, 1008}, {199, 59, 159, 255} }},
	{{ {-696, 158, -37}, 0, {-16, 1008}, {61, 58, 161, 255} }},
	{{ {-695, 130, -36}, 0, {-16, 1008}, {72, 230, 155, 255} }},
	{{ {-744, 129, -36}, 0, {-16, 1008}, {191, 228, 151, 255} }},
	{{ {-762, 129, 0}, 0, {-16, 1008}, {132, 230, 0, 255} }},
	{{ {-762, 157, 0}, 0, {-16, 1008}, {139, 50, 1, 255} }},
	{{ {-744, 129, 35}, 0, {-16, 1008}, {192, 229, 106, 255} }},
	{{ {-744, 158, 35}, 0, {-16, 1008}, {199, 60, 96, 255} }},
	{{ {-696, 159, 35}, 0, {-16, 1008}, {61, 61, 93, 255} }},
	{{ {-700, 174, 0}, 0, {-16, 1008}, {38, 121, 0, 255} }},
	{{ {-683, 159, 0}, 0, {-16, 1008}, {117, 49, 0, 255} }},
	{{ {-741, 173, 0}, 0, {-16, 1008}, {218, 121, 1, 255} }},
};

Gfx mario_002_switch_option_head__no_cap__mesh_layer_1_tri_1[] = {
	gsSPVertex(mario_002_switch_option_head__no_cap__mesh_layer_1_vtx_1 + 0, 32, 0),
	gsSP2Triangles(0, 1, 2, 0, 3, 4, 0, 0),
	gsSP2Triangles(5, 4, 6, 0, 7, 5, 8, 0),
	gsSP2Triangles(9, 1, 10, 0, 11, 7, 12, 0),
	gsSP2Triangles(13, 14, 0, 0, 14, 15, 0, 0),
	gsSP2Triangles(5, 16, 17, 0, 5, 17, 18, 0),
	gsSP2Triangles(19, 20, 21, 0, 19, 21, 22, 0),
	gsSP2Triangles(21, 23, 22, 0, 23, 21, 24, 0),
	gsSP2Triangles(21, 25, 24, 0, 26, 24, 25, 0),
	gsSP2Triangles(25, 27, 26, 0, 25, 28, 27, 0),
	gsSP2Triangles(28, 29, 27, 0, 29, 30, 27, 0),
	gsSP2Triangles(26, 27, 30, 0, 24, 26, 30, 0),
	gsSP1Triangle(31, 23, 24, 0),
	gsSPVertex(mario_002_switch_option_head__no_cap__mesh_layer_1_vtx_1 + 32, 32, 0),
	gsSP2Triangles(0, 1, 2, 0, 2, 1, 3, 0),
	gsSP2Triangles(4, 5, 6, 0, 7, 4, 6, 0),
	gsSP2Triangles(7, 6, 8, 0, 7, 9, 4, 0),
	gsSP2Triangles(7, 10, 9, 0, 11, 10, 7, 0),
	gsSP2Triangles(11, 12, 10, 0, 12, 11, 13, 0),
	gsSP2Triangles(12, 13, 14, 0, 14, 9, 12, 0),
	gsSP2Triangles(10, 12, 9, 0, 15, 16, 17, 0),
	gsSP2Triangles(18, 17, 16, 0, 16, 19, 18, 0),
	gsSP2Triangles(18, 19, 20, 0, 20, 21, 18, 0),
	gsSP2Triangles(21, 20, 22, 0, 23, 21, 22, 0),
	gsSP2Triangles(22, 24, 23, 0, 25, 23, 24, 0),
	gsSP2Triangles(24, 26, 25, 0, 25, 26, 27, 0),
	gsSP2Triangles(27, 28, 25, 0, 28, 27, 15, 0),
	gsSP2Triangles(17, 28, 15, 0, 17, 29, 28, 0),
	gsSP2Triangles(29, 17, 18, 0, 30, 29, 18, 0),
	gsSP2Triangles(18, 21, 30, 0, 21, 31, 30, 0),
	gsSPVertex(mario_002_switch_option_head__no_cap__mesh_layer_1_vtx_1 + 64, 12, 0),
	gsSP2Triangles(0, 1, 2, 0, 3, 0, 2, 0),
	gsSP2Triangles(0, 3, 4, 0, 5, 0, 4, 0),
	gsSP2Triangles(4, 6, 5, 0, 6, 7, 5, 0),
	gsSP2Triangles(8, 7, 6, 0, 8, 9, 7, 0),
	gsSP2Triangles(9, 8, 10, 0, 9, 10, 1, 0),
	gsSP2Triangles(0, 9, 1, 0, 0, 11, 9, 0),
	gsSP2Triangles(5, 11, 0, 0, 5, 7, 11, 0),
	gsSP1Triangle(9, 11, 7, 0),
	gsSPEndDisplayList(),
};

Vtx mario_002_switch_option_head__no_cap__mesh_layer_1_vtx_2[16] = {
	{{ {-679, 9, 82}, 0, {931, 530}, {9, 60, 112, 255} }},
	{{ {-655, 7, 82}, 0, {921, 192}, {249, 21, 125, 255} }},
	{{ {-635, 76, 64}, 0, {-458, -50}, {242, 50, 116, 255} }},
	{{ {-655, 6, -82}, 0, {921, 192}, {251, 16, 130, 255} }},
	{{ {-635, 76, -70}, 0, {-430, -53}, {250, 58, 143, 255} }},
	{{ {-626, 47, -77}, 0, {94, -197}, {233, 31, 135, 255} }},
	{{ {-626, 47, 76}, 0, {92, -199}, {244, 43, 119, 255} }},
	{{ {-635, 76, 64}, 0, {-464, -46}, {242, 50, 116, 255} }},
	{{ {-679, 8, -83}, 0, {931, 530}, {10, 56, 143, 255} }},
	{{ {-635, 76, -70}, 0, {-426, -51}, {250, 58, 143, 255} }},
	{{ {-742, 51, 78}, 0, {250, 1472}, {214, 29, 116, 255} }},
	{{ {-742, 12, 83}, 0, {993, 1446}, {188, 10, 107, 255} }},
	{{ {-635, 76, 64}, 0, {-450, -49}, {242, 50, 116, 255} }},
	{{ {-742, 12, -84}, 0, {993, 1446}, {189, 10, 149, 255} }},
	{{ {-742, 51, -79}, 0, {250, 1472}, {213, 28, 140, 255} }},
	{{ {-635, 76, -70}, 0, {-434, -47}, {250, 58, 143, 255} }},
};

Gfx mario_002_switch_option_head__no_cap__mesh_layer_1_tri_2[] = {
	gsSPVertex(mario_002_switch_option_head__no_cap__mesh_layer_1_vtx_2 + 0, 16, 0),
	gsSP2Triangles(0, 1, 2, 0, 3, 4, 5, 0),
	gsSP2Triangles(6, 7, 1, 0, 8, 9, 3, 0),
	gsSP2Triangles(10, 11, 0, 0, 0, 12, 10, 0),
	gsSP2Triangles(8, 13, 14, 0, 14, 15, 8, 0),
	gsSPEndDisplayList(),
};

Vtx mario_002_switch_option_head__no_cap__mesh_layer_1_vtx_3[29] = {
	{{ {-795, 64, 0}, 0, {-9, 1814}, {133, 32, 0, 255} }},
	{{ {-784, 57, 42}, 0, {693, 1453}, {149, 23, 64, 255} }},
	{{ {-763, 100, 23}, 0, {315, 1147}, {174, 92, 31, 255} }},
	{{ {-763, 99, -25}, 0, {315, 1147}, {173, 90, 224, 255} }},
	{{ {-784, 57, -42}, 0, {689, 1454}, {148, 23, 193, 255} }},
	{{ {-795, 64, 0}, 0, {-13, 1815}, {133, 32, 0, 255} }},
	{{ {-682, 94, 56}, 0, {654, -291}, {14, 113, 56, 255} }},
	{{ {-711, 93, 68}, 0, {946, 118}, {3, 84, 96, 255} }},
	{{ {-635, 76, 64}, 0, {457, -946}, {242, 50, 116, 255} }},
	{{ {-697, 105, 19}, 0, {33, 50}, {64, 75, 80, 255} }},
	{{ {-722, 108, 26}, 0, {233, 412}, {16, 48, 116, 255} }},
	{{ {-741, 97, 57}, 0, {826, 588}, {212, 89, 80, 255} }},
	{{ {-741, 111, 26}, 0, {284, 720}, {186, 47, 95, 255} }},
	{{ {-763, 100, 23}, 0, {304, 1065}, {174, 92, 31, 255} }},
	{{ {-752, 108, 0}, 0, {-168, 970}, {138, 47, 255, 255} }},
	{{ {-784, 57, 42}, 0, {701, 1330}, {149, 23, 64, 255} }},
	{{ {-742, 51, 78}, 0, {1241, 576}, {214, 29, 116, 255} }},
	{{ {-635, 76, 64}, 0, {771, -1070}, {242, 50, 116, 255} }},
	{{ {-741, 111, -27}, 0, {284, 720}, {182, 46, 163, 255} }},
	{{ {-763, 99, -25}, 0, {304, 1065}, {173, 90, 224, 255} }},
	{{ {-741, 97, -58}, 0, {826, 588}, {212, 88, 176, 255} }},
	{{ {-722, 108, -28}, 0, {233, 412}, {15, 51, 140, 255} }},
	{{ {-711, 93, -68}, 0, {946, 118}, {1, 86, 162, 255} }},
	{{ {-697, 105, -21}, 0, {33, 50}, {63, 76, 176, 255} }},
	{{ {-682, 94, -57}, 0, {654, -291}, {13, 115, 203, 255} }},
	{{ {-635, 76, -70}, 0, {477, -947}, {250, 58, 143, 255} }},
	{{ {-742, 51, -79}, 0, {1237, 576}, {213, 28, 140, 255} }},
	{{ {-635, 76, -70}, 0, {780, -1068}, {250, 58, 143, 255} }},
	{{ {-784, 57, -42}, 0, {697, 1331}, {148, 23, 193, 255} }},
};

Gfx mario_002_switch_option_head__no_cap__mesh_layer_1_tri_3[] = {
	gsSPVertex(mario_002_switch_option_head__no_cap__mesh_layer_1_vtx_3 + 0, 29, 0),
	gsSP2Triangles(0, 1, 2, 0, 3, 4, 5, 0),
	gsSP2Triangles(6, 7, 8, 0, 9, 7, 6, 0),
	gsSP2Triangles(7, 9, 10, 0, 7, 10, 11, 0),
	gsSP2Triangles(10, 12, 11, 0, 13, 11, 12, 0),
	gsSP2Triangles(13, 12, 14, 0, 15, 11, 13, 0),
	gsSP2Triangles(16, 11, 15, 0, 11, 16, 7, 0),
	gsSP2Triangles(16, 17, 7, 0, 14, 18, 19, 0),
	gsSP2Triangles(18, 20, 19, 0, 20, 18, 21, 0),
	gsSP2Triangles(20, 21, 22, 0, 21, 23, 22, 0),
	gsSP2Triangles(24, 22, 23, 0, 25, 22, 24, 0),
	gsSP2Triangles(22, 26, 20, 0, 22, 27, 26, 0),
	gsSP2Triangles(28, 20, 26, 0, 19, 20, 28, 0),
	gsSPEndDisplayList(),
};

Vtx mario_000_displaylist_001_mesh_layer_4_vtx_0[5] = {
	{{ {0, 0, 1}, 0, {-16, 2032}, {23, 0, 125, 255} }},
	{{ {104, 0, -18}, 0, {1008, 2032}, {23, 0, 125, 255} }},
	{{ {103, 212, -18}, 0, {1008, -16}, {23, 0, 125, 255} }},
	{{ {0, 0, 1}, 0, {-16, 2032}, {23, 0, 125, 255} }},
	{{ {0, 212, 1}, 0, {-16, -16}, {23, 0, 125, 255} }},
};

Gfx mario_000_displaylist_001_mesh_layer_4_tri_0[] = {
	gsSPVertex(mario_000_displaylist_001_mesh_layer_4_vtx_0 + 0, 5, 0),
	gsSP2Triangles(0, 1, 2, 0, 3, 2, 4, 0),
	gsSPEndDisplayList(),
};

Vtx mario_000_displaylist_001_mesh_layer_4_vtx_1[4] = {
	{{ {-103, 212, 19}, 0, {-16, -16}, {23, 0, 125, 255} }},
	{{ {0, 0, 1}, 0, {1008, 2032}, {23, 0, 125, 255} }},
	{{ {0, 212, 1}, 0, {1008, -16}, {23, 0, 125, 255} }},
	{{ {-103, 0, 20}, 0, {-16, 2032}, {23, 0, 125, 255} }},
};

Gfx mario_000_displaylist_001_mesh_layer_4_tri_1[] = {
	gsSPVertex(mario_000_displaylist_001_mesh_layer_4_vtx_1 + 0, 4, 0),
	gsSP2Triangles(0, 1, 2, 0, 0, 3, 1, 0),
	gsSPEndDisplayList(),
};

Vtx mario_000_displaylist_002_mesh_layer_4_vtx_0[4] = {
	{{ {1, -1, 0}, 0, {-16, 2032}, {233, 0, 125, 255} }},
	{{ {105, -1, 20}, 0, {1008, 2032}, {233, 0, 125, 255} }},
	{{ {104, 211, 19}, 0, {1008, -16}, {233, 0, 125, 255} }},
	{{ {1, 211, 1}, 0, {-16, -16}, {233, 0, 125, 255} }},
};

Gfx mario_000_displaylist_002_mesh_layer_4_tri_0[] = {
	gsSPVertex(mario_000_displaylist_002_mesh_layer_4_vtx_0 + 0, 4, 0),
	gsSP2Triangles(0, 1, 2, 0, 0, 2, 3, 0),
	gsSPEndDisplayList(),
};

Vtx mario_000_displaylist_002_mesh_layer_4_vtx_1[4] = {
	{{ {-102, 211, -18}, 0, {-16, -16}, {233, 0, 125, 255} }},
	{{ {-103, -1, -18}, 0, {-16, 2032}, {233, 0, 125, 255} }},
	{{ {1, -1, 0}, 0, {1008, 2032}, {233, 0, 125, 255} }},
	{{ {1, 211, 1}, 0, {1008, -16}, {233, 0, 125, 255} }},
};

Gfx mario_000_displaylist_002_mesh_layer_4_tri_1[] = {
	gsSPVertex(mario_000_displaylist_002_mesh_layer_4_vtx_1 + 0, 4, 0),
	gsSP2Triangles(0, 1, 2, 0, 0, 2, 3, 0),
	gsSPEndDisplayList(),
};

Vtx mario_000_offset_003_mesh_layer_1_vtx_0[27] = {
	{{ {3, -10, -41}, 0, {-16, 1008}, {225, 224, 137, 255} }},
	{{ {67, -8, -31}, 0, {-16, 1008}, {52, 222, 145, 255} }},
	{{ {66, -32, -1}, 0, {-16, 1008}, {50, 139, 253, 255} }},
	{{ {78, -5, -21}, 0, {-16, 1008}, {111, 239, 197, 255} }},
	{{ {67, 29, -18}, 0, {-16, 1008}, {52, 97, 192, 255} }},
	{{ {66, 27, 21}, 0, {-16, 1008}, {50, 90, 74, 255} }},
	{{ {77, 19, 14}, 0, {-16, 1008}, {109, 49, 44, 255} }},
	{{ {67, 29, -18}, 0, {-16, 1008}, {52, 97, 192, 255} }},
	{{ {78, 20, -12}, 0, {-16, 1008}, {111, 53, 225, 255} }},
	{{ {78, 20, -12}, 0, {-16, 1008}, {111, 53, 225, 255} }},
	{{ {77, -22, -1}, 0, {-16, 1008}, {109, 190, 253, 255} }},
	{{ {77, -7, 22}, 0, {-16, 1008}, {106, 233, 66, 255} }},
	{{ {65, -11, 31}, 0, {-16, 1008}, {46, 214, 111, 255} }},
	{{ {66, 27, 21}, 0, {-16, 1008}, {50, 90, 74, 255} }},
	{{ {1, -14, 39}, 0, {-16, 1008}, {217, 215, 114, 255} }},
	{{ {2, 35, 24}, 0, {-16, 1008}, {221, 98, 73, 255} }},
	{{ {3, 36, -24}, 0, {-16, 1008}, {224, 101, 186, 255} }},
	{{ {3, -10, -41}, 0, {-16, 1008}, {225, 224, 137, 255} }},
	{{ {-14, 22, -16}, 0, {-16, 1008}, {149, 55, 215, 255} }},
	{{ {-14, -6, -26}, 0, {-16, 1008}, {149, 239, 190, 255} }},
	{{ {2, -41, -2}, 0, {-16, 1008}, {221, 134, 250, 255} }},
	{{ {78, -5, -21}, 0, {-16, 1008}, {111, 239, 197, 255} }},
	{{ {-16, 22, 14}, 0, {-16, 1008}, {147, 52, 40, 255} }},
	{{ {-16, 22, 14}, 0, {-16, 1008}, {147, 52, 40, 255} }},
	{{ {-16, -23, -3}, 0, {-16, 1008}, {146, 194, 250, 255} }},
	{{ {-16, -8, 22}, 0, {-16, 1008}, {145, 233, 57, 255} }},
	{{ {2, 35, 24}, 0, {-16, 1008}, {221, 98, 73, 255} }},
};

Gfx mario_000_offset_003_mesh_layer_1_tri_0[] = {
	gsSPVertex(mario_000_offset_003_mesh_layer_1_vtx_0 + 0, 27, 0),
	gsSP2Triangles(0, 1, 2, 0, 1, 3, 2, 0),
	gsSP2Triangles(4, 3, 1, 0, 5, 6, 7, 0),
	gsSP2Triangles(6, 8, 7, 0, 7, 9, 3, 0),
	gsSP2Triangles(9, 10, 3, 0, 9, 6, 10, 0),
	gsSP2Triangles(6, 11, 10, 0, 12, 11, 6, 0),
	gsSP2Triangles(12, 6, 13, 0, 14, 12, 13, 0),
	gsSP2Triangles(15, 14, 13, 0, 15, 13, 7, 0),
	gsSP2Triangles(16, 15, 7, 0, 16, 7, 1, 0),
	gsSP2Triangles(17, 16, 1, 0, 17, 18, 16, 0),
	gsSP2Triangles(17, 19, 18, 0, 20, 19, 17, 0),
	gsSP2Triangles(20, 17, 2, 0, 20, 2, 12, 0),
	gsSP2Triangles(2, 10, 12, 0, 21, 10, 2, 0),
	gsSP2Triangles(10, 11, 12, 0, 16, 18, 22, 0),
	gsSP2Triangles(16, 23, 15, 0, 23, 18, 19, 0),
	gsSP2Triangles(19, 24, 23, 0, 20, 24, 19, 0),
	gsSP2Triangles(14, 24, 20, 0, 14, 20, 12, 0),
	gsSP2Triangles(14, 25, 24, 0, 15, 25, 14, 0),
	gsSP2Triangles(24, 25, 23, 0, 26, 23, 25, 0),
	gsSPEndDisplayList(),
};

Vtx mario_000_offset_004_mesh_layer_1_vtx_0[25] = {
	{{ {4, -11, 33}, 0, {-16, 1008}, {220, 213, 114, 255} }},
	{{ {-10, -23, -3}, 0, {-16, 1008}, {153, 182, 249, 255} }},
	{{ {5, -33, -2}, 0, {-16, 1008}, {225, 133, 249, 255} }},
	{{ {70, 26, -16}, 0, {-16, 1008}, {62, 93, 197, 255} }},
	{{ {85, 1, 0}, 0, {-16, 1008}, {127, 0, 3, 255} }},
	{{ {71, -7, -29}, 0, {-16, 1008}, {64, 226, 150, 255} }},
	{{ {70, -29, -1}, 0, {-16, 1008}, {60, 144, 253, 255} }},
	{{ {4, -11, 33}, 0, {-16, 1008}, {220, 213, 114, 255} }},
	{{ {69, -9, 28}, 0, {-16, 1008}, {59, 216, 105, 255} }},
	{{ {69, 25, 20}, 0, {-16, 1008}, {60, 87, 71, 255} }},
	{{ {70, -29, -1}, 0, {-16, 1008}, {60, 144, 253, 255} }},
	{{ {6, -8, -34}, 0, {-16, 1008}, {227, 223, 137, 255} }},
	{{ {-10, -5, -24}, 0, {-16, 1008}, {154, 236, 183, 255} }},
	{{ {-10, 22, -14}, 0, {-16, 1008}, {153, 61, 214, 255} }},
	{{ {6, 31, -20}, 0, {-16, 1008}, {227, 102, 186, 255} }},
	{{ {-10, 21, 14}, 0, {-16, 1008}, {152, 60, 42, 255} }},
	{{ {5, 29, 21}, 0, {-16, 1008}, {224, 97, 75, 255} }},
	{{ {70, 26, -16}, 0, {-16, 1008}, {62, 93, 197, 255} }},
	{{ {69, 25, 20}, 0, {-16, 1008}, {60, 87, 71, 255} }},
	{{ {-11, -6, 21}, 0, {-16, 1008}, {148, 235, 63, 255} }},
	{{ {-10, 21, 14}, 0, {-16, 1008}, {152, 60, 42, 255} }},
	{{ {-10, -23, -3}, 0, {-16, 1008}, {153, 182, 249, 255} }},
	{{ {-10, 22, -14}, 0, {-16, 1008}, {153, 61, 214, 255} }},
	{{ {5, -33, -2}, 0, {-16, 1008}, {225, 133, 249, 255} }},
	{{ {85, 1, 0}, 0, {-16, 1008}, {127, 0, 3, 255} }},
};

Gfx mario_000_offset_004_mesh_layer_1_tri_0[] = {
	gsSPVertex(mario_000_offset_004_mesh_layer_1_vtx_0 + 0, 25, 0),
	gsSP2Triangles(0, 1, 2, 0, 3, 4, 5, 0),
	gsSP2Triangles(5, 4, 6, 0, 7, 8, 9, 0),
	gsSP2Triangles(7, 2, 8, 0, 2, 10, 8, 0),
	gsSP2Triangles(2, 11, 10, 0, 2, 12, 11, 0),
	gsSP2Triangles(11, 12, 13, 0, 11, 13, 14, 0),
	gsSP2Triangles(14, 13, 15, 0, 14, 15, 16, 0),
	gsSP2Triangles(14, 16, 17, 0, 16, 18, 17, 0),
	gsSP2Triangles(16, 7, 18, 0, 16, 19, 7, 0),
	gsSP2Triangles(16, 20, 19, 0, 19, 20, 13, 0),
	gsSP2Triangles(7, 19, 21, 0, 21, 19, 12, 0),
	gsSP2Triangles(19, 22, 12, 0, 23, 21, 12, 0),
	gsSP2Triangles(10, 24, 8, 0, 14, 17, 5, 0),
	gsSP2Triangles(11, 14, 5, 0, 11, 5, 10, 0),
	gsSP2Triangles(18, 4, 17, 0, 8, 4, 18, 0),
	gsSPEndDisplayList(),
};

Vtx mario_000_displaylist_003_mesh_layer_1_vtx_0[30] = {
	{{ {20, -35, -31}, 0, {-16, -16}, {158, 184, 219, 255} }},
	{{ {-11, -11, 4}, 0, {-16, -16}, {139, 206, 3, 255} }},
	{{ {-7, 29, -30}, 0, {-16, -16}, {137, 236, 218, 255} }},
	{{ {30, -55, 14}, 0, {-16, -16}, {162, 172, 14, 255} }},
	{{ {8, -3, 44}, 0, {-16, -16}, {153, 210, 58, 255} }},
	{{ {-15, 48, 16}, 0, {-16, -16}, {130, 245, 14, 255} }},
	{{ {29, -22, -24}, 0, {-16, -16}, {23, 201, 144, 255} }},
	{{ {20, -35, -31}, 0, {-16, -16}, {93, 236, 172, 255} }},
	{{ {-7, 29, -30}, 0, {-16, -16}, {51, 84, 175, 255} }},
	{{ {37, -38, 11}, 0, {-16, -16}, {61, 151, 38, 255} }},
	{{ {61, -42, 15}, 0, {-16, -16}, {6, 138, 47, 255} }},
	{{ {83, -28, -53}, 0, {-16, -16}, {29, 182, 157, 255} }},
	{{ {36, 10, -36}, 0, {-16, -16}, {196, 253, 144, 255} }},
	{{ {7, 27, -23}, 0, {-16, -16}, {251, 68, 149, 255} }},
	{{ {2, 42, 13}, 0, {-16, -16}, {219, 113, 45, 255} }},
	{{ {-15, 48, 16}, 0, {-16, -16}, {46, 115, 28, 255} }},
	{{ {8, -3, 44}, 0, {-16, -16}, {67, 28, 104, 255} }},
	{{ {20, 2, 35}, 0, {-16, -16}, {254, 253, 127, 255} }},
	{{ {30, -55, 14}, 0, {-16, -16}, {117, 212, 24, 255} }},
	{{ {39, 9, 50}, 0, {-16, -16}, {227, 239, 122, 255} }},
	{{ {15, 62, 18}, 0, {-16, -16}, {175, 85, 48, 255} }},
	{{ {62, 84, 16}, 0, {-16, -16}, {21, 121, 33, 255} }},
	{{ {89, 32, 49}, 0, {-16, -16}, {64, 26, 107, 255} }},
	{{ {110, -23, 12}, 0, {-16, -16}, {101, 191, 41, 255} }},
	{{ {103, -3, -38}, 0, {-16, -16}, {105, 253, 185, 255} }},
	{{ {64, 15, -52}, 0, {-16, -16}, {244, 23, 132, 255} }},
	{{ {35, 66, -20}, 0, {-16, -16}, {208, 91, 182, 255} }},
	{{ {60, 58, -29}, 0, {-16, -16}, {23, 85, 164, 255} }},
	{{ {102, 43, -8}, 0, {-16, -16}, {107, 64, 234, 255} }},
	{{ {93, 20, -38}, 0, {-16, -16}, {71, 49, 163, 255} }},
};

Gfx mario_000_displaylist_003_mesh_layer_1_tri_0[] = {
	gsSPVertex(mario_000_displaylist_003_mesh_layer_1_vtx_0 + 0, 30, 0),
	gsSP2Triangles(0, 1, 2, 0, 3, 1, 0, 0),
	gsSP2Triangles(4, 1, 3, 0, 5, 1, 4, 0),
	gsSP2Triangles(2, 1, 5, 0, 6, 7, 8, 0),
	gsSP2Triangles(7, 6, 9, 0, 10, 9, 6, 0),
	gsSP2Triangles(6, 11, 10, 0, 6, 12, 11, 0),
	gsSP2Triangles(6, 13, 12, 0, 8, 13, 6, 0),
	gsSP2Triangles(14, 13, 8, 0, 8, 15, 14, 0),
	gsSP2Triangles(14, 15, 16, 0, 16, 17, 14, 0),
	gsSP2Triangles(9, 17, 16, 0, 16, 18, 9, 0),
	gsSP2Triangles(9, 18, 7, 0, 19, 17, 9, 0),
	gsSP2Triangles(14, 17, 19, 0, 14, 19, 20, 0),
	gsSP2Triangles(19, 21, 20, 0, 19, 22, 21, 0),
	gsSP2Triangles(23, 22, 19, 0, 10, 23, 19, 0),
	gsSP2Triangles(9, 10, 19, 0, 11, 23, 10, 0),
	gsSP2Triangles(11, 24, 23, 0, 25, 24, 11, 0),
	gsSP2Triangles(12, 25, 11, 0, 25, 12, 26, 0),
	gsSP2Triangles(26, 12, 13, 0, 20, 26, 13, 0),
	gsSP2Triangles(13, 14, 20, 0, 26, 20, 21, 0),
	gsSP2Triangles(21, 27, 26, 0, 21, 28, 27, 0),
	gsSP2Triangles(22, 28, 21, 0, 23, 28, 22, 0),
	gsSP2Triangles(24, 28, 23, 0, 29, 28, 24, 0),
	gsSP2Triangles(25, 29, 24, 0, 27, 29, 25, 0),
	gsSP2Triangles(25, 26, 27, 0, 29, 27, 28, 0),
	gsSPEndDisplayList(),
};

Vtx mario_002_switch_option_right_hand_open_mesh_layer_1_vtx_0[42] = {
	{{ {-1306, 3, 26}, 0, {-16, -16}, {74, 52, 89, 255} }},
	{{ {-1288, -46, 12}, 0, {-16, -16}, {117, 221, 35, 255} }},
	{{ {-1282, -32, 6}, 0, {-16, -16}, {55, 168, 73, 255} }},
	{{ {-1295, -39, -31}, 0, {-16, -16}, {99, 221, 184, 255} }},
	{{ {-1288, -27, -27}, 0, {-16, -16}, {16, 178, 157, 255} }},
	{{ {-1318, 14, -43}, 0, {-16, -16}, {50, 60, 156, 255} }},
	{{ {-1307, 15, -37}, 0, {-16, -16}, {224, 28, 136, 255} }},
	{{ {-1311, 35, -9}, 0, {-16, -16}, {206, 114, 24, 255} }},
	{{ {-1325, 40, -8}, 0, {-16, -16}, {43, 120, 0, 255} }},
	{{ {-1297, 5, 17}, 0, {-16, -16}, {6, 27, 124, 255} }},
	{{ {-1282, 16, 28}, 0, {-16, -16}, {222, 13, 122, 255} }},
	{{ {-1263, -34, 10}, 0, {-16, -16}, {255, 159, 82, 255} }},
	{{ {-1267, -37, -36}, 0, {-16, -16}, {216, 157, 187, 255} }},
	{{ {-1283, -1, -44}, 0, {-16, -16}, {223, 226, 137, 255} }},
	{{ {-1297, 29, -52}, 0, {-16, -16}, {219, 30, 139, 255} }},
	{{ {-1302, 53, -9}, 0, {-16, -16}, {172, 92, 23, 255} }},
	{{ {-1238, 89, -20}, 0, {-16, -16}, {240, 126, 248, 255} }},
	{{ {-1231, 41, 21}, 0, {-16, -16}, {20, 40, 119, 255} }},
	{{ {-1225, -17, 10}, 0, {-16, -16}, {67, 193, 88, 255} }},
	{{ {-1219, -47, -37}, 0, {-16, -16}, {75, 164, 212, 255} }},
	{{ {-1232, -18, -48}, 0, {-16, -16}, {45, 3, 137, 255} }},
	{{ {-1282, 41, -41}, 0, {-16, -16}, {245, 65, 148, 255} }},
	{{ {-1230, 59, -34}, 0, {-16, -16}, {246, 22, 131, 255} }},
	{{ {-1189, 70, -42}, 0, {-16, -16}, {51, 65, 159, 255} }},
	{{ {-1187, 73, -21}, 0, {-16, -16}, {76, 95, 34, 255} }},
	{{ {-1167, 34, -7}, 0, {-16, -16}, {116, 247, 52, 255} }},
	{{ {-1175, 28, -40}, 0, {-16, -16}, {80, 216, 166, 255} }},
	{{ {-1219, -6, -27}, 0, {-16, -16}, {100, 227, 184, 255} }},
	{{ {-1239, 10, -36}, 0, {-16, -16}, {52, 29, 144, 255} }},
	{{ {-1306, 3, 26}, 0, {-16, -16}, {168, 240, 90, 255} }},
	{{ {-1302, -38, 7}, 0, {-16, -16}, {167, 176, 42, 255} }},
	{{ {-1288, -46, 12}, 0, {-16, -16}, {185, 161, 45, 255} }},
	{{ {-1306, 3, 26}, 0, {-16, -16}, {168, 240, 90, 255} }},
	{{ {-1314, -3, 17}, 0, {-16, -16}, {152, 226, 66, 255} }},
	{{ {-1302, -38, 7}, 0, {-16, -16}, {167, 176, 42, 255} }},
	{{ {-1328, 22, -7}, 0, {-16, -16}, {131, 0, 22, 255} }},
	{{ {-1325, 40, -8}, 0, {-16, -16}, {132, 22, 17, 255} }},
	{{ {-1318, 14, -43}, 0, {-16, -16}, {145, 244, 195, 255} }},
	{{ {-1323, 4, -32}, 0, {-16, -16}, {141, 222, 214, 255} }},
	{{ {-1307, -33, -23}, 0, {-16, -16}, {159, 179, 226, 255} }},
	{{ {-1295, -39, -31}, 0, {-16, -16}, {181, 164, 212, 255} }},
	{{ {-1288, -46, 12}, 0, {-16, -16}, {185, 161, 45, 255} }},
};

Gfx mario_002_switch_option_right_hand_open_mesh_layer_1_tri_0[] = {
	gsSPVertex(mario_002_switch_option_right_hand_open_mesh_layer_1_vtx_0 + 0, 32, 0),
	gsSP2Triangles(0, 1, 2, 0, 2, 1, 3, 0),
	gsSP2Triangles(3, 4, 2, 0, 4, 3, 5, 0),
	gsSP2Triangles(5, 6, 4, 0, 7, 6, 5, 0),
	gsSP2Triangles(5, 8, 7, 0, 7, 8, 0, 0),
	gsSP2Triangles(0, 9, 7, 0, 2, 9, 0, 0),
	gsSP2Triangles(10, 9, 2, 0, 2, 11, 10, 0),
	gsSP2Triangles(2, 12, 11, 0, 2, 4, 12, 0),
	gsSP2Triangles(4, 13, 12, 0, 4, 6, 13, 0),
	gsSP2Triangles(6, 14, 13, 0, 14, 6, 7, 0),
	gsSP2Triangles(7, 15, 14, 0, 7, 10, 15, 0),
	gsSP2Triangles(7, 9, 10, 0, 10, 16, 15, 0),
	gsSP2Triangles(10, 17, 16, 0, 18, 17, 10, 0),
	gsSP2Triangles(11, 18, 10, 0, 19, 18, 11, 0),
	gsSP2Triangles(11, 12, 19, 0, 19, 12, 20, 0),
	gsSP2Triangles(12, 13, 20, 0, 20, 13, 21, 0),
	gsSP2Triangles(13, 14, 21, 0, 15, 21, 14, 0),
	gsSP2Triangles(21, 15, 16, 0, 16, 22, 21, 0),
	gsSP2Triangles(23, 22, 16, 0, 16, 24, 23, 0),
	gsSP2Triangles(24, 16, 17, 0, 25, 24, 17, 0),
	gsSP2Triangles(18, 25, 17, 0, 26, 25, 18, 0),
	gsSP2Triangles(27, 26, 18, 0, 19, 27, 18, 0),
	gsSP2Triangles(20, 27, 19, 0, 20, 28, 27, 0),
	gsSP2Triangles(20, 21, 28, 0, 21, 22, 28, 0),
	gsSP2Triangles(28, 22, 27, 0, 22, 26, 27, 0),
	gsSP2Triangles(22, 23, 26, 0, 23, 25, 26, 0),
	gsSP2Triangles(24, 25, 23, 0, 29, 30, 31, 0),
	gsSPVertex(mario_002_switch_option_right_hand_open_mesh_layer_1_vtx_0 + 32, 10, 0),
	gsSP2Triangles(0, 1, 2, 0, 3, 1, 0, 0),
	gsSP2Triangles(4, 3, 0, 0, 5, 3, 4, 0),
	gsSP2Triangles(5, 6, 3, 0, 7, 6, 5, 0),
	gsSP2Triangles(8, 7, 5, 0, 2, 7, 8, 0),
	gsSP2Triangles(9, 2, 8, 0, 7, 2, 1, 0),
	gsSP2Triangles(1, 6, 7, 0, 1, 3, 6, 0),
	gsSPEndDisplayList(),
};

Vtx mario_000_offset_006_mesh_layer_1_vtx_0[25] = {
	{{ {-15, -5, 25}, 0, {-16, 1008}, {146, 237, 60, 255} }},
	{{ {-14, -24, 2}, 0, {-16, 1008}, {148, 190, 1, 255} }},
	{{ {3, -41, 2}, 0, {-16, 1008}, {223, 133, 1, 255} }},
	{{ {66, -8, -30}, 0, {-16, 1008}, {52, 220, 146, 255} }},
	{{ {3, -12, -38}, 0, {-16, 1008}, {224, 215, 140, 255} }},
	{{ {66, -31, 2}, 0, {-16, 1008}, {53, 140, 4, 255} }},
	{{ {77, -20, 2}, 0, {-16, 1008}, {111, 194, 1, 255} }},
	{{ {77, -4, -20}, 0, {-16, 1008}, {111, 240, 197, 255} }},
	{{ {76, 21, -12}, 0, {-16, 1008}, {109, 53, 218, 255} }},
	{{ {65, 29, -19}, 0, {-16, 1008}, {49, 93, 184, 255} }},
	{{ {3, -12, -38}, 0, {-16, 1008}, {224, 215, 140, 255} }},
	{{ {65, 31, 20}, 0, {-16, 1008}, {49, 98, 65, 255} }},
	{{ {76, 22, 14}, 0, {-16, 1008}, {110, 52, 37, 255} }},
	{{ {76, -3, 23}, 0, {-16, 1008}, {109, 241, 63, 255} }},
	{{ {65, -7, 34}, 0, {-16, 1008}, {50, 223, 112, 255} }},
	{{ {1, 36, 24}, 0, {-16, 1008}, {218, 100, 69, 255} }},
	{{ {2, 34, -25}, 0, {-16, 1008}, {222, 95, 179, 255} }},
	{{ {65, 29, -19}, 0, {-16, 1008}, {49, 93, 184, 255} }},
	{{ {-14, -7, -23}, 0, {-16, 1008}, {149, 231, 192, 255} }},
	{{ {-15, 21, -15}, 0, {-16, 1008}, {147, 50, 215, 255} }},
	{{ {-14, -24, 2}, 0, {-16, 1008}, {148, 190, 1, 255} }},
	{{ {-15, -5, 25}, 0, {-16, 1008}, {146, 237, 60, 255} }},
	{{ {-15, 23, 15}, 0, {-16, 1008}, {146, 53, 35, 255} }},
	{{ {2, -10, 41}, 0, {-16, 1008}, {221, 220, 117, 255} }},
	{{ {-14, -7, -23}, 0, {-16, 1008}, {149, 231, 192, 255} }},
};

Gfx mario_000_offset_006_mesh_layer_1_tri_0[] = {
	gsSPVertex(mario_000_offset_006_mesh_layer_1_vtx_0 + 0, 25, 0),
	gsSP2Triangles(0, 1, 2, 0, 3, 2, 4, 0),
	gsSP2Triangles(3, 5, 2, 0, 3, 6, 5, 0),
	gsSP2Triangles(3, 7, 6, 0, 8, 7, 3, 0),
	gsSP2Triangles(9, 8, 3, 0, 9, 3, 10, 0),
	gsSP2Triangles(11, 8, 9, 0, 11, 12, 8, 0),
	gsSP2Triangles(13, 12, 11, 0, 14, 13, 11, 0),
	gsSP2Triangles(14, 11, 15, 0, 11, 16, 15, 0),
	gsSP2Triangles(11, 17, 16, 0, 17, 10, 16, 0),
	gsSP2Triangles(10, 18, 16, 0, 18, 19, 16, 0),
	gsSP2Triangles(19, 18, 20, 0, 19, 20, 21, 0),
	gsSP2Triangles(21, 22, 19, 0, 22, 21, 23, 0),
	gsSP2Triangles(23, 21, 2, 0, 5, 23, 2, 0),
	gsSP2Triangles(5, 14, 23, 0, 5, 13, 14, 0),
	gsSP2Triangles(5, 6, 13, 0, 13, 6, 12, 0),
	gsSP2Triangles(6, 8, 12, 0, 6, 7, 8, 0),
	gsSP2Triangles(14, 15, 23, 0, 15, 22, 23, 0),
	gsSP2Triangles(19, 22, 15, 0, 16, 19, 15, 0),
	gsSP2Triangles(2, 20, 10, 0, 20, 24, 10, 0),
	gsSPEndDisplayList(),
};

Vtx mario_000_offset_007_mesh_layer_1_vtx_0[22] = {
	{{ {-11, 19, -13}, 0, {-16, 1008}, {150, 53, 210, 255} }},
	{{ {-11, 20, 15}, 0, {-16, 1008}, {149, 56, 38, 255} }},
	{{ {3, 30, 22}, 0, {-16, 1008}, {220, 100, 70, 255} }},
	{{ {68, -7, 32}, 0, {-16, 1008}, {60, 224, 107, 255} }},
	{{ {68, 28, 19}, 0, {-16, 1008}, {60, 94, 61, 255} }},
	{{ {3, 30, 22}, 0, {-16, 1008}, {220, 100, 70, 255} }},
	{{ {68, 25, -16}, 0, {-16, 1008}, {61, 87, 186, 255} }},
	{{ {84, 2, 4}, 0, {-16, 1008}, {127, 3, 3, 255} }},
	{{ {69, -9, -25}, 0, {-16, 1008}, {64, 219, 153, 255} }},
	{{ {68, 28, 19}, 0, {-16, 1008}, {60, 94, 61, 255} }},
	{{ {3, 28, -19}, 0, {-16, 1008}, {223, 96, 180, 255} }},
	{{ {-11, 19, -13}, 0, {-16, 1008}, {150, 53, 210, 255} }},
	{{ {-10, -7, -21}, 0, {-16, 1008}, {153, 229, 186, 255} }},
	{{ {5, -11, -31}, 0, {-16, 1008}, {227, 212, 140, 255} }},
	{{ {68, 25, -16}, 0, {-16, 1008}, {61, 87, 186, 255} }},
	{{ {68, -7, 32}, 0, {-16, 1008}, {60, 224, 107, 255} }},
	{{ {69, -9, -25}, 0, {-16, 1008}, {64, 219, 153, 255} }},
	{{ {5, -34, 3}, 0, {-16, 1008}, {227, 132, 4, 255} }},
	{{ {69, -28, 3}, 0, {-16, 1008}, {63, 146, 1, 255} }},
	{{ {4, -10, 35}, 0, {-16, 1008}, {224, 219, 117, 255} }},
	{{ {-11, -7, 24}, 0, {-16, 1008}, {151, 234, 67, 255} }},
	{{ {-10, -23, 2}, 0, {-16, 1008}, {153, 181, 255, 255} }},
};

Gfx mario_000_offset_007_mesh_layer_1_tri_0[] = {
	gsSPVertex(mario_000_offset_007_mesh_layer_1_vtx_0 + 0, 22, 0),
	gsSP2Triangles(0, 1, 2, 0, 3, 4, 5, 0),
	gsSP2Triangles(6, 7, 8, 0, 9, 10, 2, 0),
	gsSP2Triangles(10, 11, 2, 0, 12, 11, 10, 0),
	gsSP2Triangles(13, 12, 10, 0, 14, 13, 10, 0),
	gsSP2Triangles(4, 14, 10, 0, 4, 7, 14, 0),
	gsSP2Triangles(15, 7, 4, 0, 14, 16, 13, 0),
	gsSP2Triangles(16, 17, 13, 0, 16, 18, 17, 0),
	gsSP2Triangles(16, 7, 18, 0, 18, 7, 3, 0),
	gsSP2Triangles(18, 3, 19, 0, 3, 2, 19, 0),
	gsSP2Triangles(18, 19, 17, 0, 19, 20, 17, 0),
	gsSP2Triangles(1, 20, 19, 0, 5, 1, 19, 0),
	gsSP2Triangles(20, 1, 12, 0, 1, 11, 12, 0),
	gsSP2Triangles(20, 12, 21, 0, 21, 12, 13, 0),
	gsSP2Triangles(17, 21, 13, 0, 20, 21, 17, 0),
	gsSPEndDisplayList(),
};

Vtx mario_000_displaylist_004_mesh_layer_1_vtx_0[30] = {
	{{ {-10, 29, 36}, 0, {-16, -16}, {45, 80, 88, 255} }},
	{{ {17, -35, 36}, 0, {-16, -16}, {87, 229, 88, 255} }},
	{{ {27, -23, 30}, 0, {-16, -16}, {15, 191, 108, 255} }},
	{{ {35, -37, -6}, 0, {-16, -16}, {61, 154, 212, 255} }},
	{{ {28, -54, -9}, 0, {-16, -16}, {117, 211, 236, 255} }},
	{{ {8, 0, -38}, 0, {-16, -16}, {76, 33, 159, 255} }},
	{{ {19, 3, -28}, 0, {-16, -16}, {12, 1, 130, 255} }},
	{{ {2, 44, -6}, 0, {-16, -16}, {218, 113, 212, 255} }},
	{{ {-15, 50, -9}, 0, {-16, -16}, {45, 117, 235, 255} }},
	{{ {5, 27, 30}, 0, {-16, -16}, {245, 63, 110, 255} }},
	{{ {33, 9, 44}, 0, {-16, -16}, {191, 249, 109, 255} }},
	{{ {79, -30, 61}, 0, {-16, -16}, {25, 178, 97, 255} }},
	{{ {59, -41, -9}, 0, {-16, -16}, {7, 140, 204, 255} }},
	{{ {39, 12, -42}, 0, {-16, -16}, {231, 246, 132, 255} }},
	{{ {14, 63, -9}, 0, {-16, -16}, {177, 88, 210, 255} }},
	{{ {33, 65, 29}, 0, {-16, -16}, {206, 89, 75, 255} }},
	{{ {61, 13, 61}, 0, {-16, -16}, {243, 21, 125, 255} }},
	{{ {100, -5, 47}, 0, {-16, -16}, {103, 249, 73, 255} }},
	{{ {108, -23, -4}, 0, {-16, -16}, {101, 191, 215, 255} }},
	{{ {90, 33, -38}, 0, {-16, -16}, {69, 28, 153, 255} }},
	{{ {62, 84, -5}, 0, {-16, -16}, {23, 122, 228, 255} }},
	{{ {58, 57, 39}, 0, {-16, -16}, {20, 82, 95, 255} }},
	{{ {90, 18, 47}, 0, {-16, -16}, {69, 45, 97, 255} }},
	{{ {101, 42, 19}, 0, {-16, -16}, {107, 62, 28, 255} }},
	{{ {8, 0, -38}, 0, {-16, -16}, {153, 214, 194, 255} }},
	{{ {-12, -9, 1}, 0, {-16, -16}, {139, 208, 246, 255} }},
	{{ {-15, 50, -9}, 0, {-16, -16}, {131, 246, 235, 255} }},
	{{ {28, -54, -9}, 0, {-16, -16}, {160, 175, 236, 255} }},
	{{ {17, -35, 36}, 0, {-16, -16}, {155, 185, 30, 255} }},
	{{ {-10, 29, 36}, 0, {-16, -16}, {134, 235, 30, 255} }},
};

Gfx mario_000_displaylist_004_mesh_layer_1_tri_0[] = {
	gsSPVertex(mario_000_displaylist_004_mesh_layer_1_vtx_0 + 0, 30, 0),
	gsSP2Triangles(0, 1, 2, 0, 3, 2, 1, 0),
	gsSP2Triangles(1, 4, 3, 0, 3, 4, 5, 0),
	gsSP2Triangles(5, 6, 3, 0, 7, 6, 5, 0),
	gsSP2Triangles(5, 8, 7, 0, 7, 8, 0, 0),
	gsSP2Triangles(0, 9, 7, 0, 2, 9, 0, 0),
	gsSP2Triangles(10, 9, 2, 0, 11, 10, 2, 0),
	gsSP2Triangles(12, 11, 2, 0, 2, 3, 12, 0),
	gsSP2Triangles(13, 12, 3, 0, 3, 6, 13, 0),
	gsSP2Triangles(13, 6, 7, 0, 14, 13, 7, 0),
	gsSP2Triangles(14, 7, 9, 0, 15, 14, 9, 0),
	gsSP2Triangles(9, 10, 15, 0, 15, 10, 16, 0),
	gsSP2Triangles(11, 16, 10, 0, 11, 17, 16, 0),
	gsSP2Triangles(18, 17, 11, 0, 12, 18, 11, 0),
	gsSP2Triangles(13, 18, 12, 0, 13, 19, 18, 0),
	gsSP2Triangles(20, 19, 13, 0, 14, 20, 13, 0),
	gsSP2Triangles(20, 14, 15, 0, 15, 21, 20, 0),
	gsSP2Triangles(21, 15, 16, 0, 22, 21, 16, 0),
	gsSP2Triangles(17, 22, 16, 0, 17, 23, 22, 0),
	gsSP2Triangles(18, 23, 17, 0, 19, 23, 18, 0),
	gsSP2Triangles(20, 23, 19, 0, 21, 23, 20, 0),
	gsSP2Triangles(23, 21, 22, 0, 24, 25, 26, 0),
	gsSP2Triangles(27, 25, 24, 0, 28, 25, 27, 0),
	gsSP2Triangles(29, 25, 28, 0, 26, 25, 29, 0),
	gsSPEndDisplayList(),
};

Vtx mario_002_switch_option_left_hand_open_mesh_layer_1_vtx_0[42] = {
	{{ {-2023, 1, -26}, 0, {-16, -16}, {76, 42, 164, 255} }},
	{{ {-2039, 41, 5}, 0, {-16, -16}, {50, 116, 243, 255} }},
	{{ {-2027, 36, 6}, 0, {-16, -16}, {215, 116, 225, 255} }},
	{{ {-2031, 18, 42}, 0, {-16, -16}, {61, 66, 90, 255} }},
	{{ {-2021, 18, 35}, 0, {-16, -16}, {234, 41, 118, 255} }},
	{{ {-2004, -24, 28}, 0, {-16, -16}, {14, 186, 105, 255} }},
	{{ {-2011, -36, 33}, 0, {-16, -16}, {103, 225, 68, 255} }},
	{{ {-2000, -32, -4}, 0, {-16, -16}, {55, 163, 189, 255} }},
	{{ {-2005, -46, -9}, 0, {-16, -16}, {119, 225, 224, 255} }},
	{{ {-2014, 4, -17}, 0, {-16, -16}, {255, 17, 130, 255} }},
	{{ {-2000, 13, -30}, 0, {-16, -16}, {215, 3, 136, 255} }},
	{{ {-2017, 53, 5}, 0, {-16, -16}, {174, 94, 231, 255} }},
	{{ {-2010, 33, 48}, 0, {-16, -16}, {226, 42, 116, 255} }},
	{{ {-1998, 2, 43}, 0, {-16, -16}, {226, 237, 122, 255} }},
	{{ {-1984, -35, 37}, 0, {-16, -16}, {216, 164, 78, 255} }},
	{{ {-1982, -35, -9}, 0, {-16, -16}, {247, 153, 182, 255} }},
	{{ {-1944, -19, -13}, 0, {-16, -16}, {62, 185, 171, 255} }},
	{{ {-1949, 37, -28}, 0, {-16, -16}, {17, 29, 134, 255} }},
	{{ {-1954, 88, 9}, 0, {-16, -16}, {243, 126, 254, 255} }},
	{{ {-1996, 43, 36}, 0, {-16, -16}, {253, 74, 103, 255} }},
	{{ {-1949, -15, 45}, 0, {-16, -16}, {53, 12, 115, 255} }},
	{{ {-1937, -45, 36}, 0, {-16, -16}, {76, 167, 49, 255} }},
	{{ {-1937, -5, 22}, 0, {-16, -16}, {104, 230, 69, 255} }},
	{{ {-1894, 28, 31}, 0, {-16, -16}, {81, 221, 91, 255} }},
	{{ {-1887, 31, -1}, 0, {-16, -16}, {115, 240, 203, 255} }},
	{{ {-1905, 71, 9}, 0, {-16, -16}, {78, 90, 212, 255} }},
	{{ {-1906, 69, 30}, 0, {-16, -16}, {57, 70, 90, 255} }},
	{{ {-1946, 59, 25}, 0, {-16, -16}, {253, 33, 123, 255} }},
	{{ {-1955, 11, 32}, 0, {-16, -16}, {61, 36, 105, 255} }},
	{{ {-2005, -46, -9}, 0, {-16, -16}, {184, 159, 218, 255} }},
	{{ {-2019, -38, -3}, 0, {-16, -16}, {165, 173, 227, 255} }},
	{{ {-2023, 1, -26}, 0, {-16, -16}, {158, 231, 179, 255} }},
	{{ {-2011, -36, 33}, 0, {-16, -16}, {182, 168, 55, 255} }},
	{{ {-2019, -38, -3}, 0, {-16, -16}, {165, 173, 227, 255} }},
	{{ {-2005, -46, -9}, 0, {-16, -16}, {184, 159, 218, 255} }},
	{{ {-2023, -30, 26}, 0, {-16, -16}, {158, 186, 42, 255} }},
	{{ {-2031, 18, 42}, 0, {-16, -16}, {148, 253, 66, 255} }},
	{{ {-2037, 7, 32}, 0, {-16, -16}, {142, 231, 49, 255} }},
	{{ {-2042, 23, 6}, 0, {-16, -16}, {130, 0, 240, 255} }},
	{{ {-2039, 41, 5}, 0, {-16, -16}, {131, 20, 244, 255} }},
	{{ {-2023, 1, -26}, 0, {-16, -16}, {158, 231, 179, 255} }},
	{{ {-2030, -4, -15}, 0, {-16, -16}, {145, 222, 204, 255} }},
};

Gfx mario_002_switch_option_left_hand_open_mesh_layer_1_tri_0[] = {
	gsSPVertex(mario_002_switch_option_left_hand_open_mesh_layer_1_vtx_0 + 0, 32, 0),
	gsSP2Triangles(0, 1, 2, 0, 2, 1, 3, 0),
	gsSP2Triangles(3, 4, 2, 0, 5, 4, 3, 0),
	gsSP2Triangles(3, 6, 5, 0, 7, 5, 6, 0),
	gsSP2Triangles(6, 8, 7, 0, 7, 8, 0, 0),
	gsSP2Triangles(0, 9, 7, 0, 2, 9, 0, 0),
	gsSP2Triangles(10, 9, 2, 0, 11, 10, 2, 0),
	gsSP2Triangles(12, 11, 2, 0, 2, 4, 12, 0),
	gsSP2Triangles(13, 12, 4, 0, 13, 4, 5, 0),
	gsSP2Triangles(14, 13, 5, 0, 14, 5, 7, 0),
	gsSP2Triangles(15, 14, 7, 0, 10, 15, 7, 0),
	gsSP2Triangles(7, 9, 10, 0, 10, 16, 15, 0),
	gsSP2Triangles(10, 17, 16, 0, 18, 17, 10, 0),
	gsSP2Triangles(11, 18, 10, 0, 18, 11, 19, 0),
	gsSP2Triangles(12, 19, 11, 0, 19, 12, 13, 0),
	gsSP2Triangles(19, 13, 20, 0, 20, 13, 14, 0),
	gsSP2Triangles(20, 14, 21, 0, 21, 14, 15, 0),
	gsSP2Triangles(15, 16, 21, 0, 16, 22, 21, 0),
	gsSP2Triangles(16, 23, 22, 0, 16, 24, 23, 0),
	gsSP2Triangles(17, 24, 16, 0, 17, 25, 24, 0),
	gsSP2Triangles(17, 18, 25, 0, 26, 25, 18, 0),
	gsSP2Triangles(18, 27, 26, 0, 19, 27, 18, 0),
	gsSP2Triangles(28, 27, 19, 0, 28, 19, 20, 0),
	gsSP2Triangles(22, 28, 20, 0, 21, 22, 20, 0),
	gsSP2Triangles(22, 27, 28, 0, 22, 23, 27, 0),
	gsSP2Triangles(23, 26, 27, 0, 23, 24, 26, 0),
	gsSP2Triangles(26, 24, 25, 0, 29, 30, 31, 0),
	gsSPVertex(mario_002_switch_option_left_hand_open_mesh_layer_1_vtx_0 + 32, 10, 0),
	gsSP2Triangles(0, 1, 2, 0, 0, 3, 1, 0),
	gsSP2Triangles(4, 3, 0, 0, 4, 5, 3, 0),
	gsSP2Triangles(6, 5, 4, 0, 7, 6, 4, 0),
	gsSP2Triangles(8, 6, 7, 0, 8, 9, 6, 0),
	gsSP2Triangles(1, 9, 8, 0, 9, 1, 3, 0),
	gsSP2Triangles(3, 5, 9, 0, 5, 6, 9, 0),
	gsSPEndDisplayList(),
};

Vtx mario_004_switch_option_left_hand_peace_mesh_layer_1_vtx_0[69] = {
	{{ {-2502, -13, -17}, 0, {-16, -16}, {122, 9, 34, 255} }},
	{{ {-2506, 14, -11}, 0, {-16, -16}, {122, 11, 34, 255} }},
	{{ {-2515, 7, 24}, 0, {-16, -16}, {73, 243, 103, 255} }},
	{{ {-2513, -15, 21}, 0, {-16, -16}, {71, 248, 105, 255} }},
	{{ {-2567, -29, 15}, 0, {-16, -16}, {66, 151, 25, 255} }},
	{{ {-2570, 10, 29}, 0, {-16, -16}, {79, 9, 99, 255} }},
	{{ {-2578, -3, 52}, 0, {-16, -16}, {72, 3, 105, 255} }},
	{{ {-2584, 48, 24}, 0, {-16, -16}, {26, 79, 96, 255} }},
	{{ {-2529, 53, 25}, 0, {-16, -16}, {252, 19, 125, 255} }},
	{{ {-2545, 72, 21}, 0, {-16, -16}, {252, 23, 125, 255} }},
	{{ {-2622, 49, 45}, 0, {-16, -16}, {247, 72, 104, 255} }},
	{{ {-2612, 80, 1}, 0, {-16, -16}, {7, 125, 237, 255} }},
	{{ {-2584, 60, -7}, 0, {-16, -16}, {2, 112, 196, 255} }},
	{{ {-2542, 84, -3}, 0, {-16, -16}, {195, 103, 42, 255} }},
	{{ {-2545, 72, 21}, 0, {-16, -16}, {196, 103, 44, 255} }},
	{{ {-2579, 18, -34}, 0, {-16, -16}, {7, 10, 130, 255} }},
	{{ {-2542, 84, -3}, 0, {-16, -16}, {6, 51, 140, 255} }},
	{{ {-2522, 59, -8}, 0, {-16, -16}, {23, 42, 138, 255} }},
	{{ {-2635, 7, -37}, 0, {-16, -16}, {223, 249, 133, 255} }},
	{{ {-2574, -22, -18}, 0, {-16, -16}, {26, 168, 168, 255} }},
	{{ {-2502, -13, -17}, 0, {-16, -16}, {30, 7, 133, 255} }},
	{{ {-2506, 14, -11}, 0, {-16, -16}, {39, 32, 139, 255} }},
	{{ {-2612, -47, -5}, 0, {-16, -16}, {3, 138, 209, 255} }},
	{{ {-2636, -43, 0}, 0, {-16, -16}, {51, 149, 211, 255} }},
	{{ {-2623, -29, 52}, 0, {-16, -16}, {231, 188, 104, 255} }},
	{{ {-2580, -34, 39}, 0, {-16, -16}, {61, 166, 65, 255} }},
	{{ {-2513, -15, 21}, 0, {-16, -16}, {21, 131, 246, 255} }},
	{{ {-2502, -13, -17}, 0, {-16, -16}, {16, 130, 254, 255} }},
	{{ {-2650, 30, 41}, 0, {-16, -16}, {201, 46, 105, 255} }},
	{{ {-2660, 58, -2}, 0, {-16, -16}, {175, 93, 226, 255} }},
	{{ {-2672, 38, 0}, 0, {-16, -16}, {217, 114, 216, 255} }},
	{{ {-2654, -1, -22}, 0, {-16, -16}, {4, 4, 129, 255} }},
	{{ {-2666, -5, -33}, 0, {-16, -16}, {74, 38, 160, 255} }},
	{{ {-2654, -1, -22}, 0, {-16, -16}, {4, 4, 129, 255} }},
	{{ {-2636, -43, 0}, 0, {-16, -16}, {51, 149, 211, 255} }},
	{{ {-2644, -59, -3}, 0, {-16, -16}, {113, 205, 229, 255} }},
	{{ {-2645, -29, 36}, 0, {-16, -16}, {23, 197, 110, 255} }},
	{{ {-2623, -29, 52}, 0, {-16, -16}, {231, 188, 104, 255} }},
	{{ {-2650, 30, 41}, 0, {-16, -16}, {201, 46, 105, 255} }},
	{{ {-2668, 21, 37}, 0, {-16, -16}, {5, 68, 107, 255} }},
	{{ {-2672, 38, 0}, 0, {-16, -16}, {217, 114, 216, 255} }},
	{{ {-2660, 58, -2}, 0, {-16, -16}, {175, 93, 226, 255} }},
	{{ {-2683, 23, 43}, 0, {-16, -16}, {43, 84, 85, 255} }},
	{{ {-2653, -39, 42}, 0, {-16, -16}, {91, 234, 86, 255} }},
	{{ {-2690, 43, -3}, 0, {-16, -16}, {39, 118, 232, 255} }},
	{{ {-2522, 59, -8}, 0, {-16, -16}, {94, 75, 41, 255} }},
	{{ {-2542, 84, -3}, 0, {-16, -16}, {97, 68, 46, 255} }},
	{{ {-2545, 72, 21}, 0, {-16, -16}, {93, 76, 40, 255} }},
	{{ {-2529, 53, 25}, 0, {-16, -16}, {90, 83, 34, 255} }},
	{{ {-2644, -59, -3}, 0, {-16, -16}, {192, 149, 232, 255} }},
	{{ {-2676, -12, -20}, 0, {-16, -16}, {155, 208, 196, 255} }},
	{{ {-2666, -5, -33}, 0, {-16, -16}, {170, 220, 170, 255} }},
	{{ {-2662, -49, 0}, 0, {-16, -16}, {171, 165, 230, 255} }},
	{{ {-2653, -39, 42}, 0, {-16, -16}, {189, 172, 68, 255} }},
	{{ {-2668, -35, 32}, 0, {-16, -16}, {164, 184, 50, 255} }},
	{{ {-2683, 23, 43}, 0, {-16, -16}, {146, 1, 64, 255} }},
	{{ {-2689, 9, 33}, 0, {-16, -16}, {141, 230, 47, 255} }},
	{{ {-2690, 43, -3}, 0, {-16, -16}, {133, 17, 230, 255} }},
	{{ {-2693, 24, 0}, 0, {-16, -16}, {132, 251, 229, 255} }},
	{{ {-2563, 17, 3}, 0, {-16, -16}, {119, 44, 3, 255} }},
	{{ {-2570, 10, 29}, 0, {-16, -16}, {110, 48, 42, 255} }},
	{{ {-2515, 7, 24}, 0, {-16, -16}, {12, 123, 30, 255} }},
	{{ {-2529, 53, 25}, 0, {-16, -16}, {91, 168, 3, 255} }},
	{{ {-2522, 59, -8}, 0, {-16, -16}, {89, 166, 245, 255} }},
	{{ {-2522, 59, -8}, 0, {-16, -16}, {89, 166, 245, 255} }},
	{{ {-2563, 17, 3}, 0, {-16, -16}, {119, 44, 3, 255} }},
	{{ {-2579, 18, -34}, 0, {-16, -16}, {112, 37, 209, 255} }},
	{{ {-2506, 14, -11}, 0, {-16, -16}, {11, 125, 19, 255} }},
	{{ {-2515, 7, 24}, 0, {-16, -16}, {12, 123, 30, 255} }},
};

Gfx mario_004_switch_option_left_hand_peace_mesh_layer_1_tri_0[] = {
	gsSPVertex(mario_004_switch_option_left_hand_peace_mesh_layer_1_vtx_0 + 0, 32, 0),
	gsSP2Triangles(0, 1, 2, 0, 0, 2, 3, 0),
	gsSP2Triangles(4, 3, 2, 0, 4, 2, 5, 0),
	gsSP2Triangles(4, 5, 6, 0, 5, 7, 6, 0),
	gsSP2Triangles(7, 5, 8, 0, 8, 9, 7, 0),
	gsSP2Triangles(6, 7, 10, 0, 10, 7, 11, 0),
	gsSP2Triangles(11, 7, 12, 0, 12, 7, 13, 0),
	gsSP2Triangles(7, 14, 13, 0, 11, 12, 15, 0),
	gsSP2Triangles(16, 15, 12, 0, 15, 16, 17, 0),
	gsSP2Triangles(11, 15, 18, 0, 18, 15, 19, 0),
	gsSP2Triangles(20, 19, 15, 0, 15, 21, 20, 0),
	gsSP2Triangles(22, 18, 19, 0, 18, 22, 23, 0),
	gsSP2Triangles(22, 24, 23, 0, 24, 22, 25, 0),
	gsSP2Triangles(4, 25, 22, 0, 4, 22, 19, 0),
	gsSP2Triangles(19, 26, 4, 0, 26, 19, 27, 0),
	gsSP2Triangles(25, 4, 6, 0, 25, 6, 24, 0),
	gsSP2Triangles(24, 6, 10, 0, 24, 10, 28, 0),
	gsSP2Triangles(10, 29, 28, 0, 10, 11, 29, 0),
	gsSP2Triangles(29, 11, 18, 0, 29, 18, 30, 0),
	gsSP2Triangles(18, 31, 30, 0, 23, 31, 18, 0),
	gsSPVertex(mario_004_switch_option_left_hand_peace_mesh_layer_1_vtx_0 + 32, 32, 0),
	gsSP2Triangles(0, 1, 2, 0, 0, 2, 3, 0),
	gsSP2Triangles(3, 2, 4, 0, 5, 4, 2, 0),
	gsSP2Triangles(4, 5, 6, 0, 7, 4, 6, 0),
	gsSP2Triangles(8, 7, 6, 0, 6, 9, 8, 0),
	gsSP2Triangles(10, 7, 8, 0, 11, 7, 10, 0),
	gsSP2Triangles(11, 4, 7, 0, 3, 4, 11, 0),
	gsSP2Triangles(10, 8, 12, 0, 12, 8, 1, 0),
	gsSP2Triangles(12, 1, 0, 0, 13, 14, 15, 0),
	gsSP2Triangles(15, 16, 13, 0, 17, 18, 19, 0),
	gsSP2Triangles(17, 20, 18, 0, 21, 20, 17, 0),
	gsSP2Triangles(21, 22, 20, 0, 23, 22, 21, 0),
	gsSP2Triangles(23, 24, 22, 0, 25, 24, 23, 0),
	gsSP2Triangles(25, 26, 24, 0, 19, 26, 25, 0),
	gsSP2Triangles(19, 18, 26, 0, 24, 26, 18, 0),
	gsSP2Triangles(22, 24, 18, 0, 18, 20, 22, 0),
	gsSP2Triangles(27, 28, 29, 0, 30, 28, 27, 0),
	gsSP1Triangle(30, 27, 31, 0),
	gsSPVertex(mario_004_switch_option_left_hand_peace_mesh_layer_1_vtx_0 + 64, 5, 0),
	gsSP2Triangles(0, 1, 2, 0, 3, 2, 1, 0),
	gsSP1Triangle(1, 4, 3, 0),
	gsSPEndDisplayList(),
};

Vtx mario_005_switch_option_left_hand_cap_mesh_layer_1_vtx_0[37] = {
	{{ {-3175, 47, -1}, 0, {1088, 212}, {228, 92, 174, 255} }},
	{{ {-3199, -19, -33}, 0, {458, 16}, {206, 14, 140, 255} }},
	{{ {-3228, 11, 40}, 0, {756, 802}, {210, 64, 157, 255} }},
	{{ {-3236, -52, 35}, 0, {180, 784}, {198, 219, 149, 255} }},
	{{ {-3192, -92, -11}, 0, {-164, 172}, {208, 185, 162, 255} }},
	{{ {-3114, 11, -2}, 0, {-16, -16}, {83, 34, 166, 255} }},
	{{ {-3199, -19, -33}, 0, {-16, -16}, {206, 14, 140, 255} }},
	{{ {-3175, 47, -1}, 0, {-16, -16}, {228, 92, 174, 255} }},
	{{ {-3124, -72, -8}, 0, {-16, -16}, {74, 217, 160, 255} }},
	{{ {-3060, 29, 128}, 0, {-16, -16}, {113, 41, 214, 255} }},
	{{ {-3123, 100, 86}, 0, {-16, -16}, {20, 123, 233, 255} }},
	{{ {-3177, 65, 103}, 0, {-16, -16}, {164, 77, 41, 255} }},
	{{ {-3228, 11, 40}, 0, {-16, -16}, {210, 64, 157, 255} }},
	{{ {-3261, 49, 53}, 0, {-16, -16}, {177, 100, 254, 255} }},
	{{ {-3288, -13, 33}, 0, {-16, -16}, {135, 18, 220, 255} }},
	{{ {-3236, -52, 35}, 0, {-16, -16}, {198, 219, 149, 255} }},
	{{ {-3277, -82, 43}, 0, {-16, -16}, {156, 179, 241, 255} }},
	{{ {-3200, -124, 90}, 0, {-16, -16}, {152, 187, 23, 255} }},
	{{ {-3192, -92, -11}, 0, {-16, -16}, {208, 185, 162, 255} }},
	{{ {-3155, -168, 67}, 0, {-16, -16}, {247, 136, 216, 255} }},
	{{ {-3078, -121, 117}, 0, {-16, -16}, {101, 196, 207, 255} }},
	{{ {-3125, -167, 138}, 0, {-16, -16}, {8, 132, 27, 255} }},
	{{ {-3033, -105, 188}, 0, {-16, -16}, {109, 197, 30, 255} }},
	{{ {-3021, -6, 196}, 0, {-16, -16}, {118, 27, 38, 255} }},
	{{ {-3095, 81, 156}, 0, {-16, -16}, {38, 113, 44, 255} }},
	{{ {-3078, 1, 228}, 0, {-16, -16}, {252, 33, 122, 255} }},
	{{ {-3114, 42, 190}, 0, {-16, -16}, {196, 54, 98, 255} }},
	{{ {-3146, 65, 148}, 0, {-16, -16}, {176, 67, 72, 255} }},
	{{ {-3090, -104, 220}, 0, {-16, -16}, {244, 207, 116, 255} }},
	{{ {-3135, -129, 178}, 0, {-16, -16}, {182, 205, 90, 255} }},
	{{ {-3169, -137, 134}, 0, {-16, -16}, {163, 199, 65, 255} }},
	{{ {-3241, -53, 55}, 0, {-16, -16}, {187, 8, 106, 255} }},
	{{ {-3241, -53, 55}, 0, {-16, -16}, {187, 8, 106, 255} }},
	{{ {-3233, 11, 60}, 0, {-16, -16}, {188, 250, 107, 255} }},
	{{ {-3288, -13, 33}, 0, {-16, -16}, {135, 18, 220, 255} }},
	{{ {-3261, 49, 53}, 0, {-16, -16}, {177, 100, 254, 255} }},
	{{ {-3177, 65, 103}, 0, {-16, -16}, {164, 77, 41, 255} }},
};

Gfx mario_005_switch_option_left_hand_cap_mesh_layer_1_tri_0[] = {
	gsSPVertex(mario_005_switch_option_left_hand_cap_mesh_layer_1_vtx_0 + 0, 32, 0),
	gsSP2Triangles(0, 1, 2, 0, 1, 3, 2, 0),
	gsSP2Triangles(1, 4, 3, 0, 5, 6, 7, 0),
	gsSP2Triangles(8, 6, 5, 0, 8, 5, 9, 0),
	gsSP2Triangles(5, 10, 9, 0, 7, 10, 5, 0),
	gsSP2Triangles(10, 7, 11, 0, 12, 11, 7, 0),
	gsSP2Triangles(12, 13, 11, 0, 12, 14, 13, 0),
	gsSP2Triangles(15, 14, 12, 0, 16, 14, 15, 0),
	gsSP2Triangles(16, 15, 17, 0, 18, 17, 15, 0),
	gsSP2Triangles(17, 18, 19, 0, 8, 19, 18, 0),
	gsSP2Triangles(18, 6, 8, 0, 20, 19, 8, 0),
	gsSP2Triangles(19, 20, 21, 0, 20, 22, 21, 0),
	gsSP2Triangles(23, 22, 20, 0, 20, 9, 23, 0),
	gsSP2Triangles(20, 8, 9, 0, 24, 23, 9, 0),
	gsSP2Triangles(25, 23, 24, 0, 25, 24, 26, 0),
	gsSP2Triangles(26, 24, 27, 0, 27, 24, 10, 0),
	gsSP2Triangles(24, 9, 10, 0, 10, 11, 27, 0),
	gsSP2Triangles(22, 23, 25, 0, 28, 22, 25, 0),
	gsSP2Triangles(21, 22, 28, 0, 29, 21, 28, 0),
	gsSP2Triangles(30, 21, 29, 0, 19, 21, 30, 0),
	gsSP2Triangles(17, 19, 30, 0, 31, 16, 17, 0),
	gsSP1Triangle(31, 14, 16, 0),
	gsSPVertex(mario_005_switch_option_left_hand_cap_mesh_layer_1_vtx_0 + 32, 5, 0),
	gsSP2Triangles(0, 1, 2, 0, 3, 2, 1, 0),
	gsSP1Triangle(4, 3, 1, 0),
	gsSPEndDisplayList(),
};

Vtx mario_005_switch_option_left_hand_cap_mesh_layer_1_vtx_1[10] = {
	{{ {-3241, -53, 55}, 0, {-16, -16}, {187, 8, 106, 255} }},
	{{ {-3200, -124, 90}, 0, {-16, -16}, {152, 187, 23, 255} }},
	{{ {-3169, -137, 134}, 0, {-16, -16}, {163, 199, 65, 255} }},
	{{ {-3233, 11, 60}, 0, {-16, -16}, {188, 250, 107, 255} }},
	{{ {-3177, 65, 103}, 0, {-16, -16}, {164, 77, 41, 255} }},
	{{ {-3146, 65, 148}, 0, {-16, -16}, {176, 67, 72, 255} }},
	{{ {-3114, 42, 190}, 0, {-16, -16}, {196, 54, 98, 255} }},
	{{ {-3135, -129, 178}, 0, {-16, -16}, {182, 205, 90, 255} }},
	{{ {-3090, -104, 220}, 0, {-16, -16}, {244, 207, 116, 255} }},
	{{ {-3078, 1, 228}, 0, {-16, -16}, {252, 33, 122, 255} }},
};

Gfx mario_005_switch_option_left_hand_cap_mesh_layer_1_tri_1[] = {
	gsSPVertex(mario_005_switch_option_left_hand_cap_mesh_layer_1_vtx_1 + 0, 10, 0),
	gsSP2Triangles(0, 1, 2, 0, 3, 0, 2, 0),
	gsSP2Triangles(4, 3, 2, 0, 5, 4, 2, 0),
	gsSP2Triangles(6, 5, 2, 0, 6, 2, 7, 0),
	gsSP2Triangles(6, 7, 8, 0, 8, 9, 6, 0),
	gsSPEndDisplayList(),
};

Vtx mario_005_switch_option_left_hand_cap_mesh_layer_1_vtx_2[25] = {
	{{ {-3305, 24, 35}, 0, {-16, -16}, {248, 63, 110, 255} }},
	{{ {-3277, 7, 48}, 0, {-16, -16}, {192, 249, 110, 255} }},
	{{ {-3277, 62, 34}, 0, {-16, -16}, {206, 89, 75, 255} }},
	{{ {-3283, -25, 35}, 0, {-16, -16}, {16, 192, 109, 255} }},
	{{ {-3319, 26, 41}, 0, {-16, -16}, {199, 53, 101, 255} }},
	{{ {-3308, 41, 0}, 0, {-16, -16}, {221, 115, 215, 255} }},
	{{ {-3295, 60, -3}, 0, {-16, -16}, {178, 89, 210, 255} }},
	{{ {-3248, 81, 0}, 0, {-16, -16}, {24, 121, 227, 255} }},
	{{ {-3252, 54, 44}, 0, {-16, -16}, {21, 81, 96, 255} }},
	{{ {-3250, 11, 65}, 0, {-16, -16}, {241, 19, 125, 255} }},
	{{ {-3231, -32, 65}, 0, {-16, -16}, {25, 178, 97, 255} }},
	{{ {-3251, -43, -3}, 0, {-16, -16}, {7, 140, 205, 255} }},
	{{ {-3275, -39, 0}, 0, {-16, -16}, {61, 152, 215, 255} }},
	{{ {-3293, -37, 41}, 0, {-16, -16}, {251, 177, 99, 255} }},
	{{ {-3321, -12, 7}, 0, {-16, -16}, {139, 207, 248, 255} }},
	{{ {-3325, 47, -4}, 0, {-16, -16}, {189, 101, 217, 255} }},
	{{ {-3302, -3, -32}, 0, {-16, -16}, {237, 249, 131, 255} }},
	{{ {-3290, 1, -22}, 0, {-16, -16}, {4, 255, 129, 255} }},
	{{ {-3271, 9, -36}, 0, {-16, -16}, {230, 245, 132, 255} }},
	{{ {-3221, 30, -32}, 0, {-16, -16}, {69, 28, 153, 255} }},
	{{ {-3210, 39, 24}, 0, {-16, -16}, {108, 61, 28, 255} }},
	{{ {-3221, 15, 52}, 0, {-16, -16}, {68, 45, 98, 255} }},
	{{ {-3211, -8, 52}, 0, {-16, -16}, {103, 249, 74, 255} }},
	{{ {-3203, -25, 1}, 0, {-16, -16}, {101, 191, 214, 255} }},
	{{ {-3282, -55, -4}, 0, {-16, -16}, {27, 139, 216, 255} }},
};

Gfx mario_005_switch_option_left_hand_cap_mesh_layer_1_tri_2[] = {
	gsSPVertex(mario_005_switch_option_left_hand_cap_mesh_layer_1_vtx_2 + 0, 25, 0),
	gsSP2Triangles(0, 1, 2, 0, 1, 0, 3, 0),
	gsSP2Triangles(3, 0, 4, 0, 4, 0, 5, 0),
	gsSP2Triangles(6, 5, 0, 0, 2, 6, 0, 0),
	gsSP2Triangles(7, 6, 2, 0, 2, 8, 7, 0),
	gsSP2Triangles(8, 2, 9, 0, 2, 1, 9, 0),
	gsSP2Triangles(10, 9, 1, 0, 10, 1, 3, 0),
	gsSP2Triangles(11, 10, 3, 0, 3, 12, 11, 0),
	gsSP2Triangles(12, 3, 13, 0, 4, 13, 3, 0),
	gsSP2Triangles(4, 14, 13, 0, 15, 14, 4, 0),
	gsSP2Triangles(5, 15, 4, 0, 16, 15, 5, 0),
	gsSP2Triangles(5, 17, 16, 0, 18, 17, 5, 0),
	gsSP2Triangles(6, 18, 5, 0, 6, 7, 18, 0),
	gsSP2Triangles(7, 19, 18, 0, 7, 20, 19, 0),
	gsSP2Triangles(8, 20, 7, 0, 20, 8, 21, 0),
	gsSP2Triangles(21, 8, 9, 0, 22, 21, 9, 0),
	gsSP2Triangles(10, 22, 9, 0, 23, 22, 10, 0),
	gsSP2Triangles(11, 23, 10, 0, 18, 23, 11, 0),
	gsSP2Triangles(18, 11, 12, 0, 12, 17, 18, 0),
	gsSP2Triangles(16, 17, 12, 0, 12, 24, 16, 0),
	gsSP2Triangles(13, 24, 12, 0, 13, 14, 24, 0),
	gsSP2Triangles(24, 14, 16, 0, 16, 14, 15, 0),
	gsSP2Triangles(18, 19, 23, 0, 19, 20, 23, 0),
	gsSP2Triangles(23, 20, 22, 0, 22, 20, 21, 0),
	gsSPEndDisplayList(),
};

Vtx mario_006_switch_option_left_hand_wing_cap_mesh_layer_1_vtx_0[37] = {
	{{ {131, 47, -1}, 0, {1088, 212}, {228, 92, 174, 255} }},
	{{ {107, -19, -33}, 0, {458, 16}, {206, 14, 140, 255} }},
	{{ {78, 11, 40}, 0, {756, 802}, {210, 64, 157, 255} }},
	{{ {70, -52, 35}, 0, {180, 784}, {198, 219, 149, 255} }},
	{{ {114, -92, -11}, 0, {-164, 172}, {208, 185, 162, 255} }},
	{{ {192, 11, -2}, 0, {-16, -16}, {83, 34, 166, 255} }},
	{{ {107, -19, -33}, 0, {-16, -16}, {206, 14, 140, 255} }},
	{{ {131, 47, -1}, 0, {-16, -16}, {228, 92, 174, 255} }},
	{{ {182, -72, -8}, 0, {-16, -16}, {74, 217, 160, 255} }},
	{{ {246, 29, 128}, 0, {-16, -16}, {113, 41, 214, 255} }},
	{{ {183, 100, 86}, 0, {-16, -16}, {20, 123, 233, 255} }},
	{{ {129, 65, 103}, 0, {-16, -16}, {164, 77, 41, 255} }},
	{{ {78, 11, 40}, 0, {-16, -16}, {210, 64, 157, 255} }},
	{{ {45, 49, 53}, 0, {-16, -16}, {177, 100, 254, 255} }},
	{{ {18, -13, 33}, 0, {-16, -16}, {135, 18, 220, 255} }},
	{{ {70, -52, 35}, 0, {-16, -16}, {198, 219, 149, 255} }},
	{{ {29, -82, 43}, 0, {-16, -16}, {156, 179, 241, 255} }},
	{{ {106, -124, 90}, 0, {-16, -16}, {152, 187, 23, 255} }},
	{{ {114, -92, -11}, 0, {-16, -16}, {208, 185, 162, 255} }},
	{{ {151, -168, 67}, 0, {-16, -16}, {247, 136, 216, 255} }},
	{{ {228, -121, 117}, 0, {-16, -16}, {101, 196, 207, 255} }},
	{{ {181, -167, 138}, 0, {-16, -16}, {8, 132, 27, 255} }},
	{{ {273, -105, 188}, 0, {-16, -16}, {109, 197, 30, 255} }},
	{{ {285, -6, 196}, 0, {-16, -16}, {118, 27, 38, 255} }},
	{{ {211, 81, 156}, 0, {-16, -16}, {38, 113, 44, 255} }},
	{{ {228, 1, 228}, 0, {-16, -16}, {252, 33, 122, 255} }},
	{{ {192, 42, 190}, 0, {-16, -16}, {196, 54, 98, 255} }},
	{{ {160, 65, 148}, 0, {-16, -16}, {176, 67, 72, 255} }},
	{{ {216, -104, 220}, 0, {-16, -16}, {244, 207, 116, 255} }},
	{{ {171, -129, 178}, 0, {-16, -16}, {182, 205, 90, 255} }},
	{{ {137, -137, 134}, 0, {-16, -16}, {163, 199, 65, 255} }},
	{{ {65, -53, 55}, 0, {-16, -16}, {187, 8, 106, 255} }},
	{{ {65, -53, 55}, 0, {-16, -16}, {187, 8, 106, 255} }},
	{{ {73, 11, 60}, 0, {-16, -16}, {188, 250, 107, 255} }},
	{{ {18, -13, 33}, 0, {-16, -16}, {135, 18, 220, 255} }},
	{{ {45, 49, 53}, 0, {-16, -16}, {177, 100, 254, 255} }},
	{{ {129, 65, 103}, 0, {-16, -16}, {164, 77, 41, 255} }},
};

Gfx mario_006_switch_option_left_hand_wing_cap_mesh_layer_1_tri_0[] = {
	gsSPVertex(mario_006_switch_option_left_hand_wing_cap_mesh_layer_1_vtx_0 + 0, 32, 0),
	gsSP2Triangles(0, 1, 2, 0, 1, 3, 2, 0),
	gsSP2Triangles(1, 4, 3, 0, 5, 6, 7, 0),
	gsSP2Triangles(8, 6, 5, 0, 8, 5, 9, 0),
	gsSP2Triangles(5, 10, 9, 0, 7, 10, 5, 0),
	gsSP2Triangles(10, 7, 11, 0, 12, 11, 7, 0),
	gsSP2Triangles(12, 13, 11, 0, 12, 14, 13, 0),
	gsSP2Triangles(15, 14, 12, 0, 16, 14, 15, 0),
	gsSP2Triangles(16, 15, 17, 0, 18, 17, 15, 0),
	gsSP2Triangles(17, 18, 19, 0, 8, 19, 18, 0),
	gsSP2Triangles(18, 6, 8, 0, 20, 19, 8, 0),
	gsSP2Triangles(19, 20, 21, 0, 20, 22, 21, 0),
	gsSP2Triangles(23, 22, 20, 0, 20, 9, 23, 0),
	gsSP2Triangles(20, 8, 9, 0, 24, 23, 9, 0),
	gsSP2Triangles(25, 23, 24, 0, 25, 24, 26, 0),
	gsSP2Triangles(26, 24, 27, 0, 27, 24, 10, 0),
	gsSP2Triangles(24, 9, 10, 0, 10, 11, 27, 0),
	gsSP2Triangles(22, 23, 25, 0, 28, 22, 25, 0),
	gsSP2Triangles(21, 22, 28, 0, 29, 21, 28, 0),
	gsSP2Triangles(30, 21, 29, 0, 19, 21, 30, 0),
	gsSP2Triangles(17, 19, 30, 0, 31, 16, 17, 0),
	gsSP1Triangle(31, 14, 16, 0),
	gsSPVertex(mario_006_switch_option_left_hand_wing_cap_mesh_layer_1_vtx_0 + 32, 5, 0),
	gsSP2Triangles(0, 1, 2, 0, 3, 2, 1, 0),
	gsSP1Triangle(4, 3, 1, 0),
	gsSPEndDisplayList(),
};

Vtx mario_006_switch_option_left_hand_wing_cap_mesh_layer_1_vtx_1[10] = {
	{{ {65, -53, 55}, 0, {-16, -16}, {187, 8, 106, 255} }},
	{{ {106, -124, 90}, 0, {-16, -16}, {152, 187, 23, 255} }},
	{{ {137, -137, 134}, 0, {-16, -16}, {163, 199, 65, 255} }},
	{{ {73, 11, 60}, 0, {-16, -16}, {188, 250, 107, 255} }},
	{{ {129, 65, 103}, 0, {-16, -16}, {164, 77, 41, 255} }},
	{{ {160, 65, 148}, 0, {-16, -16}, {176, 67, 72, 255} }},
	{{ {192, 42, 190}, 0, {-16, -16}, {196, 54, 98, 255} }},
	{{ {171, -129, 178}, 0, {-16, -16}, {182, 205, 90, 255} }},
	{{ {216, -104, 220}, 0, {-16, -16}, {244, 207, 116, 255} }},
	{{ {228, 1, 228}, 0, {-16, -16}, {252, 33, 122, 255} }},
};

Gfx mario_006_switch_option_left_hand_wing_cap_mesh_layer_1_tri_1[] = {
	gsSPVertex(mario_006_switch_option_left_hand_wing_cap_mesh_layer_1_vtx_1 + 0, 10, 0),
	gsSP2Triangles(0, 1, 2, 0, 3, 0, 2, 0),
	gsSP2Triangles(4, 3, 2, 0, 5, 4, 2, 0),
	gsSP2Triangles(6, 5, 2, 0, 6, 2, 7, 0),
	gsSP2Triangles(6, 7, 8, 0, 8, 9, 6, 0),
	gsSPEndDisplayList(),
};

Vtx mario_006_switch_option_left_hand_wing_cap_mesh_layer_1_vtx_2[25] = {
	{{ {1, 24, 35}, 0, {-16, -16}, {248, 63, 110, 255} }},
	{{ {29, 7, 48}, 0, {-16, -16}, {192, 249, 110, 255} }},
	{{ {29, 62, 34}, 0, {-16, -16}, {206, 89, 75, 255} }},
	{{ {23, -25, 35}, 0, {-16, -16}, {16, 192, 109, 255} }},
	{{ {-13, 26, 41}, 0, {-16, -16}, {199, 53, 101, 255} }},
	{{ {-2, 41, 0}, 0, {-16, -16}, {221, 115, 215, 255} }},
	{{ {11, 60, -3}, 0, {-16, -16}, {178, 89, 210, 255} }},
	{{ {58, 81, 0}, 0, {-16, -16}, {24, 121, 227, 255} }},
	{{ {54, 54, 44}, 0, {-16, -16}, {21, 81, 96, 255} }},
	{{ {56, 11, 65}, 0, {-16, -16}, {241, 19, 125, 255} }},
	{{ {75, -32, 65}, 0, {-16, -16}, {25, 178, 97, 255} }},
	{{ {55, -43, -3}, 0, {-16, -16}, {7, 140, 205, 255} }},
	{{ {31, -39, 0}, 0, {-16, -16}, {61, 152, 215, 255} }},
	{{ {13, -37, 41}, 0, {-16, -16}, {251, 177, 99, 255} }},
	{{ {-15, -12, 7}, 0, {-16, -16}, {139, 207, 248, 255} }},
	{{ {-19, 47, -4}, 0, {-16, -16}, {189, 101, 217, 255} }},
	{{ {4, -3, -32}, 0, {-16, -16}, {237, 249, 131, 255} }},
	{{ {16, 1, -22}, 0, {-16, -16}, {4, 255, 129, 255} }},
	{{ {35, 9, -36}, 0, {-16, -16}, {230, 245, 132, 255} }},
	{{ {85, 30, -32}, 0, {-16, -16}, {69, 28, 153, 255} }},
	{{ {96, 39, 24}, 0, {-16, -16}, {108, 61, 28, 255} }},
	{{ {85, 15, 52}, 0, {-16, -16}, {68, 45, 98, 255} }},
	{{ {95, -8, 52}, 0, {-16, -16}, {103, 249, 74, 255} }},
	{{ {103, -25, 1}, 0, {-16, -16}, {101, 191, 214, 255} }},
	{{ {24, -55, -4}, 0, {-16, -16}, {27, 139, 216, 255} }},
};

Gfx mario_006_switch_option_left_hand_wing_cap_mesh_layer_1_tri_2[] = {
	gsSPVertex(mario_006_switch_option_left_hand_wing_cap_mesh_layer_1_vtx_2 + 0, 25, 0),
	gsSP2Triangles(0, 1, 2, 0, 1, 0, 3, 0),
	gsSP2Triangles(3, 0, 4, 0, 4, 0, 5, 0),
	gsSP2Triangles(6, 5, 0, 0, 2, 6, 0, 0),
	gsSP2Triangles(7, 6, 2, 0, 2, 8, 7, 0),
	gsSP2Triangles(8, 2, 9, 0, 2, 1, 9, 0),
	gsSP2Triangles(10, 9, 1, 0, 10, 1, 3, 0),
	gsSP2Triangles(11, 10, 3, 0, 3, 12, 11, 0),
	gsSP2Triangles(12, 3, 13, 0, 4, 13, 3, 0),
	gsSP2Triangles(4, 14, 13, 0, 15, 14, 4, 0),
	gsSP2Triangles(5, 15, 4, 0, 16, 15, 5, 0),
	gsSP2Triangles(5, 17, 16, 0, 18, 17, 5, 0),
	gsSP2Triangles(6, 18, 5, 0, 6, 7, 18, 0),
	gsSP2Triangles(7, 19, 18, 0, 7, 20, 19, 0),
	gsSP2Triangles(8, 20, 7, 0, 20, 8, 21, 0),
	gsSP2Triangles(21, 8, 9, 0, 22, 21, 9, 0),
	gsSP2Triangles(10, 22, 9, 0, 23, 22, 10, 0),
	gsSP2Triangles(11, 23, 10, 0, 18, 23, 11, 0),
	gsSP2Triangles(18, 11, 12, 0, 12, 17, 18, 0),
	gsSP2Triangles(16, 17, 12, 0, 12, 24, 16, 0),
	gsSP2Triangles(13, 24, 12, 0, 13, 14, 24, 0),
	gsSP2Triangles(24, 14, 16, 0, 16, 14, 15, 0),
	gsSP2Triangles(18, 19, 23, 0, 19, 20, 23, 0),
	gsSP2Triangles(23, 20, 22, 0, 22, 20, 21, 0),
	gsSPEndDisplayList(),
};

Vtx mario_006_switch_option_left_hand_wing_cap_wings_mesh_layer_4_vtx_0[8] = {
	{{ {178, -177, 128}, 0, {-16, 2032}, {168, 179, 207, 255} }},
	{{ {319, -248, -14}, 0, {-16, -16}, {168, 179, 207, 255} }},
	{{ {349, -325, 53}, 0, {1008, -16}, {168, 179, 207, 255} }},
	{{ {207, -253, 195}, 0, {1008, 2032}, {168, 179, 207, 255} }},
	{{ {414, 206, 82}, 0, {1008, -16}, {189, 101, 216, 255} }},
	{{ {368, 146, 7}, 0, {-16, -16}, {189, 101, 217, 255} }},
	{{ {212, 96, 143}, 0, {-16, 2032}, {189, 101, 217, 255} }},
	{{ {258, 156, 218}, 0, {1008, 2032}, {189, 101, 216, 255} }},
};

Gfx mario_006_switch_option_left_hand_wing_cap_wings_mesh_layer_4_tri_0[] = {
	gsSPVertex(mario_006_switch_option_left_hand_wing_cap_wings_mesh_layer_4_vtx_0 + 0, 8, 0),
	gsSP2Triangles(0, 1, 2, 0, 3, 0, 2, 0),
	gsSP2Triangles(4, 5, 6, 0, 4, 6, 7, 0),
	gsSPEndDisplayList(),
};

Vtx mario_006_switch_option_left_hand_wing_cap_wings_mesh_layer_4_vtx_1[8] = {
	{{ {368, 146, 7}, 0, {1008, -16}, {189, 101, 217, 255} }},
	{{ {166, 37, 68}, 0, {-16, 2032}, {190, 101, 217, 255} }},
	{{ {212, 96, 143}, 0, {1008, 2032}, {189, 101, 217, 255} }},
	{{ {322, 87, -67}, 0, {-16, -16}, {190, 101, 217, 255} }},
	{{ {178, -177, 128}, 0, {1008, 2032}, {168, 179, 207, 255} }},
	{{ {149, -100, 60}, 0, {-16, 2032}, {168, 179, 207, 255} }},
	{{ {319, -248, -14}, 0, {1008, -16}, {168, 179, 207, 255} }},
	{{ {290, -171, -81}, 0, {-16, -16}, {168, 179, 206, 255} }},
};

Gfx mario_006_switch_option_left_hand_wing_cap_wings_mesh_layer_4_tri_1[] = {
	gsSPVertex(mario_006_switch_option_left_hand_wing_cap_wings_mesh_layer_4_vtx_1 + 0, 8, 0),
	gsSP2Triangles(0, 1, 2, 0, 0, 3, 1, 0),
	gsSP2Triangles(4, 5, 6, 0, 5, 7, 6, 0),
	gsSPEndDisplayList(),
};

Vtx mario_000_offset_009_mesh_layer_1_vtx_0[17] = {
	{{ {5, 24, 0}, 0, {-16, 1008}, {166, 89, 252, 255} }},
	{{ {-8, -14, -3}, 0, {-16, 1008}, {130, 254, 245, 255} }},
	{{ {3, -5, 30}, 0, {-16, 1008}, {162, 18, 84, 255} }},
	{{ {9, -1, -34}, 0, {-16, 1008}, {181, 29, 157, 255} }},
	{{ {29, 4, -40}, 0, {-16, 1008}, {247, 44, 137, 255} }},
	{{ {25, 36, 4}, 0, {-16, 1008}, {229, 124, 7, 255} }},
	{{ {22, -1, 41}, 0, {-16, 1008}, {223, 29, 119, 255} }},
	{{ {5, -46, 16}, 0, {-16, 1008}, {168, 176, 45, 255} }},
	{{ {9, -43, -24}, 0, {-16, 1008}, {179, 183, 187, 255} }},
	{{ {29, -51, -27}, 0, {-16, 1008}, {248, 159, 175, 255} }},
	{{ {109, -39, -14}, 0, {-16, 1008}, {70, 173, 190, 255} }},
	{{ {109, 5, -24}, 0, {-16, 1008}, {68, 42, 157, 255} }},
	{{ {106, 29, 11}, 0, {-16, 1008}, {56, 113, 13, 255} }},
	{{ {103, 1, 41}, 0, {-16, 1008}, {47, 27, 115, 255} }},
	{{ {105, -41, 25}, 0, {-16, 1008}, {57, 164, 67, 255} }},
	{{ {24, -54, 22}, 0, {-16, 1008}, {234, 150, 66, 255} }},
	{{ {129, -8, 11}, 0, {-16, 1008}, {126, 4, 13, 255} }},
};

Gfx mario_000_offset_009_mesh_layer_1_tri_0[] = {
	gsSPVertex(mario_000_offset_009_mesh_layer_1_vtx_0 + 0, 17, 0),
	gsSP2Triangles(0, 1, 2, 0, 3, 1, 0, 0),
	gsSP2Triangles(4, 3, 0, 0, 4, 0, 5, 0),
	gsSP2Triangles(5, 0, 6, 0, 0, 2, 6, 0),
	gsSP2Triangles(6, 2, 7, 0, 2, 1, 7, 0),
	gsSP2Triangles(7, 1, 8, 0, 8, 1, 3, 0),
	gsSP2Triangles(8, 3, 4, 0, 9, 8, 4, 0),
	gsSP2Triangles(9, 4, 10, 0, 4, 11, 10, 0),
	gsSP2Triangles(12, 11, 4, 0, 4, 5, 12, 0),
	gsSP2Triangles(5, 6, 12, 0, 6, 13, 12, 0),
	gsSP2Triangles(14, 13, 6, 0, 6, 15, 14, 0),
	gsSP2Triangles(6, 7, 15, 0, 15, 7, 8, 0),
	gsSP2Triangles(15, 8, 9, 0, 15, 9, 14, 0),
	gsSP2Triangles(9, 10, 14, 0, 10, 16, 14, 0),
	gsSP2Triangles(11, 16, 10, 0, 12, 16, 11, 0),
	gsSP2Triangles(13, 16, 12, 0, 14, 16, 13, 0),
	gsSPEndDisplayList(),
};

Vtx mario_000_offset_010_mesh_layer_1_vtx_0[12] = {
	{{ {3, 25, 7}, 0, {-16, 1008}, {195, 111, 0, 255} }},
	{{ {74, 31, 7}, 0, {-16, 1008}, {55, 114, 255, 255} }},
	{{ {75, -3, -30}, 0, {-16, 1008}, {57, 34, 148, 255} }},
	{{ {75, -3, 46}, 0, {-16, 1008}, {56, 33, 109, 255} }},
	{{ {4, -6, 40}, 0, {-16, 1008}, {199, 27, 110, 255} }},
	{{ {-21, -19, 7}, 0, {-16, 1008}, {129, 247, 1, 255} }},
	{{ {4, -6, -26}, 0, {-16, 1008}, {200, 28, 146, 255} }},
	{{ {5, -47, -14}, 0, {-16, 1008}, {199, 166, 187, 255} }},
	{{ {77, -58, -17}, 0, {-16, 1008}, {55, 165, 187, 255} }},
	{{ {93, -18, 7}, 0, {-16, 1008}, {127, 3, 0, 255} }},
	{{ {77, -59, 30}, 0, {-16, 1008}, {55, 163, 66, 255} }},
	{{ {5, -47, 27}, 0, {-16, 1008}, {198, 166, 68, 255} }},
};

Gfx mario_000_offset_010_mesh_layer_1_tri_0[] = {
	gsSPVertex(mario_000_offset_010_mesh_layer_1_vtx_0 + 0, 12, 0),
	gsSP2Triangles(0, 1, 2, 0, 0, 3, 1, 0),
	gsSP2Triangles(0, 4, 3, 0, 0, 5, 4, 0),
	gsSP2Triangles(6, 5, 0, 0, 2, 6, 0, 0),
	gsSP2Triangles(7, 6, 2, 0, 7, 2, 8, 0),
	gsSP2Triangles(2, 9, 8, 0, 1, 9, 2, 0),
	gsSP2Triangles(3, 9, 1, 0, 10, 9, 3, 0),
	gsSP2Triangles(11, 10, 3, 0, 3, 4, 11, 0),
	gsSP2Triangles(4, 5, 11, 0, 11, 5, 7, 0),
	gsSP2Triangles(7, 5, 6, 0, 10, 11, 7, 0),
	gsSP2Triangles(7, 8, 10, 0, 8, 9, 10, 0),
	gsSPEndDisplayList(),
};

Vtx mario_000_offset_011_mesh_layer_1_vtx_0[23] = {
	{{ {18, 64, 53}, 0, {-16, -16}, {45, 119, 254, 255} }},
	{{ {-10, 74, -8}, 0, {-16, -16}, {46, 118, 254, 255} }},
	{{ {-12, 75, 26}, 0, {-16, -16}, {44, 119, 255, 255} }},
	{{ {17, 63, -32}, 0, {-16, -16}, {45, 119, 254, 255} }},
	{{ {107, 31, 61}, 0, {-16, -16}, {44, 119, 254, 255} }},
	{{ {105, 30, -41}, 0, {-16, -16}, {44, 119, 254, 255} }},
	{{ {139, 19, 35}, 0, {-16, -16}, {43, 119, 254, 255} }},
	{{ {139, 18, -20}, 0, {-16, -16}, {43, 119, 254, 255} }},
	{{ {-5, 22, 44}, 0, {-16, -16}, {179, 207, 88, 255} }},
	{{ {18, 64, 53}, 0, {-16, -16}, {209, 3, 118, 255} }},
	{{ {-12, 75, 26}, 0, {-16, -16}, {142, 26, 49, 255} }},
	{{ {72, -8, 54}, 0, {-16, -16}, {0, 176, 99, 255} }},
	{{ {56, -25, 11}, 0, {-16, -16}, {228, 132, 252, 255} }},
	{{ {-25, 25, 8}, 0, {-16, -16}, {137, 211, 252, 255} }},
	{{ {-10, 74, -8}, 0, {-16, -16}, {145, 25, 199, 255} }},
	{{ {-6, 21, -21}, 0, {-16, -16}, {181, 203, 168, 255} }},
	{{ {17, 63, -32}, 0, {-16, -16}, {207, 254, 139, 255} }},
	{{ {73, -2, -33}, 0, {-16, -16}, {251, 181, 153, 255} }},
	{{ {105, 30, -41}, 0, {-16, -16}, {19, 208, 140, 255} }},
	{{ {139, 18, -20}, 0, {-16, -16}, {73, 170, 198, 255} }},
	{{ {109, -21, 7}, 0, {-16, -16}, {54, 141, 249, 255} }},
	{{ {139, 19, 35}, 0, {-16, -16}, {78, 172, 55, 255} }},
	{{ {107, 31, 61}, 0, {-16, -16}, {28, 210, 115, 255} }},
};

Gfx mario_000_offset_011_mesh_layer_1_tri_0[] = {
	gsSPVertex(mario_000_offset_011_mesh_layer_1_vtx_0 + 0, 23, 0),
	gsSP2Triangles(0, 1, 2, 0, 0, 3, 1, 0),
	gsSP2Triangles(0, 4, 3, 0, 4, 5, 3, 0),
	gsSP2Triangles(4, 6, 5, 0, 6, 7, 5, 0),
	gsSP2Triangles(8, 9, 10, 0, 8, 11, 9, 0),
	gsSP2Triangles(12, 11, 8, 0, 12, 8, 13, 0),
	gsSP2Triangles(10, 13, 8, 0, 13, 10, 14, 0),
	gsSP2Triangles(14, 15, 13, 0, 14, 16, 15, 0),
	gsSP2Triangles(17, 15, 16, 0, 17, 16, 18, 0),
	gsSP2Triangles(17, 18, 19, 0, 19, 20, 17, 0),
	gsSP2Triangles(20, 19, 21, 0, 11, 20, 21, 0),
	gsSP2Triangles(21, 22, 11, 0, 11, 22, 9, 0),
	gsSP2Triangles(20, 11, 12, 0, 12, 17, 20, 0),
	gsSP2Triangles(15, 17, 12, 0, 13, 15, 12, 0),
	gsSPEndDisplayList(),
};

Vtx mario_000_offset_012_mesh_layer_1_vtx_0[17] = {
	{{ {99, 40, -15}, 0, {-16, 1008}, {49, 116, 241, 255} }},
	{{ {17, 4, -45}, 0, {-16, 1008}, {221, 25, 137, 255} }},
	{{ {18, 41, -8}, 0, {-16, 1008}, {221, 122, 248, 255} }},
	{{ {98, 11, -45}, 0, {-16, 1008}, {45, 29, 141, 255} }},
	{{ {125, 5, -14}, 0, {-16, 1008}, {126, 12, 245, 255} }},
	{{ {103, 16, 21}, 0, {-16, 1008}, {63, 47, 100, 255} }},
	{{ {24, 10, 36}, 0, {-16, 1008}, {243, 45, 118, 255} }},
	{{ {-1, 28, -4}, 0, {-16, 1008}, {160, 84, 3, 255} }},
	{{ {-1, -1, -34}, 0, {-16, 1008}, {162, 11, 172, 255} }},
	{{ {3, -42, -19}, 0, {-16, 1008}, {174, 170, 211, 255} }},
	{{ {23, -48, -25}, 0, {-16, 1008}, {241, 148, 190, 255} }},
	{{ {103, -31, -29}, 0, {-16, 1008}, {63, 168, 190, 255} }},
	{{ {106, -28, 11}, 0, {-16, 1008}, {74, 177, 67, 255} }},
	{{ {27, -45, 24}, 0, {-16, 1008}, {254, 159, 82, 255} }},
	{{ {6, -39, 21}, 0, {-16, 1008}, {184, 178, 70, 255} }},
	{{ {4, 4, 30}, 0, {-16, 1008}, {177, 25, 96, 255} }},
	{{ {-12, -11, 0}, 0, {-16, 1008}, {130, 246, 10, 255} }},
};

Gfx mario_000_offset_012_mesh_layer_1_tri_0[] = {
	gsSPVertex(mario_000_offset_012_mesh_layer_1_vtx_0 + 0, 17, 0),
	gsSP2Triangles(0, 1, 2, 0, 0, 3, 1, 0),
	gsSP2Triangles(0, 4, 3, 0, 5, 4, 0, 0),
	gsSP2Triangles(6, 5, 0, 0, 0, 2, 6, 0),
	gsSP2Triangles(2, 7, 6, 0, 1, 7, 2, 0),
	gsSP2Triangles(1, 8, 7, 0, 9, 8, 1, 0),
	gsSP2Triangles(10, 9, 1, 0, 11, 10, 1, 0),
	gsSP2Triangles(1, 3, 11, 0, 3, 4, 11, 0),
	gsSP2Triangles(11, 4, 12, 0, 12, 4, 5, 0),
	gsSP2Triangles(12, 5, 6, 0, 12, 6, 13, 0),
	gsSP2Triangles(6, 14, 13, 0, 6, 15, 14, 0),
	gsSP2Triangles(7, 15, 6, 0, 7, 16, 15, 0),
	gsSP2Triangles(8, 16, 7, 0, 9, 16, 8, 0),
	gsSP2Triangles(14, 16, 9, 0, 14, 9, 10, 0),
	gsSP2Triangles(13, 14, 10, 0, 11, 13, 10, 0),
	gsSP2Triangles(11, 12, 13, 0, 15, 16, 14, 0),
	gsSPEndDisplayList(),
};

Vtx mario_000_offset_013_mesh_layer_1_vtx_0[22] = {
	{{ {77, -46, 12}, 0, {-16, 1008}, {246, 225, 123, 255} }},
	{{ {76, 10, 25}, 0, {-16, 1008}, {247, 222, 122, 255} }},
	{{ {6, -34, 9}, 0, {-16, 1008}, {197, 167, 68, 255} }},
	{{ {4, 7, 22}, 0, {-16, 1008}, {199, 28, 110, 255} }},
	{{ {-19, -6, -12}, 0, {-16, 1008}, {129, 249, 255, 255} }},
	{{ {5, 38, -12}, 0, {-16, 1008}, {196, 112, 0, 255} }},
	{{ {76, 10, 25}, 0, {-16, 1008}, {247, 93, 86, 255} }},
	{{ {75, 44, -12}, 0, {-16, 1008}, {248, 93, 86, 255} }},
	{{ {5, 8, -45}, 0, {-16, 1008}, {199, 29, 147, 255} }},
	{{ {7, -34, -32}, 0, {-16, 1008}, {198, 166, 187, 255} }},
	{{ {77, 10, -50}, 0, {-16, 1008}, {246, 221, 134, 255} }},
	{{ {78, -46, -35}, 0, {-16, 1008}, {245, 223, 134, 255} }},
	{{ {78, -46, -35}, 0, {-16, 1008}, {235, 131, 0, 255} }},
	{{ {77, -46, 12}, 0, {-16, 1008}, {235, 131, 0, 255} }},
	{{ {75, 44, -12}, 0, {-16, 1008}, {248, 93, 170, 255} }},
	{{ {77, 10, -50}, 0, {-16, 1008}, {248, 93, 170, 255} }},
	{{ {76, 10, 25}, 0, {-16, 1008}, {113, 21, 53, 255} }},
	{{ {96, -6, -12}, 0, {-16, 1008}, {127, 3, 1, 255} }},
	{{ {75, 44, -12}, 0, {-16, 1008}, {117, 51, 2, 255} }},
	{{ {77, -46, 12}, 0, {-16, 1008}, {117, 219, 32, 255} }},
	{{ {78, -46, -35}, 0, {-16, 1008}, {118, 219, 229, 255} }},
	{{ {77, 10, -50}, 0, {-16, 1008}, {115, 21, 205, 255} }},
};

Gfx mario_000_offset_013_mesh_layer_1_tri_0[] = {
	gsSPVertex(mario_000_offset_013_mesh_layer_1_vtx_0 + 0, 22, 0),
	gsSP2Triangles(0, 1, 2, 0, 1, 3, 2, 0),
	gsSP2Triangles(3, 4, 2, 0, 5, 4, 3, 0),
	gsSP2Triangles(5, 3, 6, 0, 6, 7, 5, 0),
	gsSP2Triangles(8, 4, 5, 0, 9, 4, 8, 0),
	gsSP2Triangles(9, 8, 10, 0, 10, 11, 9, 0),
	gsSP2Triangles(2, 4, 9, 0, 2, 9, 12, 0),
	gsSP2Triangles(12, 13, 2, 0, 14, 15, 5, 0),
	gsSP2Triangles(15, 8, 5, 0, 16, 17, 18, 0),
	gsSP2Triangles(19, 17, 16, 0, 20, 17, 19, 0),
	gsSP2Triangles(21, 17, 20, 0, 18, 17, 21, 0),
	gsSPEndDisplayList(),
};

Vtx mario_000_displaylist_005_mesh_layer_1_vtx_0[23] = {
	{{ {104, 33, 41}, 0, {-16, -16}, {42, 120, 0, 255} }},
	{{ {138, 21, 21}, 0, {-16, -16}, {43, 120, 1, 255} }},
	{{ {139, 21, -35}, 0, {-16, -16}, {42, 120, 0, 255} }},
	{{ {107, 32, -60}, 0, {-16, -16}, {42, 120, 0, 255} }},
	{{ {15, 64, 30}, 0, {-16, -16}, {42, 120, 0, 255} }},
	{{ {18, 63, -55}, 0, {-16, -16}, {42, 120, 0, 255} }},
	{{ {-11, 73, 6}, 0, {-16, -16}, {42, 120, 0, 255} }},
	{{ {-13, 74, -28}, 0, {-16, -16}, {43, 119, 1, 255} }},
	{{ {139, 21, -35}, 0, {-16, -16}, {80, 173, 203, 255} }},
	{{ {138, 21, 21}, 0, {-16, -16}, {74, 173, 61, 255} }},
	{{ {109, -19, -6}, 0, {-16, -16}, {56, 143, 9, 255} }},
	{{ {73, -1, 33}, 0, {-16, -16}, {253, 183, 104, 255} }},
	{{ {104, 33, 41}, 0, {-16, -16}, {18, 212, 118, 255} }},
	{{ {15, 64, 30}, 0, {-16, -16}, {205, 0, 116, 255} }},
	{{ {-7, 21, 20}, 0, {-16, -16}, {180, 205, 88, 255} }},
	{{ {-11, 73, 6}, 0, {-16, -16}, {145, 25, 56, 255} }},
	{{ {-25, 24, -9}, 0, {-16, -16}, {138, 210, 4, 255} }},
	{{ {-13, 74, -28}, 0, {-16, -16}, {141, 23, 206, 255} }},
	{{ {-5, 21, -45}, 0, {-16, -16}, {180, 205, 169, 255} }},
	{{ {18, 63, -55}, 0, {-16, -16}, {210, 0, 138, 255} }},
	{{ {72, -8, -54}, 0, {-16, -16}, {2, 175, 158, 255} }},
	{{ {107, 32, -60}, 0, {-16, -16}, {30, 212, 141, 255} }},
	{{ {56, -25, -10}, 0, {-16, -16}, {230, 132, 6, 255} }},
};

Gfx mario_000_displaylist_005_mesh_layer_1_tri_0[] = {
	gsSPVertex(mario_000_displaylist_005_mesh_layer_1_vtx_0 + 0, 23, 0),
	gsSP2Triangles(0, 1, 2, 0, 0, 2, 3, 0),
	gsSP2Triangles(4, 0, 3, 0, 4, 3, 5, 0),
	gsSP2Triangles(6, 4, 5, 0, 7, 6, 5, 0),
	gsSP2Triangles(8, 9, 10, 0, 11, 10, 9, 0),
	gsSP2Triangles(9, 12, 11, 0, 12, 13, 11, 0),
	gsSP2Triangles(13, 14, 11, 0, 14, 13, 15, 0),
	gsSP2Triangles(16, 14, 15, 0, 15, 17, 16, 0),
	gsSP2Triangles(18, 16, 17, 0, 17, 19, 18, 0),
	gsSP2Triangles(19, 20, 18, 0, 19, 21, 20, 0),
	gsSP2Triangles(20, 21, 8, 0, 8, 10, 20, 0),
	gsSP2Triangles(22, 20, 10, 0, 10, 11, 22, 0),
	gsSP2Triangles(22, 11, 14, 0, 22, 14, 16, 0),
	gsSP2Triangles(16, 18, 22, 0, 18, 20, 22, 0),
	gsSPEndDisplayList(),
};


Gfx mat_mario_body_v3[] = {
	gsSPLightColor(LIGHT_1, 0x7028F8FF),
	gsSPLightColor(LIGHT_2, 0x340E7CFF),
	gsDPPipeSync(),
	gsDPSetCombineLERP(TEXEL0, SHADE, TEXEL0_ALPHA, SHADE, 0, 0, 0, ENVIRONMENT, TEXEL0, SHADE, TEXEL0_ALPHA, SHADE, 0, 0, 0, ENVIRONMENT),
	gsDPSetAlphaDither(G_AD_NOISE),
	gsDPSetTextureLUT(G_TT_RGBA16),
	gsSPTexture(65535, 65535, 0, 0, 1),
	gsDPSetTextureImage(G_IM_FMT_RGBA, G_IM_SIZ_16b, 1, mario_mario_button_pal_rgba16),
	gsDPSetTile(0, 0, 0, 256, 5, 0, G_TX_WRAP | G_TX_NOMIRROR, 0, 0, G_TX_WRAP | G_TX_NOMIRROR, 0, 0),
	gsDPLoadTLUTCmd(5, 44),
	gsDPSetTextureImage(G_IM_FMT_CI, G_IM_SIZ_8b_LOAD_BLOCK, 1, mario_mario_button_ci8),
	gsDPSetTile(G_IM_FMT_CI, G_IM_SIZ_8b_LOAD_BLOCK, 0, 0, 7, 0, G_TX_WRAP | G_TX_NOMIRROR, 0, 0, G_TX_WRAP | G_TX_NOMIRROR, 0, 0),
	gsDPLoadBlock(7, 0, 0, 511, 512),
	gsDPSetTile(G_IM_FMT_CI, G_IM_SIZ_8b, 4, 0, 0, 0, G_TX_CLAMP | G_TX_NOMIRROR, 5, 0, G_TX_CLAMP | G_TX_NOMIRROR, 5, 0),
	gsDPSetTileSize(0, 0, 0, 124, 124),
	gsSPEndDisplayList(),
};

Gfx mat_revert_mario_body_v3[] = {
	gsDPPipeSync(),
	gsDPSetAlphaDither(G_AD_DISABLE),
	gsDPSetTextureLUT(G_TT_NONE),
	gsSPEndDisplayList(),
};

Gfx mat_mario_cap_v3[] = {
	gsSPLightColor(LIGHT_1, 0x23FF00FF),
	gsSPLightColor(LIGHT_2, 0x0C7F00FF),
	gsDPPipeSync(),
	gsDPSetCombineLERP(TEXEL0, SHADE, TEXEL0_ALPHA, SHADE, 0, 0, 0, ENVIRONMENT, TEXEL0, SHADE, TEXEL0_ALPHA, SHADE, 0, 0, 0, ENVIRONMENT),
	gsDPSetAlphaDither(G_AD_NOISE),
	gsDPSetTextureLUT(G_TT_RGBA16),
	gsSPTexture(65535, 65535, 0, 0, 1),
	gsDPSetTextureImage(G_IM_FMT_RGBA, G_IM_SIZ_16b, 1, mario_SM64_Luigi_Hat_pal_rgba16),
	gsDPSetTile(0, 0, 0, 256, 5, 0, G_TX_WRAP | G_TX_NOMIRROR, 0, 0, G_TX_WRAP | G_TX_NOMIRROR, 0, 0),
	gsDPLoadTLUTCmd(5, 21),
	gsDPSetTextureImage(G_IM_FMT_CI, G_IM_SIZ_8b_LOAD_BLOCK, 1, mario_SM64_Luigi_Hat_ci8),
	gsDPSetTile(G_IM_FMT_CI, G_IM_SIZ_8b_LOAD_BLOCK, 0, 0, 7, 0, G_TX_WRAP | G_TX_NOMIRROR, 0, 0, G_TX_WRAP | G_TX_NOMIRROR, 0, 0),
	gsDPLoadBlock(7, 0, 0, 511, 512),
	gsDPSetTile(G_IM_FMT_CI, G_IM_SIZ_8b, 4, 0, 0, 0, G_TX_CLAMP | G_TX_NOMIRROR, 5, 0, G_TX_CLAMP | G_TX_NOMIRROR, 5, 0),
	gsDPSetTileSize(0, 0, 0, 124, 124),
	gsSPEndDisplayList(),
};

Gfx mat_revert_mario_cap_v3[] = {
	gsDPPipeSync(),
	gsDPSetAlphaDither(G_AD_DISABLE),
	gsDPSetTextureLUT(G_TT_NONE),
	gsSPEndDisplayList(),
};

Gfx mat_mario_hair_v3_001[] = {
	gsSPLightColor(LIGHT_1, 0x730600FF),
	gsSPLightColor(LIGHT_2, 0x360100FF),
	gsDPPipeSync(),
	gsDPSetCombineLERP(0, 0, 0, SHADE, 0, 0, 0, ENVIRONMENT, 0, 0, 0, SHADE, 0, 0, 0, ENVIRONMENT),
	gsDPSetAlphaDither(G_AD_NOISE),
	gsSPTexture(65535, 65535, 0, 0, 1),
	gsSPEndDisplayList(),
};

Gfx mat_revert_mario_hair_v3_001[] = {
	gsDPPipeSync(),
	gsDPSetAlphaDither(G_AD_DISABLE),
	gsSPEndDisplayList(),
};

Gfx mat_mario_face_0___eye_open_v3_001[] = {
	gsSPLightColor(LIGHT_1, 0xFEC179FF),
	gsSPLightColor(LIGHT_2, 0x7F5F39FF),
	gsDPPipeSync(),
	gsDPSetCombineLERP(TEXEL0, SHADE, TEXEL0_ALPHA, SHADE, 0, 0, 0, ENVIRONMENT, TEXEL0, SHADE, TEXEL0_ALPHA, SHADE, 0, 0, 0, ENVIRONMENT),
	gsDPSetAlphaDither(G_AD_NOISE),
	gsDPSetTextureLUT(G_TT_RGBA16),
	gsSPTexture(65535, 65535, 0, 0, 1),
	gsDPSetTextureImage(G_IM_FMT_RGBA, G_IM_SIZ_16b, 1, mario_texture__1__pal_rgba16),
	gsDPSetTile(0, 0, 0, 256, 5, 0, G_TX_WRAP | G_TX_NOMIRROR, 0, 0, G_TX_WRAP | G_TX_NOMIRROR, 0, 0),
	gsDPLoadTLUTCmd(5, 172),
	gsDPSetTextureImage(G_IM_FMT_CI, G_IM_SIZ_8b_LOAD_BLOCK, 1, mario_texture__1__ci8),
	gsDPSetTile(G_IM_FMT_CI, G_IM_SIZ_8b_LOAD_BLOCK, 0, 0, 7, 0, G_TX_WRAP | G_TX_NOMIRROR, 0, 0, G_TX_WRAP | G_TX_NOMIRROR, 0, 0),
	gsDPLoadBlock(7, 0, 0, 511, 512),
	gsDPSetTile(G_IM_FMT_CI, G_IM_SIZ_8b, 4, 0, 0, 0, G_TX_CLAMP | G_TX_NOMIRROR, 5, 0, G_TX_CLAMP | G_TX_NOMIRROR, 5, 0),
	gsDPSetTileSize(0, 0, 0, 124, 124),
	gsSPEndDisplayList(),
};

Gfx mat_revert_mario_face_0___eye_open_v3_001[] = {
	gsDPPipeSync(),
	gsDPSetAlphaDither(G_AD_DISABLE),
	gsDPSetTextureLUT(G_TT_NONE),
	gsSPEndDisplayList(),
};

Gfx mat_mario_mustache_v3_001[] = {
	gsSPLightColor(LIGHT_1, 0xFEC179FF),
	gsSPLightColor(LIGHT_2, 0x7F5F39FF),
	gsDPPipeSync(),
	gsDPSetCombineLERP(TEXEL0, SHADE, TEXEL0_ALPHA, SHADE, 0, 0, 0, ENVIRONMENT, TEXEL0, SHADE, TEXEL0_ALPHA, SHADE, 0, 0, 0, ENVIRONMENT),
	gsDPSetAlphaDither(G_AD_NOISE),
	gsSPTexture(65535, 65535, 0, 0, 1),
	gsDPSetTextureImage(G_IM_FMT_IA, G_IM_SIZ_16b_LOAD_BLOCK, 1, mario_SM64_Luigi_Stache_ia16),
	gsDPSetTile(G_IM_FMT_IA, G_IM_SIZ_16b_LOAD_BLOCK, 0, 0, 7, 0, G_TX_WRAP | G_TX_NOMIRROR, 0, 0, G_TX_WRAP | G_TX_NOMIRROR, 0, 0),
	gsDPLoadBlock(7, 0, 0, 1023, 256),
	gsDPSetTile(G_IM_FMT_IA, G_IM_SIZ_16b, 8, 0, 0, 0, G_TX_CLAMP | G_TX_NOMIRROR, 5, 0, G_TX_CLAMP | G_TX_NOMIRROR, 5, 0),
	gsDPSetTileSize(0, 0, 0, 124, 124),
	gsSPEndDisplayList(),
};

Gfx mat_revert_mario_mustache_v3_001[] = {
	gsDPPipeSync(),
	gsDPSetAlphaDither(G_AD_DISABLE),
	gsSPEndDisplayList(),
};

Gfx mat_mario_sideburns_v3_001[] = {
	gsSPLightColor(LIGHT_1, 0xFEC179FF),
	gsSPLightColor(LIGHT_2, 0x7F5F39FF),
	gsDPPipeSync(),
	gsDPSetCombineLERP(TEXEL0, SHADE, TEXEL0_ALPHA, SHADE, 0, 0, 0, ENVIRONMENT, TEXEL0, SHADE, TEXEL0_ALPHA, SHADE, 0, 0, 0, ENVIRONMENT),
	gsDPSetAlphaDither(G_AD_NOISE),
	gsDPSetTextureLUT(G_TT_RGBA16),
	gsSPTexture(65535, 65535, 0, 0, 1),
	gsDPSetTextureImage(G_IM_FMT_RGBA, G_IM_SIZ_16b, 1, mario_SM64_Luigi_Hair_pal_rgba16),
	gsDPSetTile(0, 0, 0, 256, 5, 0, G_TX_WRAP | G_TX_NOMIRROR, 0, 0, G_TX_WRAP | G_TX_NOMIRROR, 0, 0),
	gsDPLoadTLUTCmd(5, 31),
	gsDPSetTextureImage(G_IM_FMT_CI, G_IM_SIZ_8b_LOAD_BLOCK, 1, mario_SM64_Luigi_Hair_ci8),
	gsDPSetTile(G_IM_FMT_CI, G_IM_SIZ_8b_LOAD_BLOCK, 0, 0, 7, 0, G_TX_WRAP | G_TX_NOMIRROR, 0, 0, G_TX_WRAP | G_TX_NOMIRROR, 0, 0),
	gsDPLoadBlock(7, 0, 0, 511, 512),
	gsDPSetTile(G_IM_FMT_CI, G_IM_SIZ_8b, 4, 0, 0, 0, G_TX_CLAMP | G_TX_NOMIRROR, 5, 0, G_TX_CLAMP | G_TX_NOMIRROR, 5, 0),
	gsDPSetTileSize(0, 0, 0, 124, 124),
	gsSPEndDisplayList(),
};

Gfx mat_revert_mario_sideburns_v3_001[] = {
	gsDPPipeSync(),
	gsDPSetAlphaDither(G_AD_DISABLE),
	gsDPSetTextureLUT(G_TT_NONE),
	gsSPEndDisplayList(),
};

Gfx mat_mario_hair_v3_002[] = {
	gsSPLightColor(LIGHT_1, 0x730600FF),
	gsSPLightColor(LIGHT_2, 0x110100FF),
	gsDPPipeSync(),
	gsDPSetCombineLERP(0, 0, 0, SHADE, 0, 0, 0, ENVIRONMENT, 0, 0, 0, SHADE, 0, 0, 0, ENVIRONMENT),
	gsDPSetAlphaDither(G_AD_NOISE),
	gsSPTexture(65535, 65535, 0, 0, 1),
	gsSPEndDisplayList(),
};

Gfx mat_revert_mario_hair_v3_002[] = {
	gsDPPipeSync(),
	gsDPSetAlphaDither(G_AD_DISABLE),
	gsSPEndDisplayList(),
};

Gfx mat_mario_face_0___eye_open_v3_002[] = {
	gsSPLightColor(LIGHT_1, 0xFEC179FF),
	gsSPLightColor(LIGHT_2, 0x3F301EFF),
	gsDPPipeSync(),
	gsDPSetCombineLERP(TEXEL0, SHADE, TEXEL0_ALPHA, SHADE, 0, 0, 0, ENVIRONMENT, TEXEL0, SHADE, TEXEL0_ALPHA, SHADE, 0, 0, 0, ENVIRONMENT),
	gsDPSetAlphaDither(G_AD_NOISE),
	gsDPSetTextureLUT(G_TT_RGBA16),
	gsSPTexture(65535, 65535, 0, 0, 1),
	gsDPSetTextureImage(G_IM_FMT_RGBA, G_IM_SIZ_16b, 1, mario_texture__1__pal_rgba16_copy),
	gsDPSetTile(0, 0, 0, 256, 5, 0, G_TX_WRAP | G_TX_NOMIRROR, 0, 0, G_TX_WRAP | G_TX_NOMIRROR, 0, 0),
	gsDPLoadTLUTCmd(5, 172),
	gsDPSetTextureImage(G_IM_FMT_CI, G_IM_SIZ_8b_LOAD_BLOCK, 1, mario_texture__1__ci8_copy),
	gsDPSetTile(G_IM_FMT_CI, G_IM_SIZ_8b_LOAD_BLOCK, 0, 0, 7, 0, G_TX_WRAP | G_TX_NOMIRROR, 0, 0, G_TX_WRAP | G_TX_NOMIRROR, 0, 0),
	gsDPLoadBlock(7, 0, 0, 511, 512),
	gsDPSetTile(G_IM_FMT_CI, G_IM_SIZ_8b, 4, 0, 0, 0, G_TX_CLAMP | G_TX_NOMIRROR, 5, 0, G_TX_CLAMP | G_TX_NOMIRROR, 5, 0),
	gsDPSetTileSize(0, 0, 0, 124, 124),
	gsSPEndDisplayList(),
};

Gfx mat_revert_mario_face_0___eye_open_v3_002[] = {
	gsDPPipeSync(),
	gsDPSetAlphaDither(G_AD_DISABLE),
	gsDPSetTextureLUT(G_TT_NONE),
	gsSPEndDisplayList(),
};

Gfx mat_mario_sideburns_v3_002[] = {
	gsSPLightColor(LIGHT_1, 0xFEC179FF),
	gsSPLightColor(LIGHT_2, 0x3F301EFF),
	gsDPPipeSync(),
	gsDPSetCombineLERP(TEXEL0, SHADE, TEXEL0_ALPHA, SHADE, 0, 0, 0, ENVIRONMENT, TEXEL0, SHADE, TEXEL0_ALPHA, SHADE, 0, 0, 0, ENVIRONMENT),
	gsDPSetAlphaDither(G_AD_NOISE),
	gsDPSetTextureLUT(G_TT_RGBA16),
	gsSPTexture(65535, 65535, 0, 0, 1),
	gsDPSetTextureImage(G_IM_FMT_RGBA, G_IM_SIZ_16b, 1, mario_SM64_Luigi_Hair_pal_rgba16_copy),
	gsDPSetTile(0, 0, 0, 256, 5, 0, G_TX_WRAP | G_TX_NOMIRROR, 0, 0, G_TX_WRAP | G_TX_NOMIRROR, 0, 0),
	gsDPLoadTLUTCmd(5, 31),
	gsDPSetTextureImage(G_IM_FMT_CI, G_IM_SIZ_8b_LOAD_BLOCK, 1, mario_SM64_Luigi_Hair_ci8_copy),
	gsDPSetTile(G_IM_FMT_CI, G_IM_SIZ_8b_LOAD_BLOCK, 0, 0, 7, 0, G_TX_WRAP | G_TX_NOMIRROR, 0, 0, G_TX_WRAP | G_TX_NOMIRROR, 0, 0),
	gsDPLoadBlock(7, 0, 0, 511, 512),
	gsDPSetTile(G_IM_FMT_CI, G_IM_SIZ_8b, 4, 0, 0, 0, G_TX_CLAMP | G_TX_NOMIRROR, 5, 0, G_TX_CLAMP | G_TX_NOMIRROR, 5, 0),
	gsDPSetTileSize(0, 0, 0, 124, 124),
	gsSPEndDisplayList(),
};

Gfx mat_revert_mario_sideburns_v3_002[] = {
	gsDPPipeSync(),
	gsDPSetAlphaDither(G_AD_DISABLE),
	gsDPSetTextureLUT(G_TT_NONE),
	gsSPEndDisplayList(),
};

Gfx mat_mario_mustache_v3_002[] = {
	gsSPLightColor(LIGHT_1, 0xFEC179FF),
	gsSPLightColor(LIGHT_2, 0x3F301EFF),
	gsDPPipeSync(),
	gsDPSetCombineLERP(TEXEL0, SHADE, TEXEL0_ALPHA, SHADE, 0, 0, 0, ENVIRONMENT, TEXEL0, SHADE, TEXEL0_ALPHA, SHADE, 0, 0, 0, ENVIRONMENT),
	gsDPSetAlphaDither(G_AD_NOISE),
	gsSPTexture(65535, 65535, 0, 0, 1),
	gsDPSetTextureImage(G_IM_FMT_IA, G_IM_SIZ_16b_LOAD_BLOCK, 1, mario_SM64_Luigi_Stache_ia16_copy),
	gsDPSetTile(G_IM_FMT_IA, G_IM_SIZ_16b_LOAD_BLOCK, 0, 0, 7, 0, G_TX_WRAP | G_TX_NOMIRROR, 0, 0, G_TX_WRAP | G_TX_NOMIRROR, 0, 0),
	gsDPLoadBlock(7, 0, 0, 1023, 256),
	gsDPSetTile(G_IM_FMT_IA, G_IM_SIZ_16b, 8, 0, 0, 0, G_TX_CLAMP | G_TX_NOMIRROR, 5, 0, G_TX_CLAMP | G_TX_NOMIRROR, 5, 0),
	gsDPSetTileSize(0, 0, 0, 124, 124),
	gsSPEndDisplayList(),
};

Gfx mat_revert_mario_mustache_v3_002[] = {
	gsDPPipeSync(),
	gsDPSetAlphaDither(G_AD_DISABLE),
	gsSPEndDisplayList(),
};

Gfx mat_mario_wing_2_v3_001[] = {
	gsSPClearGeometryMode(G_CULL_BACK),
	gsDPPipeSync(),
	gsDPSetCombineLERP(0, 0, 0, TEXEL0, TEXEL0, 0, ENVIRONMENT, 0, 0, 0, 0, TEXEL0, TEXEL0, 0, ENVIRONMENT, 0),
	gsDPSetAlphaDither(G_AD_NOISE),
	gsSPTexture(65535, 65535, 0, 0, 1),
	gsDPSetTextureImage(G_IM_FMT_IA, G_IM_SIZ_8b_LOAD_BLOCK, 1, mario_wing_2_ia8),
	gsDPSetTile(G_IM_FMT_IA, G_IM_SIZ_8b_LOAD_BLOCK, 0, 0, 7, 0, G_TX_WRAP | G_TX_NOMIRROR, 0, 0, G_TX_WRAP | G_TX_NOMIRROR, 0, 0),
	gsDPLoadBlock(7, 0, 0, 1023, 512),
	gsDPSetTile(G_IM_FMT_IA, G_IM_SIZ_8b, 4, 0, 0, 0, G_TX_WRAP | G_TX_NOMIRROR, 6, 0, G_TX_CLAMP | G_TX_NOMIRROR, 5, 0),
	gsDPSetTileSize(0, 0, 0, 124, 252),
	gsSPEndDisplayList(),
};

Gfx mat_revert_mario_wing_2_v3_001[] = {
	gsSPSetGeometryMode(G_CULL_BACK),
	gsDPPipeSync(),
	gsDPSetAlphaDither(G_AD_DISABLE),
	gsSPEndDisplayList(),
};

Gfx mat_mario_wing_1_v3_001[] = {
	gsSPClearGeometryMode(G_CULL_BACK),
	gsDPPipeSync(),
	gsDPSetCombineLERP(0, 0, 0, TEXEL0, TEXEL0, 0, ENVIRONMENT, 0, 0, 0, 0, TEXEL0, TEXEL0, 0, ENVIRONMENT, 0),
	gsDPSetAlphaDither(G_AD_NOISE),
	gsSPTexture(65535, 65535, 0, 0, 1),
	gsDPSetTextureImage(G_IM_FMT_IA, G_IM_SIZ_8b_LOAD_BLOCK, 1, mario_wing1_ia8),
	gsDPSetTile(G_IM_FMT_IA, G_IM_SIZ_8b_LOAD_BLOCK, 0, 0, 7, 0, G_TX_WRAP | G_TX_NOMIRROR, 0, 0, G_TX_WRAP | G_TX_NOMIRROR, 0, 0),
	gsDPLoadBlock(7, 0, 0, 1023, 512),
	gsDPSetTile(G_IM_FMT_IA, G_IM_SIZ_8b, 4, 0, 0, 0, G_TX_WRAP | G_TX_NOMIRROR, 6, 0, G_TX_CLAMP | G_TX_NOMIRROR, 5, 0),
	gsDPSetTileSize(0, 0, 0, 124, 252),
	gsSPEndDisplayList(),
};

Gfx mat_revert_mario_wing_1_v3_001[] = {
	gsSPSetGeometryMode(G_CULL_BACK),
	gsDPPipeSync(),
	gsDPSetAlphaDither(G_AD_DISABLE),
	gsSPEndDisplayList(),
};

Gfx mat_mario_gloves_v3_001[] = {
	gsSPLightColor(LIGHT_1, 0xFFFFFFFF),
	gsSPLightColor(LIGHT_2, 0x7F7F7FFF),
	gsDPPipeSync(),
	gsDPSetCombineLERP(0, 0, 0, SHADE, 0, 0, 0, ENVIRONMENT, 0, 0, 0, SHADE, 0, 0, 0, ENVIRONMENT),
	gsDPSetAlphaDither(G_AD_NOISE),
	gsSPTexture(65535, 65535, 0, 0, 1),
	gsSPEndDisplayList(),
};

Gfx mat_revert_mario_gloves_v3_001[] = {
	gsDPPipeSync(),
	gsDPSetAlphaDither(G_AD_DISABLE),
	gsSPEndDisplayList(),
};

Gfx mat_mario_cap_inside[] = {
	gsSPLightColor(LIGHT_1, 0x087F00FF),
	gsSPLightColor(LIGHT_2, 0x000000FF),
	gsDPPipeSync(),
	gsDPSetCombineLERP(0, 0, 0, SHADE, 0, 0, 0, ENVIRONMENT, 0, 0, 0, SHADE, 0, 0, 0, ENVIRONMENT),
	gsDPSetAlphaDither(G_AD_NOISE),
	gsSPTexture(65535, 65535, 0, 0, 1),
	gsSPEndDisplayList(),
};

Gfx mat_revert_mario_cap_inside[] = {
	gsDPPipeSync(),
	gsDPSetAlphaDither(G_AD_DISABLE),
	gsSPEndDisplayList(),
};

Gfx mat_mario_shoes_v3_001[] = {
	gsSPLightColor(LIGHT_1, 0x721C0EFF),
	gsSPLightColor(LIGHT_2, 0x350803FF),
	gsDPPipeSync(),
	gsDPSetCombineLERP(0, 0, 0, SHADE, 0, 0, 0, ENVIRONMENT, 0, 0, 0, SHADE, 0, 0, 0, ENVIRONMENT),
	gsDPSetAlphaDither(G_AD_NOISE),
	gsSPTexture(65535, 65535, 0, 0, 1),
	gsSPEndDisplayList(),
};

Gfx mat_revert_mario_shoes_v3_001[] = {
	gsDPPipeSync(),
	gsDPSetAlphaDither(G_AD_DISABLE),
	gsSPEndDisplayList(),
};

Gfx mat_mario_face_1___eye_half_v3_001[] = {
	gsSPLightColor(LIGHT_1, 0xFEC179FF),
	gsSPLightColor(LIGHT_2, 0x7F5F39FF),
	gsDPPipeSync(),
	gsDPSetCombineLERP(TEXEL0, SHADE, TEXEL0_ALPHA, SHADE, 0, 0, 0, ENVIRONMENT, TEXEL0, SHADE, TEXEL0_ALPHA, SHADE, 0, 0, 0, ENVIRONMENT),
	gsDPSetAlphaDither(G_AD_NOISE),
	gsDPSetTextureLUT(G_TT_RGBA16),
	gsSPTexture(65535, 65535, 0, 0, 1),
	gsDPSetTextureImage(G_IM_FMT_RGBA, G_IM_SIZ_16b, 1, mario_mario_face_2_pal_rgba16),
	gsDPSetTile(0, 0, 0, 256, 5, 0, G_TX_WRAP | G_TX_NOMIRROR, 0, 0, G_TX_WRAP | G_TX_NOMIRROR, 0, 0),
	gsDPLoadTLUTCmd(5, 93),
	gsDPSetTextureImage(G_IM_FMT_CI, G_IM_SIZ_8b_LOAD_BLOCK, 1, mario_mario_face_2_ci8),
	gsDPSetTile(G_IM_FMT_CI, G_IM_SIZ_8b_LOAD_BLOCK, 0, 0, 7, 0, G_TX_WRAP | G_TX_NOMIRROR, 0, 0, G_TX_WRAP | G_TX_NOMIRROR, 0, 0),
	gsDPLoadBlock(7, 0, 0, 511, 512),
	gsDPSetTile(G_IM_FMT_CI, G_IM_SIZ_8b, 4, 0, 0, 0, G_TX_CLAMP | G_TX_NOMIRROR, 5, 0, G_TX_CLAMP | G_TX_NOMIRROR, 5, 0),
	gsDPSetTileSize(0, 0, 0, 124, 124),
	gsSPEndDisplayList(),
};

Gfx mat_revert_mario_face_1___eye_half_v3_001[] = {
	gsDPPipeSync(),
	gsDPSetAlphaDither(G_AD_DISABLE),
	gsDPSetTextureLUT(G_TT_NONE),
	gsSPEndDisplayList(),
};

Gfx mat_mario_face_2___eye_closed_v3_001[] = {
	gsSPLightColor(LIGHT_1, 0xFEC179FF),
	gsSPLightColor(LIGHT_2, 0x7F5F39FF),
	gsDPPipeSync(),
	gsDPSetCombineLERP(TEXEL0, SHADE, TEXEL0_ALPHA, SHADE, 0, 0, 0, ENVIRONMENT, TEXEL0, SHADE, TEXEL0_ALPHA, SHADE, 0, 0, 0, ENVIRONMENT),
	gsDPSetAlphaDither(G_AD_NOISE),
	gsDPSetTextureLUT(G_TT_RGBA16),
	gsSPTexture(65535, 65535, 0, 0, 1),
	gsDPSetTextureImage(G_IM_FMT_RGBA, G_IM_SIZ_16b, 1, mario_mario_face_3_pal_rgba16),
	gsDPSetTile(0, 0, 0, 256, 5, 0, G_TX_WRAP | G_TX_NOMIRROR, 0, 0, G_TX_WRAP | G_TX_NOMIRROR, 0, 0),
	gsDPLoadTLUTCmd(5, 16),
	gsDPSetTextureImage(G_IM_FMT_CI, G_IM_SIZ_8b_LOAD_BLOCK, 1, mario_mario_face_3_ci8),
	gsDPSetTile(G_IM_FMT_CI, G_IM_SIZ_8b_LOAD_BLOCK, 0, 0, 7, 0, G_TX_WRAP | G_TX_NOMIRROR, 0, 0, G_TX_WRAP | G_TX_NOMIRROR, 0, 0),
	gsDPLoadBlock(7, 0, 0, 511, 512),
	gsDPSetTile(G_IM_FMT_CI, G_IM_SIZ_8b, 4, 0, 0, 0, G_TX_CLAMP | G_TX_NOMIRROR, 5, 0, G_TX_CLAMP | G_TX_NOMIRROR, 5, 0),
	gsDPSetTileSize(0, 0, 0, 124, 124),
	gsSPEndDisplayList(),
};

Gfx mat_revert_mario_face_2___eye_closed_v3_001[] = {
	gsDPPipeSync(),
	gsDPSetAlphaDither(G_AD_DISABLE),
	gsDPSetTextureLUT(G_TT_NONE),
	gsSPEndDisplayList(),
};

Gfx mat_mario_face_7___eye_X_v3_001[] = {
	gsSPLightColor(LIGHT_1, 0xFEC179FF),
	gsSPLightColor(LIGHT_2, 0x7F5F39FF),
	gsDPPipeSync(),
	gsDPSetCombineLERP(TEXEL0, SHADE, TEXEL0_ALPHA, SHADE, 0, 0, 0, ENVIRONMENT, TEXEL0, SHADE, TEXEL0_ALPHA, SHADE, 0, 0, 0, ENVIRONMENT),
	gsDPSetAlphaDither(G_AD_NOISE),
	gsSPTexture(65535, 65535, 0, 0, 1),
	gsDPSetTextureImage(G_IM_FMT_IA, G_IM_SIZ_8b_LOAD_BLOCK, 1, mario_mario_face_4_ia8),
	gsDPSetTile(G_IM_FMT_IA, G_IM_SIZ_8b_LOAD_BLOCK, 0, 0, 7, 0, G_TX_WRAP | G_TX_NOMIRROR, 0, 0, G_TX_WRAP | G_TX_NOMIRROR, 0, 0),
	gsDPLoadBlock(7, 0, 0, 511, 512),
	gsDPSetTile(G_IM_FMT_IA, G_IM_SIZ_8b, 4, 0, 0, 0, G_TX_CLAMP | G_TX_NOMIRROR, 5, 0, G_TX_CLAMP | G_TX_NOMIRROR, 5, 0),
	gsDPSetTileSize(0, 0, 0, 124, 124),
	gsSPEndDisplayList(),
};

Gfx mat_revert_mario_face_7___eye_X_v3_001[] = {
	gsDPPipeSync(),
	gsDPSetAlphaDither(G_AD_DISABLE),
	gsSPEndDisplayList(),
};

Gfx mat_mario_metal_v3_001[] = {
	gsSPSetGeometryMode(G_TEXTURE_GEN),
	gsDPPipeSync(),
	gsDPSetCombineLERP(0, 0, 0, TEXEL0, 0, 0, 0, ENVIRONMENT, 0, 0, 0, TEXEL0, 0, 0, 0, ENVIRONMENT),
	gsDPSetAlphaDither(G_AD_NOISE),
	gsDPSetTextureLUT(G_TT_RGBA16),
	gsSPTexture(4032, 1984, 0, 0, 1),
	gsDPSetTextureImage(G_IM_FMT_RGBA, G_IM_SIZ_16b, 1, mario_mario_metal_rgba16_tint_pal_rgba16),
	gsDPSetTile(0, 0, 0, 256, 5, 0, G_TX_WRAP | G_TX_NOMIRROR, 0, 0, G_TX_WRAP | G_TX_NOMIRROR, 0, 0),
	gsDPLoadTLUTCmd(5, 41),
	gsDPSetTextureImage(G_IM_FMT_CI, G_IM_SIZ_8b_LOAD_BLOCK, 1, mario_mario_metal_rgba16_tint_ci8),
	gsDPSetTile(G_IM_FMT_CI, G_IM_SIZ_8b_LOAD_BLOCK, 0, 0, 7, 0, G_TX_WRAP | G_TX_NOMIRROR, 0, 0, G_TX_WRAP | G_TX_NOMIRROR, 0, 0),
	gsDPLoadBlock(7, 0, 0, 1023, 256),
	gsDPSetTile(G_IM_FMT_CI, G_IM_SIZ_8b, 8, 0, 0, 0, G_TX_WRAP | G_TX_NOMIRROR, 5, 0, G_TX_WRAP | G_TX_NOMIRROR, 6, 0),
	gsDPSetTileSize(0, 0, 0, 252, 124),
	gsSPEndDisplayList(),
};

Gfx mat_revert_mario_metal_v3_001[] = {
	gsSPClearGeometryMode(G_TEXTURE_GEN),
	gsDPPipeSync(),
	gsDPSetAlphaDither(G_AD_DISABLE),
	gsDPSetTextureLUT(G_TT_NONE),
	gsSPEndDisplayList(),
};

Gfx mario_000_offset_mesh_layer_1[] = {
	gsSPDisplayList(mat_mario_body_v3),
	gsSPDisplayList(mario_000_offset_mesh_layer_1_tri_0),
	gsSPDisplayList(mat_revert_mario_body_v3),
	gsSPEndDisplayList(),
};

Gfx mario_000_offset_mesh_layer_1_opt_2[] = {
	gsSPDisplayList(mat_mario_metal_v3_001),
	gsSPDisplayList(mario_000_offset_mesh_layer_1_tri_0),
	gsSPDisplayList(mat_revert_mario_metal_v3_001),
	gsSPEndDisplayList(),
};

Gfx mario_000_offset_001_mesh_layer_1[] = {
	gsSPDisplayList(mat_mario_body_v3),
	gsSPDisplayList(mario_000_offset_001_mesh_layer_1_tri_0),
	gsSPDisplayList(mat_revert_mario_body_v3),
	gsSPDisplayList(mat_mario_cap_v3),
	gsSPDisplayList(mario_000_offset_001_mesh_layer_1_tri_1),
	gsSPDisplayList(mat_revert_mario_cap_v3),
	gsSPEndDisplayList(),
};

Gfx mario_000_offset_001_mesh_layer_1_opt_2[] = {
	gsSPDisplayList(mat_mario_metal_v3_001),
	gsSPDisplayList(mario_000_offset_001_mesh_layer_1_tri_0),
	gsSPDisplayList(mario_000_offset_001_mesh_layer_1_tri_1),
	gsSPDisplayList(mat_revert_mario_metal_v3_001),
	gsSPEndDisplayList(),
};

Gfx mario_000_displaylist_mesh_layer_1[] = {
	gsSPDisplayList(mat_mario_hair_v3_001),
	gsSPDisplayList(mario_000_displaylist_mesh_layer_1_tri_0),
	gsSPDisplayList(mat_revert_mario_hair_v3_001),
	gsSPDisplayList(mat_mario_face_0___eye_open_v3_001),
	gsSPDisplayList(mario_000_displaylist_mesh_layer_1_tri_1),
	gsSPDisplayList(mat_revert_mario_face_0___eye_open_v3_001),
	gsSPDisplayList(mat_mario_cap_v3),
	gsSPDisplayList(mario_000_displaylist_mesh_layer_1_tri_2),
	gsSPDisplayList(mat_revert_mario_cap_v3),
	gsSPDisplayList(mat_mario_mustache_v3_001),
	gsSPDisplayList(mario_000_displaylist_mesh_layer_1_tri_3),
	gsSPDisplayList(mat_revert_mario_mustache_v3_001),
	gsSPDisplayList(mat_mario_sideburns_v3_001),
	gsSPDisplayList(mario_000_displaylist_mesh_layer_1_tri_4),
	gsSPDisplayList(mat_revert_mario_sideburns_v3_001),
	gsSPEndDisplayList(),
};

Gfx mario_000_displaylist_mesh_layer_1_opt_1[] = {
	gsSPDisplayList(mat_mario_hair_v3_001),
	gsSPDisplayList(mario_000_displaylist_mesh_layer_1_tri_0),
	gsSPDisplayList(mat_revert_mario_hair_v3_001),
	gsSPDisplayList(mat_mario_face_1___eye_half_v3_001),
	gsSPDisplayList(mario_000_displaylist_mesh_layer_1_tri_1),
	gsSPDisplayList(mat_revert_mario_face_1___eye_half_v3_001),
	gsSPDisplayList(mat_mario_cap_v3),
	gsSPDisplayList(mario_000_displaylist_mesh_layer_1_tri_2),
	gsSPDisplayList(mat_revert_mario_cap_v3),
	gsSPDisplayList(mat_mario_mustache_v3_001),
	gsSPDisplayList(mario_000_displaylist_mesh_layer_1_tri_3),
	gsSPDisplayList(mat_revert_mario_mustache_v3_001),
	gsSPDisplayList(mat_mario_sideburns_v3_001),
	gsSPDisplayList(mario_000_displaylist_mesh_layer_1_tri_4),
	gsSPDisplayList(mat_revert_mario_sideburns_v3_001),
	gsSPEndDisplayList(),
};

Gfx mario_000_displaylist_mesh_layer_1_opt_2[] = {
	gsSPDisplayList(mat_mario_hair_v3_001),
	gsSPDisplayList(mario_000_displaylist_mesh_layer_1_tri_0),
	gsSPDisplayList(mat_revert_mario_hair_v3_001),
	gsSPDisplayList(mat_mario_face_2___eye_closed_v3_001),
	gsSPDisplayList(mario_000_displaylist_mesh_layer_1_tri_1),
	gsSPDisplayList(mat_revert_mario_face_2___eye_closed_v3_001),
	gsSPDisplayList(mat_mario_cap_v3),
	gsSPDisplayList(mario_000_displaylist_mesh_layer_1_tri_2),
	gsSPDisplayList(mat_revert_mario_cap_v3),
	gsSPDisplayList(mat_mario_mustache_v3_001),
	gsSPDisplayList(mario_000_displaylist_mesh_layer_1_tri_3),
	gsSPDisplayList(mat_revert_mario_mustache_v3_001),
	gsSPDisplayList(mat_mario_sideburns_v3_001),
	gsSPDisplayList(mario_000_displaylist_mesh_layer_1_tri_4),
	gsSPDisplayList(mat_revert_mario_sideburns_v3_001),
	gsSPEndDisplayList(),
};

Gfx mario_000_displaylist_mesh_layer_1_opt_7[] = {
	gsSPDisplayList(mat_mario_hair_v3_001),
	gsSPDisplayList(mario_000_displaylist_mesh_layer_1_tri_0),
	gsSPDisplayList(mat_revert_mario_hair_v3_001),
	gsSPDisplayList(mat_mario_face_7___eye_X_v3_001),
	gsSPDisplayList(mario_000_displaylist_mesh_layer_1_tri_1),
	gsSPDisplayList(mat_revert_mario_face_7___eye_X_v3_001),
	gsSPDisplayList(mat_mario_cap_v3),
	gsSPDisplayList(mario_000_displaylist_mesh_layer_1_tri_2),
	gsSPDisplayList(mat_revert_mario_cap_v3),
	gsSPDisplayList(mat_mario_mustache_v3_001),
	gsSPDisplayList(mario_000_displaylist_mesh_layer_1_tri_3),
	gsSPDisplayList(mat_revert_mario_mustache_v3_001),
	gsSPDisplayList(mat_mario_sideburns_v3_001),
	gsSPDisplayList(mario_000_displaylist_mesh_layer_1_tri_4),
	gsSPDisplayList(mat_revert_mario_sideburns_v3_001),
	gsSPEndDisplayList(),
};

Gfx mario_000_displaylist_mesh_layer_1_opt_2_0[] = {
	gsSPDisplayList(mat_mario_metal_v3_001),
	gsSPDisplayList(mario_000_displaylist_mesh_layer_1_tri_0),
	gsSPDisplayList(mario_000_displaylist_mesh_layer_1_tri_1),
	gsSPDisplayList(mario_000_displaylist_mesh_layer_1_tri_2),
	gsSPDisplayList(mario_000_displaylist_mesh_layer_1_tri_3),
	gsSPDisplayList(mario_000_displaylist_mesh_layer_1_tri_4),
	gsSPDisplayList(mat_revert_mario_metal_v3_001),
	gsSPEndDisplayList(),
};

Gfx mario_002_switch_option_head__no_cap__mesh_layer_1[] = {
	gsSPDisplayList(mat_mario_hair_v3_002),
	gsSPDisplayList(mario_002_switch_option_head__no_cap__mesh_layer_1_tri_0),
	gsSPDisplayList(mat_revert_mario_hair_v3_002),
	gsSPDisplayList(mat_mario_face_0___eye_open_v3_002),
	gsSPDisplayList(mario_002_switch_option_head__no_cap__mesh_layer_1_tri_1),
	gsSPDisplayList(mat_revert_mario_face_0___eye_open_v3_002),
	gsSPDisplayList(mat_mario_sideburns_v3_002),
	gsSPDisplayList(mario_002_switch_option_head__no_cap__mesh_layer_1_tri_2),
	gsSPDisplayList(mat_revert_mario_sideburns_v3_002),
	gsSPDisplayList(mat_mario_mustache_v3_002),
	gsSPDisplayList(mario_002_switch_option_head__no_cap__mesh_layer_1_tri_3),
	gsSPDisplayList(mat_revert_mario_mustache_v3_002),
	gsSPEndDisplayList(),
};

Gfx mario_002_switch_option_head__no_cap__mesh_layer_1_opt_2[] = {
	gsSPDisplayList(mat_mario_metal_v3_001),
	gsSPDisplayList(mario_002_switch_option_head__no_cap__mesh_layer_1_tri_0),
	gsSPDisplayList(mario_002_switch_option_head__no_cap__mesh_layer_1_tri_1),
	gsSPDisplayList(mario_002_switch_option_head__no_cap__mesh_layer_1_tri_2),
	gsSPDisplayList(mario_002_switch_option_head__no_cap__mesh_layer_1_tri_3),
	gsSPDisplayList(mat_revert_mario_metal_v3_001),
	gsSPEndDisplayList(),
};

Gfx mario_000_displaylist_001_mesh_layer_4[] = {
	gsSPDisplayList(mat_mario_wing_2_v3_001),
	gsSPDisplayList(mario_000_displaylist_001_mesh_layer_4_tri_0),
	gsSPDisplayList(mat_revert_mario_wing_2_v3_001),
	gsSPDisplayList(mat_mario_wing_1_v3_001),
	gsSPDisplayList(mario_000_displaylist_001_mesh_layer_4_tri_1),
	gsSPDisplayList(mat_revert_mario_wing_1_v3_001),
	gsSPEndDisplayList(),
};

Gfx mario_000_displaylist_002_mesh_layer_4[] = {
	gsSPDisplayList(mat_mario_wing_2_v3_001),
	gsSPDisplayList(mario_000_displaylist_002_mesh_layer_4_tri_0),
	gsSPDisplayList(mat_revert_mario_wing_2_v3_001),
	gsSPDisplayList(mat_mario_wing_1_v3_001),
	gsSPDisplayList(mario_000_displaylist_002_mesh_layer_4_tri_1),
	gsSPDisplayList(mat_revert_mario_wing_1_v3_001),
	gsSPEndDisplayList(),
};

Gfx mario_000_offset_003_mesh_layer_1[] = {
	gsSPDisplayList(mat_mario_cap_v3),
	gsSPDisplayList(mario_000_offset_003_mesh_layer_1_tri_0),
	gsSPDisplayList(mat_revert_mario_cap_v3),
	gsSPEndDisplayList(),
};

Gfx mario_000_offset_003_mesh_layer_1_opt_2[] = {
	gsSPDisplayList(mat_mario_metal_v3_001),
	gsSPDisplayList(mario_000_offset_003_mesh_layer_1_tri_0),
	gsSPDisplayList(mat_revert_mario_metal_v3_001),
	gsSPEndDisplayList(),
};

Gfx mario_000_offset_004_mesh_layer_1[] = {
	gsSPDisplayList(mat_mario_cap_v3),
	gsSPDisplayList(mario_000_offset_004_mesh_layer_1_tri_0),
	gsSPDisplayList(mat_revert_mario_cap_v3),
	gsSPEndDisplayList(),
};

Gfx mario_000_offset_004_mesh_layer_1_opt_2[] = {
	gsSPDisplayList(mat_mario_metal_v3_001),
	gsSPDisplayList(mario_000_offset_004_mesh_layer_1_tri_0),
	gsSPDisplayList(mat_revert_mario_metal_v3_001),
	gsSPEndDisplayList(),
};

Gfx mario_000_displaylist_003_mesh_layer_1[] = {
	gsSPDisplayList(mat_mario_gloves_v3_001),
	gsSPDisplayList(mario_000_displaylist_003_mesh_layer_1_tri_0),
	gsSPDisplayList(mat_revert_mario_gloves_v3_001),
	gsSPEndDisplayList(),
};

Gfx mario_000_displaylist_003_mesh_layer_1_opt_2[] = {
	gsSPDisplayList(mat_mario_metal_v3_001),
	gsSPDisplayList(mario_000_displaylist_003_mesh_layer_1_tri_0),
	gsSPDisplayList(mat_revert_mario_metal_v3_001),
	gsSPEndDisplayList(),
};

Gfx mario_002_switch_option_right_hand_open_mesh_layer_1[] = {
	gsSPDisplayList(mat_mario_gloves_v3_001),
	gsSPDisplayList(mario_002_switch_option_right_hand_open_mesh_layer_1_tri_0),
	gsSPDisplayList(mat_revert_mario_gloves_v3_001),
	gsSPEndDisplayList(),
};

Gfx mario_002_switch_option_right_hand_open_mesh_layer_1_opt_2[] = {
	gsSPDisplayList(mat_mario_metal_v3_001),
	gsSPDisplayList(mario_002_switch_option_right_hand_open_mesh_layer_1_tri_0),
	gsSPDisplayList(mat_revert_mario_metal_v3_001),
	gsSPEndDisplayList(),
};

Gfx mario_000_offset_006_mesh_layer_1[] = {
	gsSPDisplayList(mat_mario_cap_v3),
	gsSPDisplayList(mario_000_offset_006_mesh_layer_1_tri_0),
	gsSPDisplayList(mat_revert_mario_cap_v3),
	gsSPEndDisplayList(),
};

Gfx mario_000_offset_006_mesh_layer_1_opt_2[] = {
	gsSPDisplayList(mat_mario_metal_v3_001),
	gsSPDisplayList(mario_000_offset_006_mesh_layer_1_tri_0),
	gsSPDisplayList(mat_revert_mario_metal_v3_001),
	gsSPEndDisplayList(),
};

Gfx mario_000_offset_007_mesh_layer_1[] = {
	gsSPDisplayList(mat_mario_cap_v3),
	gsSPDisplayList(mario_000_offset_007_mesh_layer_1_tri_0),
	gsSPDisplayList(mat_revert_mario_cap_v3),
	gsSPEndDisplayList(),
};

Gfx mario_000_offset_007_mesh_layer_1_opt_2[] = {
	gsSPDisplayList(mat_mario_metal_v3_001),
	gsSPDisplayList(mario_000_offset_007_mesh_layer_1_tri_0),
	gsSPDisplayList(mat_revert_mario_metal_v3_001),
	gsSPEndDisplayList(),
};

Gfx mario_000_displaylist_004_mesh_layer_1[] = {
	gsSPDisplayList(mat_mario_gloves_v3_001),
	gsSPDisplayList(mario_000_displaylist_004_mesh_layer_1_tri_0),
	gsSPDisplayList(mat_revert_mario_gloves_v3_001),
	gsSPEndDisplayList(),
};

Gfx mario_000_displaylist_004_mesh_layer_1_opt_2[] = {
	gsSPDisplayList(mat_mario_metal_v3_001),
	gsSPDisplayList(mario_000_displaylist_004_mesh_layer_1_tri_0),
	gsSPDisplayList(mat_revert_mario_metal_v3_001),
	gsSPEndDisplayList(),
};

Gfx mario_002_switch_option_left_hand_open_mesh_layer_1[] = {
	gsSPDisplayList(mat_mario_gloves_v3_001),
	gsSPDisplayList(mario_002_switch_option_left_hand_open_mesh_layer_1_tri_0),
	gsSPDisplayList(mat_revert_mario_gloves_v3_001),
	gsSPEndDisplayList(),
};

Gfx mario_002_switch_option_left_hand_open_mesh_layer_1_opt_2[] = {
	gsSPDisplayList(mat_mario_metal_v3_001),
	gsSPDisplayList(mario_002_switch_option_left_hand_open_mesh_layer_1_tri_0),
	gsSPDisplayList(mat_revert_mario_metal_v3_001),
	gsSPEndDisplayList(),
};

Gfx mario_004_switch_option_left_hand_peace_mesh_layer_1[] = {
	gsSPDisplayList(mat_mario_gloves_v3_001),
	gsSPDisplayList(mario_004_switch_option_left_hand_peace_mesh_layer_1_tri_0),
	gsSPDisplayList(mat_revert_mario_gloves_v3_001),
	gsSPEndDisplayList(),
};

Gfx mario_004_switch_option_left_hand_peace_mesh_layer_1_opt_2[] = {
	gsSPDisplayList(mat_mario_metal_v3_001),
	gsSPDisplayList(mario_004_switch_option_left_hand_peace_mesh_layer_1_tri_0),
	gsSPDisplayList(mat_revert_mario_metal_v3_001),
	gsSPEndDisplayList(),
};

Gfx mario_005_switch_option_left_hand_cap_mesh_layer_1[] = {
	gsSPDisplayList(mat_mario_cap_v3),
	gsSPDisplayList(mario_005_switch_option_left_hand_cap_mesh_layer_1_tri_0),
	gsSPDisplayList(mat_revert_mario_cap_v3),
	gsSPDisplayList(mat_mario_cap_inside),
	gsSPDisplayList(mario_005_switch_option_left_hand_cap_mesh_layer_1_tri_1),
	gsSPDisplayList(mat_revert_mario_cap_inside),
	gsSPDisplayList(mat_mario_gloves_v3_001),
	gsSPDisplayList(mario_005_switch_option_left_hand_cap_mesh_layer_1_tri_2),
	gsSPDisplayList(mat_revert_mario_gloves_v3_001),
	gsSPEndDisplayList(),
};

Gfx mario_005_switch_option_left_hand_cap_mesh_layer_1_opt_2[] = {
	gsSPDisplayList(mat_mario_metal_v3_001),
	gsSPDisplayList(mario_005_switch_option_left_hand_cap_mesh_layer_1_tri_0),
	gsSPDisplayList(mario_005_switch_option_left_hand_cap_mesh_layer_1_tri_1),
	gsSPDisplayList(mario_005_switch_option_left_hand_cap_mesh_layer_1_tri_2),
	gsSPDisplayList(mat_revert_mario_metal_v3_001),
	gsSPEndDisplayList(),
};

Gfx mario_006_switch_option_left_hand_wing_cap_mesh_layer_1[] = {
	gsSPDisplayList(mat_mario_cap_v3),
	gsSPDisplayList(mario_006_switch_option_left_hand_wing_cap_mesh_layer_1_tri_0),
	gsSPDisplayList(mat_revert_mario_cap_v3),
	gsSPDisplayList(mat_mario_cap_inside),
	gsSPDisplayList(mario_006_switch_option_left_hand_wing_cap_mesh_layer_1_tri_1),
	gsSPDisplayList(mat_revert_mario_cap_inside),
	gsSPDisplayList(mat_mario_gloves_v3_001),
	gsSPDisplayList(mario_006_switch_option_left_hand_wing_cap_mesh_layer_1_tri_2),
	gsSPDisplayList(mat_revert_mario_gloves_v3_001),
	gsSPEndDisplayList(),
};

Gfx mario_006_switch_option_left_hand_wing_cap_mesh_layer_1_opt_2[] = {
	gsSPDisplayList(mat_mario_metal_v3_001),
	gsSPDisplayList(mario_006_switch_option_left_hand_wing_cap_mesh_layer_1_tri_0),
	gsSPDisplayList(mario_006_switch_option_left_hand_wing_cap_mesh_layer_1_tri_1),
	gsSPDisplayList(mario_006_switch_option_left_hand_wing_cap_mesh_layer_1_tri_2),
	gsSPDisplayList(mat_revert_mario_metal_v3_001),
	gsSPEndDisplayList(),
};

Gfx mario_006_switch_option_left_hand_wing_cap_wings_mesh_layer_4[] = {
	gsSPDisplayList(mat_mario_wing_2_v3_001),
	gsSPDisplayList(mario_006_switch_option_left_hand_wing_cap_wings_mesh_layer_4_tri_0),
	gsSPDisplayList(mat_revert_mario_wing_2_v3_001),
	gsSPDisplayList(mat_mario_wing_1_v3_001),
	gsSPDisplayList(mario_006_switch_option_left_hand_wing_cap_wings_mesh_layer_4_tri_1),
	gsSPDisplayList(mat_revert_mario_wing_1_v3_001),
	gsSPEndDisplayList(),
};

Gfx mario_006_switch_option_left_hand_wing_cap_wings_mesh_layer_4_with_layer_4_revert[] = {
	gsSPDisplayList(mat_mario_wing_2_v3_001),
	gsSPDisplayList(mario_006_switch_option_left_hand_wing_cap_wings_mesh_layer_4_tri_0),
	gsSPDisplayList(mat_revert_mario_wing_2_v3_001),
	gsSPDisplayList(mat_mario_wing_1_v3_001),
	gsSPDisplayList(mario_006_switch_option_left_hand_wing_cap_wings_mesh_layer_4_tri_1),
	gsSPDisplayList(mat_revert_mario_wing_1_v3_001),
	gsDPPipeSync(),
	gsSPSetGeometryMode(G_LIGHTING),
	gsSPClearGeometryMode(G_TEXTURE_GEN),
	gsDPSetCombineLERP(0, 0, 0, SHADE, 0, 0, 0, ENVIRONMENT, 0, 0, 0, SHADE, 0, 0, 0, ENVIRONMENT),
	gsSPTexture(65535, 65535, 0, 0, 0),
	gsDPSetEnvColor(255, 255, 255, 255),
	gsDPSetAlphaCompare(G_AC_NONE),
	gsSPEndDisplayList(),
};

Gfx mario_000_offset_009_mesh_layer_1[] = {
	gsSPDisplayList(mat_mario_body_v3),
	gsSPDisplayList(mario_000_offset_009_mesh_layer_1_tri_0),
	gsSPDisplayList(mat_revert_mario_body_v3),
	gsSPEndDisplayList(),
};

Gfx mario_000_offset_009_mesh_layer_1_opt_2[] = {
	gsSPDisplayList(mat_mario_metal_v3_001),
	gsSPDisplayList(mario_000_offset_009_mesh_layer_1_tri_0),
	gsSPDisplayList(mat_revert_mario_metal_v3_001),
	gsSPEndDisplayList(),
};

Gfx mario_000_offset_010_mesh_layer_1[] = {
	gsSPDisplayList(mat_mario_body_v3),
	gsSPDisplayList(mario_000_offset_010_mesh_layer_1_tri_0),
	gsSPDisplayList(mat_revert_mario_body_v3),
	gsSPEndDisplayList(),
};

Gfx mario_000_offset_010_mesh_layer_1_opt_2[] = {
	gsSPDisplayList(mat_mario_metal_v3_001),
	gsSPDisplayList(mario_000_offset_010_mesh_layer_1_tri_0),
	gsSPDisplayList(mat_revert_mario_metal_v3_001),
	gsSPEndDisplayList(),
};

Gfx mario_000_offset_011_mesh_layer_1[] = {
	gsSPDisplayList(mat_mario_shoes_v3_001),
	gsSPDisplayList(mario_000_offset_011_mesh_layer_1_tri_0),
	gsSPDisplayList(mat_revert_mario_shoes_v3_001),
	gsSPEndDisplayList(),
};

Gfx mario_000_offset_011_mesh_layer_1_opt_2[] = {
	gsSPDisplayList(mat_mario_metal_v3_001),
	gsSPDisplayList(mario_000_offset_011_mesh_layer_1_tri_0),
	gsSPDisplayList(mat_revert_mario_metal_v3_001),
	gsSPEndDisplayList(),
};

Gfx mario_000_offset_012_mesh_layer_1[] = {
	gsSPDisplayList(mat_mario_body_v3),
	gsSPDisplayList(mario_000_offset_012_mesh_layer_1_tri_0),
	gsSPDisplayList(mat_revert_mario_body_v3),
	gsSPEndDisplayList(),
};

Gfx mario_000_offset_012_mesh_layer_1_opt_2[] = {
	gsSPDisplayList(mat_mario_metal_v3_001),
	gsSPDisplayList(mario_000_offset_012_mesh_layer_1_tri_0),
	gsSPDisplayList(mat_revert_mario_metal_v3_001),
	gsSPEndDisplayList(),
};

Gfx mario_000_offset_013_mesh_layer_1[] = {
	gsSPDisplayList(mat_mario_body_v3),
	gsSPDisplayList(mario_000_offset_013_mesh_layer_1_tri_0),
	gsSPDisplayList(mat_revert_mario_body_v3),
	gsSPEndDisplayList(),
};

Gfx mario_000_offset_013_mesh_layer_1_opt_2[] = {
	gsSPDisplayList(mat_mario_metal_v3_001),
	gsSPDisplayList(mario_000_offset_013_mesh_layer_1_tri_0),
	gsSPDisplayList(mat_revert_mario_metal_v3_001),
	gsSPEndDisplayList(),
};

Gfx mario_000_displaylist_005_mesh_layer_1_with_layer_1_revert[] = {
	gsSPDisplayList(mat_mario_shoes_v3_001),
	gsSPDisplayList(mario_000_displaylist_005_mesh_layer_1_tri_0),
	gsSPDisplayList(mat_revert_mario_shoes_v3_001),
	gsDPPipeSync(),
	gsSPSetGeometryMode(G_LIGHTING),
	gsSPClearGeometryMode(G_TEXTURE_GEN),
	gsDPSetCombineLERP(0, 0, 0, SHADE, 0, 0, 0, ENVIRONMENT, 0, 0, 0, SHADE, 0, 0, 0, ENVIRONMENT),
	gsSPTexture(65535, 65535, 0, 0, 0),
	gsDPSetEnvColor(255, 255, 255, 255),
	gsDPSetAlphaCompare(G_AC_NONE),
	gsSPEndDisplayList(),
};

Gfx mario_000_displaylist_005_mesh_layer_1_opt_2_with_layer_1_revert[] = {
	gsSPDisplayList(mat_mario_metal_v3_001),
	gsSPDisplayList(mario_000_displaylist_005_mesh_layer_1_tri_0),
	gsSPDisplayList(mat_revert_mario_metal_v3_001),
	gsDPPipeSync(),
	gsSPSetGeometryMode(G_LIGHTING),
	gsSPClearGeometryMode(G_TEXTURE_GEN),
	gsDPSetCombineLERP(0, 0, 0, SHADE, 0, 0, 0, ENVIRONMENT, 0, 0, 0, SHADE, 0, 0, 0, ENVIRONMENT),
	gsSPTexture(65535, 65535, 0, 0, 0),
	gsDPSetEnvColor(255, 255, 255, 255),
	gsDPSetAlphaCompare(G_AC_NONE),
	gsSPEndDisplayList(),
};

Gfx mario_000_displaylist_005_mesh_layer_1_with_layer_5_revert[] = {
	gsSPDisplayList(mat_mario_shoes_v3_001),
	gsSPDisplayList(mario_000_displaylist_005_mesh_layer_1_tri_0),
	gsSPDisplayList(mat_revert_mario_shoes_v3_001),
	gsDPPipeSync(),
	gsSPSetGeometryMode(G_LIGHTING),
	gsSPClearGeometryMode(G_TEXTURE_GEN),
	gsDPSetCombineLERP(0, 0, 0, SHADE, 0, 0, 0, ENVIRONMENT, 0, 0, 0, SHADE, 0, 0, 0, ENVIRONMENT),
	gsSPTexture(65535, 65535, 0, 0, 0),
	gsDPSetEnvColor(255, 255, 255, 255),
	gsDPSetAlphaCompare(G_AC_NONE),
	gsSPEndDisplayList(),
};

